cbsa_code,metro_name,year,is_metro,basis,years_in_basis,suppressed_core,suppressed_detail,suppressed_cells,total_loans,loans_2unit,loans_3unit,loans_4unit,conventional_loans,fha_loans,va_loans,usda_loans,conventional_pct,fha_pct,va_pct,usda_pct,median_borrower_income,income_p25,income_p75,median_loan_amount,median_interest_rate,loans_with_income_reported,loans_with_rate_reported,investor_loans,business_purpose_loans,ltv_le80,ltv_80_90,ltv_90_95,ltv_95_97,ltv_gt97,ltv_na,ltv_conv_le80,ltv_conv_80_90,ltv_conv_90_95,ltv_conv_95_97,ltv_conv_gt97,ltv_conv_na,race_white,race_black_or_african_american,race_asian,race_american_indian_or_alaska_native,race_native_hawaiian_or_other_pacific_islander,race_two_or_more_minority_races,race_joint,race_not_available,race_free_form_text_only,eth_hispanic_or_latino,eth_not_hispanic_or_latino,eth_joint,eth_not_available,eth_free_form_text_only,sex_male,sex_female,sex_joint,sex_not_available,age_under25,age_25_34,age_35_44,age_45_54,age_55_64,age_65_74,age_over74,age_not_applicable
0,UNCLASSIFIED (NO CBSA CODE REPORTED),2018,FALSE,single_year,2018,TRUE,TRUE,14,185,164,16,,142,40,,0,76.8,21.6,1.6,0.0,72000,46750,100250,155000,4.875,184,88,435,0,24,,,13,,129,24,,,0,,107,162,10,,0,0,0,0,,0,22,138,,24,0,72,37,72,,13,55,29,33,28,16,,
0,UNCLASSIFIED (NO CBSA CODE REPORTED),2019,FALSE,single_year,2019,TRUE,TRUE,20,104,89,12,,93,10,,0,89.4,9.6,1.0,0.0,75000,48000,110000,145000,4.375,101,37,632,0,17,,,,,68,17,,,0,,67,90,,,,0,0,0,,0,,90,,,0,38,18,45,,,27,15,17,20,11,,
10180,ABILENE,2018,TRUE,three_year_total,2018,TRUE,TRUE,21,,,,0,,,,0,50.0,25.0,25.0,0.0,,,,,,,,28,0,,0,,,0,,,0,,0,0,0,,0,,0,0,0,0,0,0,0,,0,0,0,,0,,0,0,,0,0,0,,0,0
10180,ABILENE,2019,TRUE,three_year_total,"2018,2019",TRUE,TRUE,23,22,21,,0,12,,,0,54.5,9.1,36.4,0.0,,,,,,22,21,64,,,,,,,,,,,0,0,,20,0,,0,0,0,0,,0,,21,0,0,0,11,,10,0,0,,,,,,0,0
10180,ABILENE,2020,TRUE,three_year_total,"2018,2019,2020",TRUE,TRUE,21,32,31,,0,18,,11,0,56.2,9.4,34.4,0.0,,,,,,32,31,99,,10,,,,,,,,,0,0,,29,0,,0,0,0,0,,0,,30,0,0,0,15,,15,0,,10,,,,,0,0
10180,ABILENE,2021,TRUE,three_year_total,"2019,2020,2021",TRUE,TRUE,22,40,40,0,0,20,,15,0,50.0,12.5,37.5,0.0,,,,,,40,39,114,,11,,,,12,,10,,,0,0,,33,,,,0,0,0,,0,,35,0,,0,19,,16,,,,10,,,,0,0
10180,ABILENE,2022,TRUE,three_year_total,"2020,2021,2022",TRUE,TRUE,28,32,29,,,17,,10,0,53.1,15.6,31.2,0.0,,,,,,32,31,128,,11,,,,,,10,,,0,0,,22,,,,0,0,,,0,,22,,,0,10,,14,,,,,,,,0,0
10180,ABILENE,2023,TRUE,three_year_total,"2021,2022,2023",TRUE,TRUE,26,40,37,,,25,,,0,62.5,15.0,22.5,0.0,,,,,,39,38,121,0,13,,,,10,,13,,,0,,,26,,,,0,0,,,0,,24,,,0,10,,19,,,12,10,,,,0,0
10180,ABILENE,2024,TRUE,three_year_total,"2022,2023,2024",TRUE,TRUE,22,51,46,,,34,,13,0,66.7,7.8,25.5,0.0,,,,,,50,46,125,0,16,,,,12,10,16,,,0,,,33,,,0,0,0,,12,0,,28,,11,0,11,,26,,,15,12,,,,,0
10180,ABILENE,2025,TRUE,three_year_total,"2023,2024,2025",TRUE,TRUE,20,61,59,0,,39,,15,0,63.9,11.5,24.6,0.0,,,,,,60,57,121,0,16,,10,,13,10,15,,,0,,,39,,,0,0,0,,15,0,,36,,13,0,20,,27,,,22,15,,,,,0
10380,AGUADILLA,2018,TRUE,three_year_total,2018,TRUE,TRUE,21,20,19,,0,13,,0,0,65.0,35.0,0.0,0.0,,,,,,20,20,,0,,,0,,,,,,0,0,,,18,,0,0,0,0,0,,0,20,0,0,0,0,,10,,0,0,,,,,,0,0
10380,AGUADILLA,2019,TRUE,three_year_total,"2018,2019",TRUE,TRUE,14,56,50,,,25,28,,0,44.6,50.0,5.4,0.0,,,,,,56,56,15,0,15,,0,20,,,15,,0,0,,,53,,0,0,0,0,0,,0,54,,0,0,0,18,21,17,0,0,19,15,11,,,0,0
10380,AGUADILLA,2020,TRUE,three_year_total,"2018,2019,2020",TRUE,TRUE,13,91,77,11,,29,54,,0,31.9,59.3,8.8,0.0,,,,,,91,89,21,0,17,,0,39,13,14,16,,0,0,,,85,,0,0,0,0,0,,0,86,,,0,0,29,29,33,0,,32,25,16,11,,,0
10380,AGUADILLA,2021,TRUE,single_year,2021,TRUE,TRUE,19,62,49,10,,21,32,,0,33.9,51.6,14.5,0.0,45500,32500,68000,140000,3,62,61,13,0,10,,0,20,17,,,,0,0,,,54,,0,0,0,0,,,0,48,11,,,0,26,15,19,,,17,25,,,,,0
10380,AGUADILLA,2022,TRUE,single_year,2022,TRUE,TRUE,19,63,51,10,,28,32,,0,44.4,50.8,4.8,0.0,46000,30500,79000,125000,5.5,63,63,16,0,,11,,19,14,,,,,0,,,57,,0,0,0,0,,,0,55,,0,,0,25,16,22,0,,18,24,15,,,,0
10380,AGUADILLA,2023,TRUE,three_year_total,"2021,2022,2023",TRUE,TRUE,12,160,132,23,,65,79,16,0,40.6,49.4,10.0,0.0,,,,,,160,158,35,0,23,25,,45,49,17,21,22,,0,13,,143,,0,0,0,0,,10,0,134,21,,,0,65,38,54,,,48,60,28,15,,,0
10380,AGUADILLA,2024,TRUE,three_year_total,"2022,2023,2024",TRUE,TRUE,15,129,107,17,,53,66,10,0,41.1,51.2,7.8,0.0,,,,,,127,128,35,,18,19,,37,38,15,16,16,,0,10,,114,,0,0,0,0,,,0,112,13,0,,0,49,33,44,,,47,40,25,,,,
10380,AGUADILLA,2025,TRUE,three_year_total,"2023,2024,2025",TRUE,TRUE,18,102,87,12,,39,48,15,0,38.2,47.1,14.7,0.0,,,,,,100,101,27,,12,10,,26,35,12,11,,,0,,,91,,0,0,0,0,,,0,90,,0,,0,36,31,32,,,44,28,17,,,,
10420,AKRON,2018,TRUE,single_year,2018,TRUE,TRUE,14,115,100,11,,52,56,,0,45.2,48.7,6.1,0.0,59000,43000,73000,125000,4.75,115,103,137,0,20,23,10,32,14,16,18,20,,0,,,94,,,0,0,,,10,0,,98,,13,0,60,20,25,10,10,52,27,15,,,,0
10420,AKRON,2019,TRUE,single_year,2019,TRUE,TRUE,13,116,104,10,,62,50,,0,53.4,43.1,3.4,0.0,57000,42000,83250,130000,4.375,116,99,126,15,29,11,12,37,10,17,26,10,,0,,16,105,,,0,0,0,,,0,,109,0,,0,69,20,26,,24,50,15,10,12,,,0
10420,AKRON,2020,TRUE,single_year,2020,TRUE,TRUE,20,108,101,,,46,55,,0,42.6,50.9,6.5,0.0,60000,44000,75750,135000,3.183,108,98,148,,20,11,13,45,,13,20,,,0,0,,88,,,,0,0,,,0,,98,,,0,70,20,13,,23,49,16,,,,0,0
10420,AKRON,2021,TRUE,single_year,2021,TRUE,TRUE,13,140,122,12,,59,71,10,0,42.1,50.7,7.1,0.0,54000,42000,72000,165000,3.125,140,135,222,,30,26,,56,10,,30,23,,0,0,,110,11,,0,0,0,,16,0,,118,,17,0,82,32,20,,28,53,26,14,11,,,0
10420,AKRON,2022,TRUE,single_year,2022,TRUE,TRUE,13,112,106,,0,49,51,12,0,43.8,45.5,10.7,0.0,64000,47000,85500,190000,5.125,111,107,185,0,31,14,,40,11,,28,13,,0,,,83,14,,0,0,0,,11,0,,101,0,10,0,64,33,13,,21,42,22,12,,,,0
10420,AKRON,2023,TRUE,single_year,2023,TRUE,TRUE,18,83,74,,,39,41,,0,47.0,49.4,3.6,0.0,73500,49250,99500,185000,6.75,82,82,165,0,22,,10,31,11,,21,,,0,,,52,,,0,0,,,17,0,,62,0,18,0,40,22,17,,25,34,13,,,,0,0
10420,AKRON,2024,TRUE,single_year,2024,TRUE,TRUE,13,101,89,10,,77,21,,0,76.2,20.8,3.0,0.0,79000,57000,111000,195000,6.625,101,90,164,,23,14,27,17,,13,21,14,27,,,11,78,10,,0,0,0,0,,0,,87,0,,0,54,25,17,,21,37,18,12,,,0,0
10420,AKRON,2025,TRUE,single_year,2025,TRUE,TRUE,21,76,67,,,51,18,,0,67.1,23.7,9.2,0.0,81000,60250,111000,215000,6.625,74,72,186,,16,10,22,14,,,15,,21,,,,56,,,,0,,0,,0,,60,,13,0,40,20,11,,12,23,21,,11,,,0
10500,ALBANY,2018,TRUE,three_year_total,2018,TRUE,TRUE,10,,,0,0,0,,0,0,0.0,100.0,0.0,0.0,,,,,,,,23,0,0,0,0,,0,0,0,0,0,0,0,0,0,,0,0,0,0,0,0,0,0,,0,0,0,,0,0,0,0,0,0,,0,0,0,0
10500,ALBANY,2019,TRUE,three_year_total,"2018,2019",TRUE,TRUE,25,,,0,,,,,0,28.6,57.1,14.3,0.0,,,,,,,,70,0,0,,0,,,,0,,0,0,0,,,,0,0,0,0,0,0,0,0,,,0,0,,,,0,0,,,,,0,0,0
10500,ALBANY,2020,TRUE,three_year_total,"2018,2019,2020",TRUE,TRUE,24,22,17,0,,,10,,0,40.9,45.5,13.6,0.0,,,,,,22,20,99,0,0,,,,,,0,,0,0,0,,,12,,0,0,0,0,,0,0,17,,,0,11,,,,,,,,,,0,0
10500,ALBANY,2021,TRUE,three_year_total,"2019,2020,2021",TRUE,TRUE,22,34,26,,,14,15,,0,41.2,44.1,14.7,0.0,,,,,,34,31,115,0,0,,,14,,,0,,0,,0,,11,18,,0,0,0,0,,0,,27,,,0,14,15,,,,,10,,,,0,0
10500,ALBANY,2022,TRUE,three_year_total,"2020,2021,2022",TRUE,TRUE,22,37,27,,,16,16,,0,43.2,43.2,13.5,0.0,,,,,,37,34,119,0,,,,13,,,,,0,,0,,10,17,,0,0,0,0,,0,,26,0,,0,19,12,,,,,10,12,,,0,0
10500,ALBANY,2023,TRUE,three_year_total,"2021,2022,2023",TRUE,TRUE,26,27,18,,,11,12,,0,40.7,44.4,14.8,0.0,,,,,,27,25,127,0,,,,11,,,,,,,0,,,13,,0,0,0,0,,0,,20,0,,0,14,,,,,,,,,0,0,0
10500,ALBANY,2024,TRUE,three_year_total,"2022,2023,2024",TRUE,TRUE,29,24,17,,,12,,,0,50.0,37.5,12.5,0.0,,,,,,24,19,128,,,,,,,,,,,0,,,,11,,0,0,0,0,,0,,19,0,,0,15,,,,,,,,,0,0,0
10500,ALBANY,2025,TRUE,three_year_total,"2023,2024,2025",TRUE,TRUE,25,20,16,,,10,,,0,50.0,35.0,15.0,0.0,,,,,,20,16,120,,,0,,,,,,0,,0,,,,10,0,0,0,0,0,,0,0,18,0,,0,12,,,,,,,,,0,0,0
10540,ALBANY,2018,TRUE,three_year_total,2018,TRUE,TRUE,23,24,20,,0,12,11,,0,50.0,45.8,4.2,0.0,,,,,,23,24,21,0,,,,,,0,,,,0,0,0,17,0,0,0,0,0,,,0,,16,0,,0,10,,,,,10,,,,,0,
10540,ALBANY,2019,TRUE,three_year_total,"2018,2019",TRUE,TRUE,21,42,36,,0,21,18,,0,50.0,42.9,7.1,0.0,,,,,,41,42,43,,13,,,13,,0,12,,,0,0,0,32,0,0,0,0,0,,,0,,31,0,,,21,,,,,17,11,,,,0,
10540,ALBANY,2020,TRUE,three_year_total,"2018,2019,2020",TRUE,TRUE,19,63,54,,,27,32,,0,42.9,50.8,6.3,0.0,,,,,,60,63,64,,17,,10,24,,0,15,,,0,0,0,47,0,,0,0,0,,11,0,,46,,12,,31,11,14,,,28,14,,,,0,
10540,ALBANY,2021,TRUE,three_year_total,"2019,2020,2021",TRUE,TRUE,20,73,64,,,28,40,,0,38.4,54.8,6.8,0.0,,,,,,71,73,79,,16,13,,30,,,15,11,,0,0,0,54,0,,,0,0,,10,0,,54,,10,,33,16,18,,,30,18,,,,,0
10540,ALBANY,2022,TRUE,three_year_total,"2020,2021,2022",TRUE,TRUE,19,75,66,,,30,39,,0,40.0,52.0,8.0,0.0,,,,,,73,75,77,,20,12,,31,,,19,10,,0,0,0,50,,,,0,0,,16,0,,50,,15,0,30,15,22,,,27,18,10,,,,0
10540,ALBANY,2023,TRUE,three_year_total,"2021,2022,2023",TRUE,TRUE,20,68,61,,,30,30,,0,44.1,44.1,11.8,0.0,,,,,,68,68,67,,17,12,,26,,,17,11,,0,0,0,45,,,,,0,,15,0,,46,,13,0,26,13,20,,,21,19,10,,,,0
10540,ALBANY,2024,TRUE,three_year_total,"2022,2023,2024",TRUE,TRUE,19,53,45,,,25,20,,0,47.2,37.7,15.1,0.0,,,,,,53,53,55,,14,,10,19,,0,13,,,0,0,0,36,,,0,,0,0,14,0,,36,,12,0,21,,16,,,13,12,11,,,,0
10540,ALBANY,2025,TRUE,three_year_total,"2023,2024,2025",TRUE,TRUE,18,52,45,,,23,22,,0,44.2,42.3,13.5,0.0,,,,,,52,52,52,0,,,12,18,,0,,,10,0,,0,39,0,0,0,,0,0,12,0,,39,,10,0,22,,16,,11,14,13,,,,,0
10580,ALBANY-SCHENECTADY-TROY,2018,TRUE,single_year,2018,FALSE,TRUE,7,623,530,54,39,283,328,12,0,45.4,52.6,1.9,0.0,58000,44000,78000,145000,4.5,620,598,309,25,114,83,79,240,92,15,112,79,61,,15,11,386,64,60,,,,,92,0,32,497,,88,0,317,157,111,38,65,298,126,73,41,16,,0
10580,ALBANY-SCHENECTADY-TROY,2019,TRUE,single_year,2019,FALSE,TRUE,10,656,566,65,25,303,332,21,0,46.2,50.6,3.2,0.0,60000,45000,78000,155000,4.125,650,648,368,21,108,88,120,283,48,,106,75,100,,,,399,56,75,,,,,112,0,42,495,,113,0,302,188,99,67,69,300,130,82,56,14,,0
10580,ALBANY-SCHENECTADY-TROY,2020,TRUE,single_year,2020,FALSE,TRUE,5,645,556,63,26,311,307,27,0,48.2,47.6,4.2,0.0,60000,47000,81000,165000,3.25,640,634,333,27,86,111,111,274,47,16,85,103,97,,12,11,381,77,53,0,,,,124,0,39,479,11,116,0,336,157,85,67,68,310,130,79,45,12,,0
10580,ALBANY-SCHENECTADY-TROY,2021,TRUE,single_year,2021,FALSE,TRUE,6,918,792,95,31,425,461,32,0,46.3,50.2,3.5,0.0,63000,48000,84000,195000,3,914,901,592,46,150,176,99,403,68,22,145,158,67,10,28,17,458,123,114,,,,,196,0,55,668,10,185,0,430,236,153,99,108,400,208,108,67,21,,
10580,ALBANY-SCHENECTADY-TROY,2022,TRUE,single_year,2022,FALSE,TRUE,7,780,672,82,26,407,341,32,0,52.2,43.7,4.1,0.0,67000,52000,93000,205000,4.99,777,765,541,17,143,165,112,280,61,19,129,150,83,,22,15,372,111,98,,,,18,163,,57,569,14,139,,363,229,118,70,94,329,165,93,69,24,,0
10580,ALBANY-SCHENECTADY-TROY,2023,TRUE,single_year,2023,FALSE,TRUE,10,589,513,60,16,346,226,17,0,58.7,38.4,2.9,0.0,77000,62000,101000,225000,6.375,586,581,427,18,105,119,127,185,40,13,98,110,109,,16,,273,95,89,,,,,117,,56,417,,109,,284,167,97,41,80,241,141,72,41,11,,0
10580,ALBANY-SCHENECTADY-TROY,2024,TRUE,single_year,2024,FALSE,TRUE,5,579,487,74,18,398,160,21,0,68.7,27.6,3.6,0.0,85000,67000,115000,245000,6.5,577,563,547,25,89,98,204,134,34,20,86,89,184,,20,16,267,86,95,,,,11,107,0,49,413,,110,0,318,127,90,44,64,229,136,85,50,15,0,0
10580,ALBANY-SCHENECTADY-TROY,2025,TRUE,single_year,2025,FALSE,TRUE,6,555,455,74,26,389,141,25,0,70.1,25.4,4.5,0.0,87000,69000,115000,265000,6.49,551,547,534,40,100,104,187,109,39,16,95,98,167,,18,,271,70,81,,0,,15,111,0,48,408,,93,0,276,152,95,32,67,231,122,74,39,18,,0
10740,ALBUQUERQUE,2018,TRUE,single_year,2018,TRUE,TRUE,18,62,23,16,23,17,37,,0,27.4,59.7,12.9,0.0,54000,42250,75750,185000,4.813,62,62,77,,16,,0,24,11,,15,,0,0,0,,47,,,,0,0,,,0,22,32,,,0,28,19,11,,,18,20,11,,,,0
10740,ALBUQUERQUE,2019,TRUE,single_year,2019,TRUE,TRUE,21,61,16,16,29,19,32,10,0,31.1,52.5,16.4,0.0,68000,52000,89000,225000,4.375,61,61,124,,11,,,22,13,,11,,,0,0,,45,,,,0,,0,,0,15,37,,,0,38,11,,,,24,17,,,,,0
10740,ALBUQUERQUE,2020,TRUE,single_year,2020,TRUE,TRUE,19,61,21,16,24,18,38,,0,29.5,62.3,8.2,0.0,70000,53000,95000,245000,3.25,61,61,92,,11,,,29,,,11,,,0,,0,42,,,,0,,,11,0,23,24,,10,0,37,11,10,,10,27,15,,,,0,0
10740,ALBUQUERQUE,2021,TRUE,single_year,2021,TRUE,TRUE,16,84,32,24,28,22,51,11,0,26.2,60.7,13.1,0.0,65500,50250,101000,275000,3,84,84,155,,19,,,43,11,,19,,0,0,0,,52,,,,0,,,20,0,28,35,,18,0,42,23,,11,11,37,18,,,,0,0
10740,ALBUQUERQUE,2022,TRUE,single_year,2022,TRUE,TRUE,16,58,25,14,19,23,25,10,0,39.7,43.1,17.2,0.0,74000,57000,100000,265000,5.125,57,58,125,,17,11,,17,11,0,16,,0,0,0,0,34,,,,0,,0,15,0,31,17,,,0,34,15,,,,23,14,,,,0,
10740,ALBUQUERQUE,2023,TRUE,three_year_total,"2021,2022,2023",TRUE,TRUE,12,186,72,51,63,62,95,29,0,33.3,51.1,15.6,0.0,,,,,,185,186,343,,48,21,12,73,30,,46,10,,,0,,114,10,,,0,,,45,0,75,70,,37,0,103,47,19,17,25,81,42,20,12,,0,
10740,ALBUQUERQUE,2024,TRUE,single_year,2024,TRUE,TRUE,13,60,31,10,19,33,23,,0,55.0,38.3,6.7,0.0,93000,70750,130750,335000,6.875,58,60,67,10,,11,15,18,,,,,14,0,,,39,,0,,0,0,0,16,0,25,21,0,14,0,28,16,11,,10,17,16,12,,,0,0
10740,ALBUQUERQUE,2025,TRUE,single_year,2025,TRUE,TRUE,18,65,27,17,21,37,19,,0,56.9,29.2,13.8,0.0,116000,73000,146000,355000,6.609,65,65,75,,,,24,16,,,,,22,0,0,,41,,,,0,0,,18,0,33,15,,14,0,29,13,17,,,22,15,,10,,0,0
10780,ALEXANDRIA,2018,TRUE,three_year_total,2018,TRUE,TRUE,20,,,0,0,,0,0,0,100.0,0.0,0.0,0.0,,,,,,,,37,0,,0,0,0,0,,,0,0,0,0,,,0,0,0,0,0,0,0,0,0,,,0,0,,,,0,0,0,,,,,,0
10780,ALEXANDRIA,2019,TRUE,three_year_total,"2018,2019",TRUE,TRUE,21,14,12,,0,13,0,,0,92.9,0.0,7.1,0.0,,,,,,14,10,78,0,,,0,0,,,,,0,0,0,,13,0,,0,0,0,0,0,0,,12,,0,0,,,,0,0,,,,,,,0
10780,ALEXANDRIA,2020,TRUE,three_year_total,"2018,2019,2020",TRUE,TRUE,23,22,18,,0,19,,,0,86.4,9.1,4.5,0.0,,,,,,22,17,121,,10,,0,,,,10,,0,0,0,,19,,,0,0,0,0,0,0,,20,,0,0,,,11,0,,,,,,,,0
10780,ALEXANDRIA,2021,TRUE,three_year_total,"2019,2020,2021",TRUE,TRUE,25,26,18,,,21,,,0,80.8,7.7,11.5,0.0,,,,,,26,19,130,,,,0,,,,,,0,0,0,,21,,,0,0,0,0,0,0,,25,0,0,0,13,,,0,,,,,,,,0
10780,ALEXANDRIA,2022,TRUE,three_year_total,"2020,2021,2022",TRUE,TRUE,22,28,21,,,24,,,0,85.7,7.1,7.1,0.0,,,,,,28,22,150,,,,0,,0,10,,,0,0,0,,23,,0,0,0,0,0,,0,0,27,0,,0,13,,11,0,,,,,,,,0
10780,ALEXANDRIA,2023,TRUE,three_year_total,"2021,2022,2023",TRUE,TRUE,21,29,22,,,25,,,0,86.2,3.4,10.3,0.0,,,,,,29,19,146,,,,0,,,14,,,0,0,0,12,22,,0,0,0,0,0,,0,0,28,0,,0,10,,15,0,,,,,,,0,0
10780,ALEXANDRIA,2024,TRUE,three_year_total,"2022,2023,2024",TRUE,TRUE,23,30,26,,,25,,,0,83.3,10.0,6.7,0.0,,,,,,29,19,134,,,,0,,,14,,,0,0,0,13,24,,0,0,0,0,0,,0,0,29,0,,0,,,17,0,,,,,,,,0
10780,ALEXANDRIA,2025,TRUE,three_year_total,"2023,2024,2025",TRUE,TRUE,20,25,21,,,20,,,0,80.0,12.0,8.0,0.0,,,,,,24,12,122,,,,0,,,14,,,0,0,0,13,20,,0,0,0,0,0,0,0,0,25,0,0,0,,,15,0,0,,,,,,,0
10900,ALLENTOWN-BETHLEHEM-EASTON,2018,TRUE,single_year,2018,TRUE,TRUE,13,137,112,19,,51,82,,0,37.2,59.9,2.9,0.0,56000,42000,72000,145000,4.875,137,131,226,,16,23,,60,17,13,16,20,,0,,,98,15,,,0,0,,19,0,45,79,,11,0,75,33,24,,10,60,29,21,11,,0,0
10900,ALLENTOWN-BETHLEHEM-EASTON,2019,TRUE,single_year,2019,TRUE,TRUE,8,186,157,18,11,72,110,,0,38.7,59.1,2.2,0.0,55500,42000,75000,155000,4.5,184,172,251,,31,14,20,90,13,18,30,12,16,0,0,14,127,18,,0,0,0,,37,0,43,108,,33,0,95,46,31,14,18,77,43,27,12,,,
10900,ALLENTOWN-BETHLEHEM-EASTON,2020,TRUE,single_year,2020,TRUE,TRUE,13,159,120,29,10,54,98,,0,34.0,61.6,4.4,0.0,58000,45000,76500,185000,3.25,159,151,260,,26,11,,86,17,10,26,11,,0,,,101,11,,0,,0,,44,0,39,82,,36,0,106,24,20,,28,60,33,20,11,,,0
10900,ALLENTOWN-BETHLEHEM-EASTON,2021,TRUE,single_year,2021,TRUE,TRUE,11,223,170,35,18,74,141,,0,33.2,63.2,3.6,0.0,65000,51000,84250,215000,3,220,216,373,,39,26,19,114,13,12,38,21,,,0,,138,29,,0,,0,,45,0,66,111,,39,0,116,58,36,13,22,99,52,30,16,,,0
10900,ALLENTOWN-BETHLEHEM-EASTON,2022,TRUE,single_year,2022,TRUE,TRUE,10,168,137,17,14,76,85,,,45.2,50.6,3.6,0.6,75500,56750,105000,245000,4.95,168,158,324,,34,26,18,69,10,11,30,24,10,0,,10,111,26,,0,0,,,24,0,41,104,,18,0,96,41,28,,20,62,40,28,12,,0,0
10900,ALLENTOWN-BETHLEHEM-EASTON,2023,TRUE,single_year,2023,TRUE,TRUE,13,121,100,14,,49,72,0,0,40.5,59.5,0.0,0.0,85000,65000,119000,265000,6.625,121,121,203,0,27,14,14,45,17,,26,11,,0,,,70,17,,,0,,,25,0,43,54,,20,0,58,36,22,,20,50,26,17,,,0,0
10900,ALLENTOWN-BETHLEHEM-EASTON,2024,TRUE,single_year,2024,TRUE,TRUE,11,157,130,18,,99,54,,0,63.1,34.4,2.5,0.0,90000,68250,133750,285000,6.75,154,150,241,,27,21,55,32,14,,26,17,48,0,0,,96,17,,0,0,0,,39,0,59,64,,30,0,82,32,34,,22,71,31,22,,0,0,
10900,ALLENTOWN-BETHLEHEM-EASTON,2025,TRUE,single_year,2025,TRUE,TRUE,11,134,113,18,,77,50,,0,57.5,37.3,5.2,0.0,92000,73000,120000,305000,6.625,134,126,210,,20,20,37,30,12,15,18,15,33,0,,,75,17,,,0,0,0,33,0,47,62,,22,0,65,31,30,,12,67,25,19,,,0,0
11020,ALTOONA,2018,TRUE,three_year_total,2018,TRUE,TRUE,28,,,0,,,,,0,55.6,33.3,11.1,0.0,,,,,,,,40,0,,,,,0,,,,,0,0,,,0,0,0,0,0,0,,0,0,,0,,0,,0,,,,,,0,,0,0,0
11020,ALTOONA,2019,TRUE,three_year_total,"2018,2019",TRUE,TRUE,25,12,11,0,,,,,0,66.7,25.0,8.3,0.0,,,,,,12,11,82,0,,,,,0,,,,,0,0,,11,0,0,0,0,0,0,,0,0,11,0,,0,,,,,,,,,,,0,0
11020,ALTOONA,2020,TRUE,three_year_total,"2018,2019,2020",TRUE,TRUE,25,18,17,0,,10,,,0,55.6,38.9,5.6,0.0,,,,,,18,16,126,0,,,,,0,,,,,,0,,17,0,0,0,0,0,0,,0,0,17,0,,0,,,,,,,,,,,0,0
11020,ALTOONA,2021,TRUE,three_year_total,"2019,2020,2021",TRUE,TRUE,30,20,18,,0,,,,0,45.0,45.0,10.0,0.0,,,,,,19,17,129,,,,,,,,,,,,0,,18,0,0,0,0,0,0,,0,,17,0,,0,,,,,,,,,,,0,
11020,ALTOONA,2022,TRUE,three_year_total,"2020,2021,2022",TRUE,TRUE,26,29,23,,,13,12,,0,44.8,41.4,13.8,0.0,,,,,,28,24,148,,,,0,10,,,,,0,,0,,25,,0,0,0,0,,,0,,26,0,,0,15,,,,,10,,,,,0,
11020,ALTOONA,2023,TRUE,three_year_total,"2021,2022,2023",TRUE,TRUE,29,31,24,,,17,,,0,54.8,29.0,16.1,0.0,,,,,,30,25,147,,,,,,,,,,,0,0,,26,,0,0,0,0,,,0,,28,0,,0,18,,,,,13,,,,,0,
11020,ALTOONA,2024,TRUE,three_year_total,"2022,2023,2024",TRUE,TRUE,26,28,20,,,18,,,0,64.3,25.0,10.7,0.0,,,,,,28,23,138,0,,,,,,,,,,0,0,,24,,0,0,0,0,,,0,0,27,0,,0,19,,,,,12,,,,,0,0
11020,ALTOONA,2025,TRUE,three_year_total,"2023,2024,2025",TRUE,TRUE,25,26,21,,,20,,,0,76.9,19.2,3.8,0.0,,,,,,25,21,111,0,,,,,,,,,,0,,,21,,0,0,0,0,,,0,0,23,0,,0,17,,,,,11,,0,,0,0,0
11100,AMARILLO,2018,TRUE,three_year_total,2018,TRUE,TRUE,26,,,0,0,,,0,0,75.0,25.0,0.0,0.0,,,,,,,,42,0,,0,0,,,,,0,0,,0,,,,,0,0,0,0,0,0,0,,0,,0,,,,0,0,,0,,,,,0
11100,AMARILLO,2019,TRUE,three_year_total,"2018,2019",TRUE,TRUE,29,12,12,0,0,,,0,0,75.0,25.0,0.0,0.0,,,,,,12,10,86,0,,,0,,,,,,0,,0,,,,,0,0,0,0,,0,,,0,,0,,,,,,,,,,,,0
11100,AMARILLO,2020,TRUE,three_year_total,"2018,2019,2020",TRUE,TRUE,27,17,15,,,12,,0,0,70.6,29.4,0.0,0.0,,,,,,17,15,130,0,,,0,,,,,,0,,0,,11,,,0,0,0,0,,0,,12,0,,0,,,,,,10,,,,,,0
11100,AMARILLO,2021,TRUE,three_year_total,"2019,2020,2021",TRUE,TRUE,25,13,11,,,,,0,0,53.8,46.2,0.0,0.0,,,,,,13,13,152,0,,,0,,,,,,0,0,0,0,,,0,0,0,0,0,,0,,,0,,0,,,,,,,,,0,0,0,0
11100,AMARILLO,2022,TRUE,three_year_total,"2020,2021,2022",TRUE,TRUE,24,17,15,,,10,,0,0,58.8,41.2,0.0,0.0,,,,,,17,16,159,0,,,0,,0,,,,0,0,0,,11,,0,0,0,0,,,0,,11,0,,0,10,,,,,,,,,,0,0
11100,AMARILLO,2023,TRUE,three_year_total,"2021,2022,2023",TRUE,TRUE,30,20,17,,,,,,0,45.0,40.0,15.0,0.0,,,,,,20,16,156,0,,,,,,,,,0,0,0,,13,,0,,0,0,,,0,,13,,,0,10,,,,,,,,,,0,0
11100,AMARILLO,2024,TRUE,three_year_total,"2022,2023,2024",TRUE,TRUE,31,26,19,,,13,,,0,50.0,26.9,23.1,0.0,,,,,,26,20,123,,,,,,,,,,,0,0,,17,,,,0,0,,,0,,18,,,0,14,,,0,,,,,,,0,0
11100,AMARILLO,2025,TRUE,three_year_total,"2023,2024,2025",TRUE,TRUE,32,28,19,,,12,10,,0,42.9,35.7,21.4,0.0,,,,,,28,23,120,,,,,,,,,,,0,0,,18,,,,0,0,,,0,,18,,,0,13,,,,,,,,,,0,
11180,AMES,2018,TRUE,three_year_total,2018,TRUE,TRUE,17,,,0,0,,,0,0,50.0,50.0,0.0,0.0,,,,,,,,35,0,,,0,,0,0,,,0,0,0,0,,0,0,0,0,0,0,0,0,0,,0,0,0,0,,,0,,,0,0,0,0,0,0
11180,AMES,2019,TRUE,three_year_total,"2018,2019",TRUE,TRUE,21,19,19,0,0,13,,,0,68.4,21.1,10.5,0.0,,,,,,19,17,58,0,,,0,,,,,,0,0,,,18,0,0,0,0,0,0,,0,0,17,0,,0,,,,,,10,,,,0,0,0
11180,AMES,2020,TRUE,three_year_total,"2018,2019,2020",TRUE,TRUE,25,29,27,0,,20,,,0,69.0,20.7,10.3,0.0,,,,,,29,25,86,0,,,,,,,,,,0,,,28,0,0,0,0,0,0,,0,0,27,0,,0,14,,,,,12,,,,,,0
11180,AMES,2021,TRUE,three_year_total,"2019,2020,2021",TRUE,TRUE,25,42,37,,,25,11,,0,59.5,26.2,14.3,0.0,,,,,,42,38,82,,,11,,,,,,10,,0,,,34,0,,0,0,0,0,,0,,35,0,,0,25,,,,12,14,,,,,,0
11180,AMES,2022,TRUE,three_year_total,"2020,2021,2022",TRUE,TRUE,27,34,27,,,16,10,,0,47.1,29.4,23.5,0.0,,,,,,34,32,92,,,,,,,,,,,0,,,24,0,,0,0,0,0,,0,,27,0,,0,22,,,,,11,,0,,,,0
11180,AMES,2023,TRUE,three_year_total,"2021,2022,2023",TRUE,TRUE,27,38,32,,,17,14,,0,44.7,36.8,18.4,0.0,,,,,,38,34,87,,,,,11,,,,,,0,,,23,0,,0,0,0,,11,0,,27,,,0,20,,,,,13,,,,,0,0
11180,AMES,2024,TRUE,three_year_total,"2022,2023,2024",TRUE,TRUE,26,29,26,,,14,10,,0,48.3,34.5,17.2,0.0,,,,,,28,24,83,0,,,,,,,,0,,0,,,21,0,,0,0,0,,,0,0,23,,,0,13,,,,,12,,,,,0,0
11180,AMES,2025,TRUE,three_year_total,"2023,2024,2025",TRUE,TRUE,30,34,31,,,21,11,,0,61.8,32.4,5.9,0.0,,,,,,33,26,82,0,,,,,,,,,,0,,,27,,,,0,0,,,0,,29,,,0,14,,,,,14,,,,,0,0
11200,AMHERST TOWN-NORTHAMPTON,2024,TRUE,single_year,2024,TRUE,TRUE,24,52,42,,,36,14,,0,69.2,26.9,3.8,0.0,116000,82000,145000,350000,6.625,51,51,27,,17,,11,,,,16,,,,,,39,,,0,0,0,,,0,,36,,,0,22,16,10,,,19,10,10,,,0,0
11200,AMHERST TOWN-NORTHAMPTON,2025,TRUE,single_year,2025,TRUE,TRUE,19,66,59,,,45,19,,0,68.2,28.8,3.0,0.0,111500,87250,141750,385000,6.313,66,62,48,,18,,17,15,,,17,,15,,,,47,,,0,0,0,,12,0,,46,0,13,0,26,17,19,,,21,21,10,,,0,0
11244,ANAHEIM-SANTA ANA-IRVINE,2018,TRUE,single_year,2018,TRUE,TRUE,14,87,62,10,15,63,22,,0,72.4,25.3,2.3,0.0,172000,120000,291500,675000,4.625,87,87,286,,57,,,10,,10,57,,0,0,0,,57,0,12,,0,0,,16,0,19,50,,16,0,29,21,32,,,23,28,13,13,,,0
11244,ANAHEIM-SANTA ANA-IRVINE,2019,TRUE,single_year,2019,TRUE,TRUE,17,130,96,21,13,98,24,,0,75.4,18.5,6.2,0.0,187500,137000,292500,780000,4,124,128,307,,82,20,,,,,79,14,,0,0,,93,,21,,0,0,,12,0,28,89,,10,0,57,23,44,,,39,35,22,20,,,
11244,ANAHEIM-SANTA ANA-IRVINE,2020,TRUE,single_year,2020,TRUE,TRUE,18,119,92,15,12,99,15,,0,83.2,12.6,4.2,0.0,197000,148250,318500,895000,3.125,118,118,262,,87,,,11,,,87,,,0,,,76,,16,0,,0,,22,0,16,81,,19,0,44,24,41,10,,40,24,24,20,,,
11244,ANAHEIM-SANTA ANA-IRVINE,2021,TRUE,single_year,2021,TRUE,TRUE,16,170,118,28,24,150,15,,0,88.2,8.8,2.9,0.0,208000,140250,321750,1005000,3,166,169,434,,128,19,,12,,,128,17,0,0,,,89,,27,,,0,,43,0,26,92,,43,0,71,27,60,12,,57,43,35,19,,,
11244,ANAHEIM-SANTA ANA-IRVINE,2022,TRUE,single_year,2022,TRUE,TRUE,16,110,75,23,12,95,12,,0,86.4,10.9,2.7,0.0,252000,175750,405000,1000000,4.8,108,110,262,,80,16,,,,,79,14,0,0,,,59,,22,0,0,0,,25,0,18,63,,25,0,48,17,37,,,29,27,22,16,,,
11244,ANAHEIM-SANTA ANA-IRVINE,2023,TRUE,single_year,2023,TRUE,TRUE,21,66,49,11,,47,16,,0,71.2,24.2,4.5,0.0,306000,214000,469000,1125000,6.5,65,66,144,,45,,,,,,44,,0,0,0,,43,,,0,0,0,,13,0,15,35,,14,0,31,,23,,,22,23,,,,,0
11244,ANAHEIM-SANTA ANA-IRVINE,2024,TRUE,single_year,2024,TRUE,TRUE,18,92,64,15,13,71,16,,0,77.2,17.4,5.4,0.0,299000,207000,420500,1110000,6.625,91,92,206,,59,,,13,,,59,,,0,0,,50,,15,0,0,0,,21,0,26,44,,17,0,39,13,35,,,26,33,11,,,,
11244,ANAHEIM-SANTA ANA-IRVINE,2025,TRUE,single_year,2025,TRUE,TRUE,16,99,70,15,14,83,11,,0,83.8,11.1,5.1,0.0,339000,247500,638750,1195000,6.624,96,99,243,,68,15,,10,,,66,12,,,,,52,0,13,0,0,,,30,0,20,47,,29,0,44,10,32,13,,28,33,13,13,,,
11260,ANCHORAGE,2018,TRUE,single_year,2018,TRUE,TRUE,6,366,209,23,134,100,175,91,0,27.3,47.8,24.9,0.0,93000,72000,120000,395000,4.375,364,366,53,,23,35,29,109,67,103,22,29,18,0,0,31,254,17,18,16,,,13,42,0,28,280,,55,0,203,65,73,25,37,182,78,38,21,,,0
11260,ANCHORAGE,2019,TRUE,single_year,2019,TRUE,TRUE,8,340,197,35,108,108,153,78,,31.8,45.0,22.9,0.3,88000,73000,114500,375000,3.75,339,340,47,44,38,40,49,113,69,31,37,33,31,0,,,231,12,17,15,,,15,46,0,24,259,,49,0,177,74,72,17,54,157,58,40,17,,,0
11260,ANCHORAGE,2020,TRUE,single_year,2020,FALSE,TRUE,5,420,269,33,118,112,209,99,0,26.7,49.8,23.6,0.0,92000,73000,117000,395000,2.875,418,420,50,22,45,45,45,174,99,12,44,35,32,0,,0,271,22,26,21,,,21,52,0,41,313,,60,0,207,88,99,26,49,197,92,46,22,10,,0
11260,ANCHORAGE,2021,TRUE,single_year,2021,FALSE,TRUE,7,524,350,50,124,142,249,133,0,27.1,47.5,25.4,0.0,91000,73000,120000,405000,2.75,520,524,86,57,71,73,35,210,110,25,67,57,15,0,0,,308,23,43,21,,,19,92,,43,381,14,85,,258,116,108,42,72,237,125,43,34,10,,
11260,ANCHORAGE,2022,TRUE,single_year,2022,FALSE,TRUE,6,438,292,42,104,146,191,101,0,33.3,43.6,23.1,0.0,105000,83000,133000,420000,4.625,438,438,97,57,55,50,77,159,89,,53,36,54,0,,,271,21,22,22,,,21,71,0,36,321,13,68,0,210,105,89,34,43,192,114,58,15,12,,0
11260,ANCHORAGE,2023,TRUE,single_year,2023,FALSE,TRUE,5,271,148,25,98,76,114,81,0,28.0,42.1,29.9,0.0,118500,93250,162750,465000,6.25,270,271,60,36,41,32,29,91,70,,38,20,17,0,0,,143,21,17,15,,,15,52,0,26,184,10,51,0,137,54,56,24,30,119,78,27,15,0,,0
11260,ANCHORAGE,2024,TRUE,single_year,2024,FALSE,TRUE,10,268,162,24,82,116,84,68,0,43.3,31.3,25.4,0.0,127000,101000,179000,485000,6.25,267,268,74,34,42,27,74,58,60,,38,22,54,0,,,154,12,28,,,,,47,0,15,201,,44,0,115,55,78,20,33,109,70,25,22,,,0
11260,ANCHORAGE,2025,TRUE,single_year,2025,FALSE,TRUE,5,304,192,28,84,120,92,92,0,39.5,30.3,30.3,0.0,128000,100500,175500,495000,6.25,295,304,73,31,39,34,76,71,70,14,37,26,57,0,0,0,176,13,34,15,,,12,47,0,34,223,,40,0,144,62,77,21,43,130,72,26,22,,,0
11460,ANN ARBOR,2018,TRUE,three_year_total,2018,TRUE,TRUE,22,19,17,,,,11,0,0,42.1,57.9,0.0,0.0,,,,,,19,19,40,0,,,,,,0,,,0,0,0,0,17,0,,0,0,0,0,,0,0,18,0,,0,11,,,,,,,,,,0,0
11460,ANN ARBOR,2019,TRUE,three_year_total,"2018,2019",TRUE,TRUE,20,38,35,,,20,18,0,0,52.6,47.4,0.0,0.0,,,,,,38,38,65,,10,,,13,,0,10,,,0,0,0,32,,,0,0,0,0,,0,0,36,0,,0,21,,,,,20,,,,,0,0
11460,ANN ARBOR,2020,TRUE,three_year_total,"2018,2019,2020",TRUE,TRUE,21,64,58,,,36,27,,0,56.2,42.2,1.6,0.0,,,,,,63,64,100,,19,11,,22,,0,19,11,,0,0,0,49,,,0,0,,,,0,,60,0,,0,37,16,,,,33,12,,,,,0
11460,ANN ARBOR,2021,TRUE,three_year_total,"2019,2020,2021",TRUE,TRUE,21,74,66,,,51,22,,0,68.9,29.7,1.4,0.0,,,,,,73,74,113,,27,17,,17,,0,26,17,,0,,0,52,,,0,0,,,,0,,64,0,,0,41,19,10,,,41,12,,,,,0
11460,ANN ARBOR,2022,TRUE,three_year_total,"2020,2021,2022",TRUE,TRUE,19,76,68,,,53,21,,0,69.7,27.6,2.6,0.0,,,,,,75,76,128,,28,21,,15,,0,27,20,,0,,0,48,,,0,0,,,11,0,,63,0,11,0,40,19,11,,,37,16,,,,,0
11460,ANN ARBOR,2023,TRUE,three_year_total,"2021,2022,2023",TRUE,TRUE,17,68,61,,,49,18,,0,72.1,26.5,1.5,0.0,,,,,,67,68,116,,22,23,,12,,0,21,22,,0,,0,43,,,0,0,0,,11,0,,52,0,14,0,31,17,13,,,32,15,,,,0,0
11460,ANN ARBOR,2024,TRUE,three_year_total,"2022,2023,2024",TRUE,TRUE,14,54,50,,0,39,14,,0,72.2,25.9,1.9,0.0,,,,,,53,54,103,0,11,17,14,11,,0,11,16,12,0,0,0,33,,,0,0,0,,,0,,43,0,,0,25,12,12,,,24,14,,,,0,0
11460,ANN ARBOR,2025,TRUE,three_year_total,"2023,2024,2025",TRUE,TRUE,18,45,41,,0,34,11,0,0,75.6,24.4,0.0,0.0,,,,,,44,45,96,0,,10,16,,,0,,10,16,0,0,0,30,,,0,0,0,,,0,,36,0,,0,23,,11,,,22,,,,,0,0
11500,ANNISTON-OXFORD,2018,TRUE,three_year_total,2018,TRUE,TRUE,15,,,0,0,,0,0,0,100.0,0.0,0.0,0.0,,,,,,,,10,0,0,0,0,0,0,,0,0,0,0,0,,,0,0,0,0,0,0,0,0,0,,0,,0,,0,,0,0,,0,,,0,0,0
11500,ANNISTON-OXFORD,2019,TRUE,three_year_total,"2018,2019",TRUE,TRUE,15,,,0,0,,0,0,0,100.0,0.0,0.0,0.0,,,,,,,,17,0,0,0,0,0,0,,0,0,0,0,0,,,0,0,0,0,0,0,0,0,0,,0,,0,,0,,0,0,,0,,,0,0,0
11500,ANNISTON-OXFORD,2020,TRUE,three_year_total,"2018,2019,2020",TRUE,TRUE,16,,,0,0,,0,0,0,100.0,0.0,0.0,0.0,,,,,,,,25,0,0,0,0,0,0,,0,0,0,0,0,,,0,0,0,0,0,0,0,0,0,,0,,0,,,,0,0,,0,,,0,0,0
11500,ANNISTON-OXFORD,2021,TRUE,three_year_total,"2019,2020,2021",TRUE,TRUE,16,,,0,0,,,0,0,66.7,33.3,0.0,0.0,,,,,,,,28,0,0,0,0,,0,,0,0,0,0,0,,,0,0,0,0,0,0,0,0,0,,0,0,0,0,,,0,,,0,,0,0,0,0
11500,ANNISTON-OXFORD,2022,TRUE,three_year_total,"2020,2021,2022",TRUE,TRUE,20,,,,0,,,0,0,75.0,25.0,0.0,0.0,,,,,,,,30,0,,0,0,,0,,,0,0,0,0,,,0,0,0,0,0,0,0,0,0,,0,0,0,0,,,0,,,,,0,0,0,0
11500,ANNISTON-OXFORD,2023,TRUE,three_year_total,"2021,2022,2023",TRUE,TRUE,19,,,,0,,,0,0,75.0,25.0,0.0,0.0,,,,,,,,41,0,,0,0,,0,,,0,0,0,0,,,0,0,0,0,0,0,0,0,0,,0,0,0,0,,,0,,,,0,0,0,0,0
11500,ANNISTON-OXFORD,2024,TRUE,three_year_total,"2022,2023,2024",TRUE,TRUE,21,,0,,0,,0,0,0,100.0,0.0,0.0,0.0,,,,,,,,37,0,,0,,0,0,,,0,,0,0,,,0,0,0,0,0,0,,0,0,,0,,0,0,,,,0,,,,0,0,0,0
11500,ANNISTON-OXFORD,2025,TRUE,three_year_total,"2023,2024,2025",TRUE,TRUE,30,,,,,,,,0,62.5,25.0,12.5,0.0,,,,,,,,33,0,,0,,,,,,0,,0,0,,,,,0,0,0,0,,0,0,,0,,0,,,,,0,,,,0,0,0,0
11540,APPLETON,2018,TRUE,single_year,2018,TRUE,TRUE,10,86,85,,0,61,21,,0,70.9,24.4,4.7,0.0,62000,44250,98000,145000,4.625,86,73,94,0,20,13,13,15,12,13,19,13,11,0,,13,84,0,,0,0,0,0,,0,,78,,,0,37,19,30,0,17,29,15,16,,,0,0
11540,APPLETON,2019,TRUE,single_year,2019,TRUE,TRUE,14,79,75,,0,53,18,,0,67.1,22.8,10.1,0.0,61500,43500,87750,175000,4.25,78,73,99,0,18,13,14,12,14,,18,11,14,0,,,68,,,0,,0,0,,0,,69,0,,0,38,15,22,,13,32,14,,10,,0,0
11540,APPLETON,2020,TRUE,single_year,2020,TRUE,TRUE,16,72,71,0,,48,22,,0,66.7,30.6,2.8,0.0,67500,46500,97750,165000,3.375,70,65,110,,14,15,16,12,,,14,11,15,0,,,63,,,0,0,0,0,,0,0,65,,,0,33,14,22,,10,28,18,,,,0,0
11540,APPLETON,2021,TRUE,single_year,2021,TRUE,TRUE,21,94,93,,0,63,30,,0,67.0,31.9,1.1,0.0,62000,42000,87000,155000,3.25,93,89,123,,21,26,,20,11,,20,22,,0,,,80,0,,,0,0,,,0,,82,,,0,44,20,26,,16,43,17,,,,,
11540,APPLETON,2022,TRUE,single_year,2022,TRUE,TRUE,21,69,67,,0,53,15,,0,76.8,21.7,1.4,0.0,77000,54000,108000,225000,4.75,69,61,119,,18,19,,13,,,17,19,,,0,,60,,0,,0,0,0,,0,,59,,,0,34,,23,,,28,,19,,,0,0
11540,APPLETON,2023,TRUE,single_year,2023,TRUE,TRUE,26,51,50,,0,32,13,,0,62.7,25.5,11.8,0.0,69000,54500,86000,205000,6.5,51,46,67,,15,,,10,,,15,,,0,,,40,,,,0,0,,,0,,42,,,0,28,,13,,,18,11,,,,,0
11540,APPLETON,2024,TRUE,single_year,2024,TRUE,TRUE,14,74,73,,0,61,11,,0,82.4,14.9,2.7,0.0,87000,58000,126000,255000,6.625,73,61,78,0,11,15,17,10,,17,11,14,17,0,,17,68,0,,,0,0,0,,0,,66,0,,0,31,13,27,,11,33,10,,,,,0
11540,APPLETON,2025,TRUE,single_year,2025,TRUE,TRUE,16,77,73,,,65,11,,0,84.4,14.3,1.3,0.0,86000,66000,128000,285000,6.375,77,61,93,,14,11,22,10,,18,14,11,22,0,0,18,67,,,,0,0,0,,0,,64,,,0,34,13,28,,15,28,14,,,,0,0
11640,ARECIBO,2018,TRUE,three_year_total,2018,TRUE,TRUE,25,11,,,,,,0,0,54.5,45.5,0.0,0.0,,,,,,11,11,,0,,0,0,,,,,0,0,,,,,0,0,0,0,0,,,0,11,0,0,0,0,,,,0,,,,,,0,0,0
11640,ARECIBO,2019,TRUE,three_year_total,"2018,2019",TRUE,TRUE,23,31,26,,,11,18,,0,35.5,58.1,6.5,0.0,,,,,,31,31,,0,,,0,11,,,,,0,,,,26,0,0,0,0,0,,,0,30,0,0,,0,15,,,0,,,,,,0,0,0
11640,ARECIBO,2020,TRUE,three_year_total,"2018,2019,2020",TRUE,TRUE,19,39,33,,,12,24,,0,30.8,61.5,7.7,0.0,,,,,,38,39,,0,,,0,14,,10,,,0,,,,34,0,0,0,0,0,,,0,38,0,0,,0,18,10,11,0,,10,11,,,,0,0
11640,ARECIBO,2021,TRUE,three_year_total,"2019,2020,2021",TRUE,TRUE,18,48,38,,,10,34,,0,20.8,70.8,8.3,0.0,,,,,,47,48,,0,,,,19,,11,,,0,0,0,,42,,0,0,0,0,0,,0,47,0,0,,0,21,10,17,0,,16,15,,,,0,0
11640,ARECIBO,2022,TRUE,three_year_total,"2020,2021,2022",TRUE,TRUE,19,50,40,,,12,32,,0,24.0,64.0,12.0,0.0,,,,,,49,49,,0,,,,20,,,,,0,0,0,,45,,0,0,0,0,0,,0,49,,0,0,0,23,10,17,0,,16,18,,,,0,0
11640,ARECIBO,2023,TRUE,three_year_total,"2021,2022,2023",TRUE,TRUE,16,69,57,11,,21,39,,0,30.4,56.5,13.0,0.0,,,,,,69,67,19,0,10,,,21,19,11,,,,0,,,61,,0,0,0,0,0,,0,66,,0,,0,32,13,24,0,,22,22,11,,,0,0
11640,ARECIBO,2024,TRUE,three_year_total,"2022,2023,2024",TRUE,TRUE,17,77,70,,,24,38,15,0,31.2,49.4,19.5,0.0,,,,,,77,74,24,0,,,,17,27,16,,,,0,,,69,,0,0,0,0,0,,0,73,,0,,0,38,16,23,0,,27,19,14,,,0,0
11640,ARECIBO,2025,TRUE,three_year_total,"2023,2024,2025",TRUE,TRUE,16,77,68,,,21,41,15,0,27.3,53.2,19.5,0.0,,,,,,77,75,25,0,,,,12,31,17,,,,0,,,71,,0,0,0,0,0,,0,74,,0,,0,35,19,23,0,,28,17,13,12,,0,0
11694,ARLINGTON-ALEXANDRIA-RESTON,2024,TRUE,three_year_total,2024,TRUE,TRUE,23,24,21,,0,20,0,,0,83.3,0.0,16.7,0.0,,,,,,24,16,25,0,11,,,0,,,11,0,,0,0,,15,0,,0,,0,,,0,0,18,,,0,,,18,,0,,,,,,,0
11694,ARLINGTON-ALEXANDRIA-RESTON,2025,TRUE,three_year_total,"2024,2025",TRUE,TRUE,26,44,37,,,34,,,0,77.3,4.5,18.2,0.0,,,,,,44,30,54,0,18,,,,,14,17,,,0,0,14,26,,,0,,0,,,0,,31,,,0,,,27,,,,12,12,,,,0
11700,ASHEVILLE,2018,TRUE,three_year_total,2018,TRUE,TRUE,23,12,,,0,11,0,,0,91.7,0.0,8.3,0.0,,,,,,12,12,41,,,,,0,,0,,,,0,0,0,,0,,0,0,0,,,0,0,10,0,,0,,,0,,0,0,,,,,0,0
11700,ASHEVILLE,2019,TRUE,three_year_total,"2018,2019",TRUE,TRUE,26,27,17,,,19,,,0,70.4,18.5,11.1,0.0,,,,,,26,27,90,,17,,,,,0,16,,,0,0,0,22,0,,0,0,0,,,0,,24,0,,0,,11,,,,,,,,,,0
11700,ASHEVILLE,2020,TRUE,three_year_total,"2018,2019,2020",TRUE,TRUE,25,54,41,,,38,10,,0,70.4,18.5,11.1,0.0,,,,,,53,54,119,,27,,,,,,25,,,,0,,45,,,0,0,0,,,0,,47,0,,0,17,21,14,,,13,15,,,,,0
11700,ASHEVILLE,2021,TRUE,three_year_total,"2019,2020,2021",TRUE,TRUE,19,77,61,,,54,15,,0,70.1,19.5,10.4,0.0,,,,,,76,77,134,0,35,,,11,,10,33,,,,0,10,69,,0,0,0,0,,,0,,66,0,,0,27,25,23,,,25,15,15,,,,0
11700,ASHEVILLE,2022,TRUE,three_year_total,"2020,2021,2022",TRUE,TRUE,15,94,80,,,73,15,,0,77.7,16.0,6.4,0.0,,,,,,94,94,127,0,43,12,,11,,15,40,12,,,,15,83,,0,0,0,0,0,,0,,78,0,11,0,33,32,25,,,31,21,21,12,,,0
11700,ASHEVILLE,2023,TRUE,three_year_total,"2021,2022,2023",TRUE,TRUE,14,88,75,,,71,14,,0,80.7,15.9,3.4,0.0,,,,,,88,86,125,0,41,11,,11,,17,39,11,,0,,17,76,,0,,0,0,0,10,0,,72,0,11,0,31,27,24,,,29,20,22,12,,,0
11700,ASHEVILLE,2024,TRUE,three_year_total,"2022,2023,2024",TRUE,TRUE,17,77,70,,,62,14,,0,80.5,18.2,1.3,0.0,,,,,,76,74,103,0,30,,,10,,19,27,,,0,,19,62,,,,0,0,,10,0,,59,0,10,0,27,21,23,,,27,23,13,11,,0,0
11700,ASHEVILLE,2025,TRUE,three_year_total,"2023,2024,2025",TRUE,TRUE,18,78,71,,,64,12,,0,82.1,15.4,2.6,0.0,,,,,,77,75,85,0,31,,11,,,20,29,,10,0,,19,61,,,,0,0,,12,0,,56,,13,0,29,16,25,,,20,22,12,13,,,0
12020,ATHENS-CLARKE COUNTY,2018,TRUE,three_year_total,2018,TRUE,TRUE,23,12,12,0,0,,,0,0,41.7,58.3,0.0,0.0,,,,,,12,12,59,0,,,0,,,0,,,0,0,0,0,,,0,0,0,0,0,,0,,,0,,0,,,,,,,,,,0,0,0
12020,ATHENS-CLARKE COUNTY,2019,TRUE,three_year_total,"2018,2019",TRUE,TRUE,26,22,21,,0,,12,,0,40.9,54.5,4.5,0.0,,,,,,22,20,95,0,,,,,,,,,,0,0,,17,,0,0,0,0,0,,0,,12,0,,0,,,,,,,,,,0,0,0
12020,ATHENS-CLARKE COUNTY,2020,TRUE,three_year_total,"2018,2019,2020",TRUE,TRUE,22,33,30,,,11,20,,0,33.3,60.6,6.1,0.0,,,,,,33,31,148,0,,,,16,,,,,,0,0,,25,,0,0,0,0,0,,0,10,19,0,,0,16,,,,,,12,,,0,0,0
12020,ATHENS-CLARKE COUNTY,2021,TRUE,three_year_total,"2019,2020,2021",TRUE,TRUE,22,39,36,,,14,23,,0,35.9,59.0,5.1,0.0,,,,,,39,36,158,0,,,,21,,,,,,0,0,,31,,0,0,0,0,0,,0,11,21,,,0,22,,,,,12,12,,,0,0,0
12020,ATHENS-CLARKE COUNTY,2022,TRUE,three_year_total,"2020,2021,2022",TRUE,TRUE,23,41,39,,,15,24,,0,36.6,58.5,4.9,0.0,,,,,,41,39,182,,,,,19,,,,,0,0,0,,27,,0,0,0,,0,,0,10,22,,,0,22,10,,,,14,11,,,,0,0
12020,ATHENS-CLARKE COUNTY,2023,TRUE,three_year_total,"2021,2022,2023",TRUE,TRUE,23,41,41,0,0,18,20,,0,43.9,48.8,7.3,0.0,,,,,,41,37,166,,,,,15,,,,,,0,0,,26,,0,0,0,,,,0,10,23,,,0,19,10,10,,,13,,,,,0,0
12020,ATHENS-CLARKE COUNTY,2024,TRUE,three_year_total,"2022,2023,2024",TRUE,TRUE,29,42,41,0,,23,15,,0,54.8,35.7,9.5,0.0,,,,,,41,35,131,,,,,,,,,,,0,0,,25,,,0,0,,,,0,,29,,,0,18,13,,,,14,,,,,0,
12020,ATHENS-CLARKE COUNTY,2025,TRUE,three_year_total,"2023,2024,2025",TRUE,TRUE,21,53,51,,,31,19,,0,58.5,35.8,5.7,0.0,,,,,,52,43,116,0,,,12,15,,12,,,10,0,0,11,40,,,0,0,0,,,0,13,34,,,0,23,16,12,,,21,,,,,0,
12054,ATLANTA-SANDY SPRINGS-ROSWELL,2024,TRUE,single_year,2024,TRUE,TRUE,9,177,152,11,14,112,54,11,0,63.3,30.5,6.2,0.0,116000,88000,184000,385000,6.625,177,171,246,,30,18,59,41,18,11,29,16,52,0,,,45,71,10,,,0,,47,0,19,114,,42,0,74,59,23,21,11,72,52,27,11,,,0
12054,ATLANTA-SANDY SPRINGS-ROSWELL,2025,TRUE,single_year,2025,TRUE,TRUE,13,167,131,16,20,103,46,18,0,61.7,27.5,10.8,0.0,130000,98250,197000,395000,6.625,166,163,256,,32,18,47,30,30,10,31,17,43,0,,,53,55,,,,,,47,0,18,110,,37,0,76,47,21,23,,58,50,32,,,,0
12060,ATLANTA-SANDY SPRINGS-ALPHARETTA,2018,TRUE,single_year,2018,TRUE,TRUE,12,135,101,12,22,65,59,11,0,48.1,43.7,8.1,0.0,76000,52000,124500,195000,4.875,135,132,381,,34,17,12,40,23,,34,17,,0,,,57,42,,0,0,0,,28,0,10,93,,30,0,73,27,17,18,,63,36,15,,,,0
12060,ATLANTA-SANDY SPRINGS-ALPHARETTA,2019,TRUE,single_year,2019,TRUE,TRUE,12,138,115,,16,70,49,19,0,50.7,35.5,13.8,0.0,80000,57250,123500,245000,4.125,138,134,369,,43,17,,38,22,10,43,15,,0,,,56,42,10,,0,,,25,0,12,103,0,23,0,72,34,19,13,,46,39,22,16,,,0
12060,ATLANTA-SANDY SPRINGS-ALPHARETTA,2020,TRUE,single_year,2020,TRUE,TRUE,12,171,134,13,24,64,87,18,,37.4,50.9,10.5,1.2,81500,56000,117500,255000,3.125,170,169,334,,38,23,11,72,22,,36,21,,0,0,,64,57,,0,0,,,39,0,17,115,,37,0,99,43,10,19,,81,39,28,11,,,0
12060,ATLANTA-SANDY SPRINGS-ALPHARETTA,2021,TRUE,single_year,2021,TRUE,TRUE,10,222,191,15,16,96,114,12,0,43.2,51.4,5.4,0.0,86000,63000,129500,275000,3,219,222,488,,41,48,14,95,20,,40,46,,0,,,72,91,,0,0,,,47,0,28,153,0,41,0,112,69,19,22,18,107,48,30,14,,0,
12060,ATLANTA-SANDY SPRINGS-ALPHARETTA,2022,TRUE,single_year,2022,TRUE,TRUE,14,184,159,17,,77,92,15,0,41.8,50.0,8.2,0.0,104000,69500,145000,335000,5.125,183,184,392,,36,30,13,74,25,,35,28,,0,,,46,73,12,0,0,,,46,0,20,120,,41,,82,62,22,18,,87,53,21,,,,0
12060,ATLANTA-SANDY SPRINGS-ALPHARETTA,2023,TRUE,single_year,2023,TRUE,TRUE,12,171,151,12,,74,80,17,0,43.3,46.8,9.9,0.0,119500,86250,166000,345000,6.625,170,169,278,,35,26,17,61,26,,33,20,10,0,,,46,71,11,,0,,,35,0,23,107,,40,0,68,61,31,11,12,73,49,23,,,,0
12100,ATLANTIC CITY-HAMMONTON,2018,TRUE,three_year_total,2018,TRUE,TRUE,21,43,37,,,16,25,,0,37.2,58.1,4.7,0.0,,,,,,43,43,42,0,,,,17,,,,,,0,0,0,30,,,0,0,0,0,,0,,35,0,,0,20,11,,,0,15,,,14,,0,0
12100,ATLANTIC CITY-HAMMONTON,2019,TRUE,three_year_total,"2018,2019",TRUE,TRUE,13,84,71,,,33,47,,0,39.3,56.0,4.8,0.0,,,,,,84,84,100,,21,12,,29,11,,21,10,,0,0,0,46,,16,0,0,0,,14,0,11,62,0,11,0,44,21,10,,,28,14,13,21,,,0
12100,ATLANTIC CITY-HAMMONTON,2020,TRUE,single_year,2020,TRUE,TRUE,23,51,46,,0,16,32,,0,31.4,62.7,5.9,0.0,70000,54000,123000,225000,3.25,51,51,82,0,,,,25,,,,,,0,0,0,32,,,0,0,0,,,0,,36,,,0,20,13,13,,,20,,,,,0,0
12100,ATLANTIC CITY-HAMMONTON,2021,TRUE,single_year,2021,TRUE,TRUE,15,86,74,10,,39,39,,0,45.3,45.3,9.3,0.0,74500,53000,105500,250000,2.99,86,85,97,0,30,11,,28,,,28,,,0,0,,49,,,,0,0,0,22,0,13,56,,16,0,35,23,22,,,28,27,12,11,,0,0
12100,ATLANTIC CITY-HAMMONTON,2022,TRUE,single_year,2022,TRUE,TRUE,17,57,51,,,27,25,,0,47.4,43.9,8.8,0.0,85000,62000,120000,295000,5.125,57,57,79,0,14,11,,16,,,13,10,,0,,0,32,,,0,,0,0,14,0,10,36,,,0,26,12,14,,,17,19,11,,,0,0
12100,ATLANTIC CITY-HAMMONTON,2023,TRUE,three_year_total,"2021,2022,2023",TRUE,TRUE,10,189,169,14,,90,85,14,0,47.6,45.0,7.4,0.0,,,,,,189,188,244,0,60,29,16,57,22,,56,25,,0,,,107,15,25,,,0,,39,0,27,132,,27,0,85,46,46,12,18,63,55,28,20,,0,0
12100,ATLANTIC CITY-HAMMONTON,2024,TRUE,single_year,2024,TRUE,TRUE,20,75,64,,,49,23,,0,65.3,30.7,4.0,0.0,128000,94750,191250,375000,6.625,74,73,111,,22,10,10,13,12,,21,,,0,,,54,,,0,0,0,,10,0,14,52,,,0,36,16,20,,,17,19,21,,,,
12100,ATLANTIC CITY-HAMMONTON,2025,TRUE,three_year_total,"2023,2024,2025",TRUE,TRUE,13,163,139,16,,103,55,,0,63.2,33.7,3.1,0.0,,,,,,162,161,309,,50,27,20,32,22,12,48,24,16,0,,,106,,30,,0,0,,15,0,28,122,,12,0,80,37,42,,16,50,37,34,15,,,
12220,AUBURN-OPELIKA,2018,TRUE,three_year_total,2018,TRUE,TRUE,19,,,0,0,,,0,0,40.0,60.0,0.0,0.0,,,,,,,,25,0,,0,0,,0,,,0,0,0,0,,,0,,0,0,0,0,0,0,0,,0,0,0,,,,0,,,0,0,0,0,0,0
12220,AUBURN-OPELIKA,2019,TRUE,three_year_total,"2018,2019",TRUE,TRUE,23,14,14,0,0,,,0,0,57.1,42.9,0.0,0.0,,,,,,14,13,56,0,,,0,,,,,,0,0,0,,,0,,0,0,0,0,,0,0,13,0,,0,,,,,,,,,,0,0,0
12220,AUBURN-OPELIKA,2020,TRUE,three_year_total,"2018,2019,2020",TRUE,TRUE,23,23,21,,0,14,,0,0,60.9,39.1,0.0,0.0,,,,,,22,20,73,,,,0,,,,,,0,0,0,,17,0,,0,0,0,0,,0,0,21,0,,0,10,,,,,,,,,0,0,
12220,AUBURN-OPELIKA,2021,TRUE,three_year_total,"2019,2020,2021",TRUE,TRUE,26,25,23,,0,17,,,0,68.0,28.0,4.0,0.0,,,,,,24,23,74,,,,,,,,,,0,0,0,,18,,,0,0,0,0,,0,0,22,0,,0,12,,,,,,,,,0,0,
12220,AUBURN-OPELIKA,2022,TRUE,three_year_total,"2020,2021,2022",TRUE,TRUE,26,23,21,,0,12,,,0,52.2,39.1,8.7,0.0,,,,,,22,21,60,,,,,,,,,,,0,0,,15,,0,0,0,0,0,,0,0,18,0,,0,11,,,,,,,,,0,0,
12220,AUBURN-OPELIKA,2023,TRUE,three_year_total,"2021,2022,2023",TRUE,TRUE,24,20,20,0,0,,,,0,45.0,30.0,25.0,0.0,,,,,,20,20,78,0,,,,,,0,,,,0,0,0,13,,0,0,0,0,0,,0,,14,0,,0,,,,,,,,,,0,0,0
12220,AUBURN-OPELIKA,2024,TRUE,three_year_total,"2022,2023,2024",TRUE,TRUE,27,22,22,0,0,13,,,0,59.1,22.7,18.2,0.0,,,,,,22,22,73,0,,,,,,,,,,,0,,15,,0,0,0,0,0,,0,,16,0,,0,,,,,,,,,,,0,0
12220,AUBURN-OPELIKA,2025,TRUE,three_year_total,"2023,2024,2025",TRUE,TRUE,26,18,18,0,0,15,0,,0,83.3,0.0,16.7,0.0,,,,,,18,18,78,0,,,,,,,,,,,0,,16,,0,0,0,0,0,,0,,15,0,,0,,,,,,,,,,,0,0
12260,AUGUSTA-RICHMOND COUNTY,2018,TRUE,three_year_total,2018,TRUE,TRUE,22,,,0,0,,,,0,14.3,71.4,14.3,0.0,,,,,,,,32,0,0,0,,,,,0,0,0,0,0,,,,0,0,0,0,0,0,0,0,,,0,0,,,,0,0,,,,0,0,0,0
12260,AUGUSTA-RICHMOND COUNTY,2019,TRUE,three_year_total,"2018,2019",TRUE,TRUE,29,23,19,,,12,,,,52.2,30.4,13.0,4.3,,,,,,23,18,97,0,,,,,,,,,0,0,0,,14,,0,0,0,0,0,,0,0,20,,,0,,,,,,,,,,,,0
12260,AUGUSTA-RICHMOND COUNTY,2020,TRUE,three_year_total,"2018,2019,2020",TRUE,TRUE,24,37,28,,,16,12,,,43.2,32.4,21.6,2.7,,,,,,36,31,142,0,,,,,,13,,,0,0,0,,24,11,0,0,0,0,0,,0,0,32,,,0,17,13,,,,14,,,,,,
12260,AUGUSTA-RICHMOND COUNTY,2021,TRUE,three_year_total,"2019,2020,2021",TRUE,TRUE,21,51,38,,,23,15,12,,45.1,29.4,23.5,2.0,,,,,,50,45,176,0,,,,12,,12,,,0,0,0,,32,14,0,0,0,0,0,,0,,43,0,,0,24,15,,,,18,,10,,,,
12260,AUGUSTA-RICHMOND COUNTY,2022,TRUE,three_year_total,"2020,2021,2022",TRUE,TRUE,19,51,39,,,20,18,13,0,39.2,35.3,25.5,0.0,,,,,,49,48,189,,,,,15,10,,,,0,0,,,26,12,,0,0,0,0,12,0,,37,0,13,0,21,13,,,,20,10,11,,,0,
12260,AUGUSTA-RICHMOND COUNTY,2023,TRUE,three_year_total,"2021,2022,2023",TRUE,TRUE,15,52,44,,,24,15,13,0,46.2,28.8,25.0,0.0,,,,,,51,50,191,,10,,0,14,13,,10,,0,0,,,25,10,,0,0,0,0,16,0,,33,0,17,0,19,10,12,11,,17,12,10,,,,
12260,AUGUSTA-RICHMOND COUNTY,2024,TRUE,three_year_total,"2022,2023,2024",TRUE,TRUE,20,48,40,,,27,,12,0,56.2,18.8,25.0,0.0,,,,,,47,43,164,,10,,,,12,10,10,,,0,,,21,,,0,0,0,0,18,0,,27,0,19,0,16,,12,12,,14,10,10,,,,
12260,AUGUSTA-RICHMOND COUNTY,2025,TRUE,three_year_total,"2023,2024,2025",TRUE,TRUE,21,52,44,,,31,,15,0,59.6,11.5,28.8,0.0,,,,,,50,42,140,,,,,,13,17,,,,0,,14,30,,0,,0,0,0,13,0,,36,0,12,0,23,10,13,,,17,10,,,,,0
12420,AUSTIN-ROUND ROCK-SAN MARCOS,2018,TRUE,single_year,2018,TRUE,TRUE,12,153,136,,,99,47,,0,64.7,30.7,4.6,0.0,101000,80000,132000,325000,4.75,153,139,342,,50,19,15,36,10,23,50,16,12,0,0,21,94,,16,,,0,,27,0,22,99,,26,0,65,31,46,11,,68,34,24,11,,,0
12420,AUSTIN-ROUND ROCK-SAN MARCOS,2019,TRUE,single_year,2019,TRUE,TRUE,7,180,164,,13,105,57,18,0,58.3,31.7,10.0,0.0,98000,76500,137000,345000,4.125,179,169,354,,55,24,24,41,20,16,54,19,19,0,,11,115,10,17,0,0,0,,37,0,27,111,,38,0,84,33,50,13,11,91,39,21,13,,,0
12420,AUSTIN-ROUND ROCK-SAN MARCOS,2020,TRUE,single_year,2020,TRUE,TRUE,12,180,161,,13,104,61,15,0,57.8,33.9,8.3,0.0,116000,85000,161000,385000,3.125,180,175,351,,56,32,22,45,14,11,55,30,10,,0,,106,,11,,0,,,54,0,20,106,,48,0,89,45,31,15,,88,49,22,10,,,0
12420,AUSTIN-ROUND ROCK-SAN MARCOS,2021,TRUE,single_year,2021,FALSE,TRUE,10,203,183,10,10,129,57,17,0,63.5,28.1,8.4,0.0,130000,100000,179000,485000,2.99,201,185,479,0,75,38,,46,15,20,75,32,,0,,19,110,,27,,0,,10,45,0,19,139,,43,0,99,42,47,15,13,85,60,21,14,,,
12420,AUSTIN-ROUND ROCK-SAN MARCOS,2022,TRUE,single_year,2022,TRUE,TRUE,16,151,143,,,104,41,,0,68.9,27.2,4.0,0.0,142500,104000,216750,515000,5.188,150,140,287,,52,42,,26,,15,51,36,,0,0,14,88,,17,,0,0,,36,0,23,92,,32,0,65,33,35,18,,68,38,18,,,,
12420,AUSTIN-ROUND ROCK-SAN MARCOS,2023,TRUE,single_year,2023,TRUE,TRUE,9,162,143,11,,83,68,11,0,51.2,42.0,6.8,0.0,162500,122500,220250,500000,6.624,160,149,118,0,50,21,13,49,14,15,48,18,,,0,14,95,11,17,0,0,,,34,0,20,102,,32,0,69,33,43,17,13,76,40,20,,,,0
12420,AUSTIN-ROUND ROCK-SAN MARCOS,2024,TRUE,single_year,2024,TRUE,TRUE,12,156,147,,,114,31,11,0,73.1,19.9,7.1,0.0,158000,113500,210000,475000,6.55,155,147,166,,50,24,33,26,11,12,48,22,31,,,11,99,,16,,0,,,31,0,31,95,,23,0,73,30,34,19,14,68,38,19,12,,,0
12420,AUSTIN-ROUND ROCK-SAN MARCOS,2025,TRUE,single_year,2025,TRUE,TRUE,12,131,122,,,89,27,15,0,67.9,20.6,11.5,0.0,141000,110250,204500,465000,6.375,130,121,177,,36,18,30,20,13,14,33,15,27,,0,12,72,12,15,0,,0,,26,0,31,77,,20,0,67,33,23,,14,51,37,19,,,,
12540,BAKERSFIELD-DELANO,2018,TRUE,single_year,2018,TRUE,TRUE,16,86,51,12,23,19,61,,0,22.1,70.9,7.0,0.0,67500,49250,93750,195000,4.75,86,85,195,,13,,,43,13,,13,,,0,,,63,13,,0,0,0,0,,0,46,33,0,,0,48,22,14,,,28,26,11,,,0,0
12540,BAKERSFIELD-DELANO,2019,TRUE,single_year,2019,TRUE,TRUE,15,84,51,14,19,24,51,,0,28.6,60.7,10.7,0.0,66000,48750,96000,205000,4.24,84,83,209,,11,,11,39,,,11,,,0,0,,62,,,0,0,0,,15,0,42,27,,14,0,43,25,14,,,28,13,16,17,,0,0
12540,BAKERSFIELD-DELANO,2020,TRUE,single_year,2020,TRUE,TRUE,14,90,56,14,20,16,66,,0,17.8,73.3,8.9,0.0,62500,49250,81250,245000,3.313,90,90,175,,12,,,52,10,,11,,,0,0,0,64,,,,0,0,0,15,0,46,33,0,11,0,46,21,16,,,40,16,18,,,0,0
12540,BAKERSFIELD-DELANO,2021,TRUE,single_year,2021,TRUE,TRUE,14,116,77,,31,37,67,12,0,31.9,57.8,10.3,0.0,74000,55500,102000,275000,2.99,115,116,247,,26,13,,59,11,,26,,0,0,0,,68,10,,0,0,,0,32,0,58,37,,19,,64,35,,,11,41,29,12,16,,,0
12540,BAKERSFIELD-DELANO,2022,TRUE,single_year,2022,TRUE,TRUE,16,86,67,10,,36,45,,0,41.9,52.3,5.8,0.0,76000,57250,96250,265000,5.112,86,86,206,,26,12,,31,,,25,10,0,0,0,,59,,,,0,,,17,0,47,23,,13,0,41,26,12,,12,23,24,17,,,0,0
12540,BAKERSFIELD-DELANO,2023,TRUE,single_year,2023,TRUE,TRUE,17,77,53,11,13,27,44,,0,35.1,57.1,7.8,0.0,92000,70000,117000,305000,6.625,77,77,152,,17,,10,32,,,17,,,0,,,54,,,,0,0,0,17,0,47,17,,12,0,33,22,17,,,29,19,10,,,0,0
12540,BAKERSFIELD-DELANO,2024,TRUE,single_year,2024,TRUE,TRUE,13,99,76,,16,50,42,,0,50.5,42.4,7.1,0.0,107000,86500,143500,355000,6.75,99,99,195,,19,16,21,31,,,18,11,18,0,,,62,,,,0,0,0,24,0,57,21,0,21,0,53,23,13,10,15,36,27,12,,,0,
12540,BAKERSFIELD-DELANO,2025,TRUE,single_year,2025,TRUE,TRUE,15,84,57,12,15,44,36,,0,52.4,42.9,4.8,0.0,104500,77750,156750,335000,6.625,84,84,187,,17,,26,28,,,16,,23,0,,0,52,,,,0,0,,21,0,49,18,0,17,0,44,19,18,,14,36,21,,,,0,0
12580,BALTIMORE-COLUMBIA-TOWSON,2018,TRUE,single_year,2018,TRUE,TRUE,13,146,105,27,14,47,87,12,0,32.2,59.6,8.2,0.0,80000,60000,120000,235000,4.75,145,141,180,,25,15,13,62,28,,23,12,,,0,,66,49,,0,0,,,20,0,,115,,22,0,68,42,21,15,11,72,34,16,,,,0
12580,BALTIMORE-COLUMBIA-TOWSON,2019,TRUE,single_year,2019,FALSE,TRUE,12,159,102,35,22,46,96,17,0,28.9,60.4,10.7,0.0,82000,57750,110250,235000,4.125,156,154,180,13,21,17,,73,30,10,21,13,,0,,,53,81,,,,,0,17,0,,136,0,16,0,89,47,14,,10,67,47,18,13,,,0
12580,BALTIMORE-COLUMBIA-TOWSON,2020,TRUE,single_year,2020,TRUE,TRUE,13,198,130,51,17,63,116,19,0,31.8,58.6,9.6,0.0,80000,57000,107000,255000,3.125,197,194,158,,29,16,17,102,29,,29,16,14,,,,72,76,,,,,,40,0,10,145,,39,0,101,58,24,15,22,95,46,19,12,,,0
12580,BALTIMORE-COLUMBIA-TOWSON,2021,TRUE,single_year,2021,FALSE,TRUE,12,270,196,52,22,74,170,26,0,27.4,63.0,9.6,0.0,86000,62000,121750,275000,2.875,270,268,250,11,32,39,15,144,34,,30,31,,0,,,87,113,,,,,,52,0,20,193,,51,0,136,75,35,24,12,123,74,27,22,,,0
12580,BALTIMORE-COLUMBIA-TOWSON,2022,TRUE,single_year,2022,TRUE,TRUE,11,218,156,45,17,68,129,21,0,31.2,59.2,9.6,0.0,94000,67250,132250,275000,4.875,216,212,234,,29,25,18,110,25,11,28,21,10,0,,,61,97,,0,,,,51,0,16,149,,50,0,100,75,16,27,,93,60,39,10,,,0
12580,BALTIMORE-COLUMBIA-TOWSON,2023,TRUE,single_year,2023,TRUE,TRUE,11,181,125,42,14,66,96,19,0,36.5,53.0,10.5,0.0,102000,70750,148750,285000,6.5,180,179,158,,24,17,21,77,35,,22,14,17,,,,41,88,,,0,0,,47,0,12,117,,51,0,96,49,11,25,11,65,55,33,11,,0,
12580,BALTIMORE-COLUMBIA-TOWSON,2024,TRUE,single_year,2024,FALSE,TRUE,8,225,144,59,22,134,69,22,0,59.6,30.7,9.8,0.0,114000,84000,171000,335000,6.625,224,224,196,18,27,24,72,52,40,10,25,21,69,,12,,56,108,11,,0,,,44,0,22,160,,39,0,95,81,33,16,15,90,60,40,15,,,0
12580,BALTIMORE-COLUMBIA-TOWSON,2025,TRUE,single_year,2025,FALSE,TRUE,8,222,157,45,20,110,77,35,0,49.5,34.7,15.8,0.0,120500,87000,172000,335000,6.5,220,213,219,14,30,10,56,68,42,16,30,,51,0,12,,68,89,,,0,0,,51,0,19,166,,35,0,104,71,31,16,17,81,58,33,24,,,0
12620,BANGOR,2018,TRUE,three_year_total,2018,TRUE,TRUE,22,44,37,,,13,27,,0,29.5,61.4,9.1,0.0,,,,,,44,40,72,,,,,19,,,,,0,0,0,,43,0,0,,0,0,0,0,0,,42,0,,0,26,10,,0,,20,,,,,,0
12620,BANGOR,2019,TRUE,three_year_total,"2018,2019",TRUE,TRUE,18,86,71,11,,32,46,,0,37.2,53.5,9.3,0.0,,,,,,85,79,155,,13,14,,34,11,,13,,,0,0,,81,,0,,0,0,0,,0,,81,0,,0,44,24,16,,14,38,13,,,,,0
12620,BANGOR,2020,TRUE,three_year_total,"2018,2019,2020",TRUE,TRUE,12,133,108,17,,46,76,11,0,34.6,57.1,8.3,0.0,,,,,,132,122,231,,18,17,10,62,13,13,18,12,,0,0,11,125,,,,0,0,0,,0,,124,0,,0,67,36,27,,25,52,22,15,12,,,0
12620,BANGOR,2021,TRUE,single_year,2021,TRUE,TRUE,22,52,44,,,24,26,,0,46.2,50.0,3.8,0.0,62000,49000,101500,185000,3.125,51,49,138,,,13,,23,,,,12,,0,0,,47,0,,0,0,0,,,0,,46,0,,0,27,12,12,,,23,,,,,0,0
12620,BANGOR,2022,TRUE,single_year,2022,TRUE,TRUE,22,59,42,15,,22,32,,0,37.3,54.2,8.5,0.0,67500,50250,85500,205000,4.625,58,58,88,,10,,,30,,,10,,,0,0,,50,,,0,0,0,0,,0,,53,0,,0,28,20,,,,31,,,,,0,0
12620,BANGOR,2023,TRUE,three_year_total,"2021,2022,2023",TRUE,TRUE,11,157,120,30,,63,82,12,0,40.1,52.2,7.6,0.0,,,,,,155,151,286,,30,27,13,67,13,,30,23,,0,0,,133,,,0,0,0,,13,0,,137,0,15,0,84,39,28,,24,70,26,21,11,,0,0
12620,BANGOR,2024,TRUE,single_year,2024,TRUE,TRUE,18,65,48,11,,29,33,,0,44.6,50.8,4.6,0.0,80000,66000,105000,275000,6.49,65,62,78,,,12,13,27,,,,11,10,0,0,,49,,0,,,0,,10,0,,56,,,0,38,15,12,0,19,22,14,,,,0,0
12620,BANGOR,2025,TRUE,single_year,2025,TRUE,TRUE,22,63,52,,,27,29,,0,42.9,46.0,11.1,0.0,82000,70250,109000,285000,6.499,62,61,50,0,10,,13,22,,,,,10,0,0,,48,,,,0,,,,0,0,55,,,0,31,,21,,22,19,,10,,,0,0
12700,BARNSTABLE TOWN,2018,TRUE,single_year,2018,TRUE,TRUE,21,51,46,,0,41,10,0,0,80.4,19.6,0.0,0.0,106000,75500,162500,405000,4.5,51,44,29,0,23,,,11,,,23,,,,,,41,,0,0,0,0,0,,0,,41,0,,0,17,,22,,,10,13,,,,,0
12700,BARNSTABLE TOWN,2019,TRUE,three_year_total,"2018,2019",TRUE,TRUE,19,79,72,,0,58,20,,0,73.4,25.3,1.3,0.0,,,,,,79,70,65,,30,,,18,,,30,,,,,,60,,0,0,0,0,0,17,0,,55,,20,0,29,12,30,,,22,16,14,12,,,0
12700,BARNSTABLE TOWN,2020,TRUE,three_year_total,"2018,2019,2020",TRUE,TRUE,15,103,94,,,79,21,,0,76.7,20.4,2.9,0.0,,,,,,102,92,104,,40,14,12,18,,11,40,11,11,,,10,78,,,0,0,0,0,22,0,,69,,27,0,38,20,35,10,,31,19,15,19,,,
12700,BARNSTABLE TOWN,2021,TRUE,three_year_total,"2019,2020,2021",TRUE,TRUE,17,98,88,,,69,23,,0,70.4,23.5,6.1,0.0,,,,,,97,91,133,,35,19,12,17,,,35,14,10,,,,71,,,0,0,0,0,23,0,,61,,29,0,44,24,18,12,,37,16,21,12,,,
12700,BARNSTABLE TOWN,2022,TRUE,three_year_total,"2020,2021,2022",TRUE,TRUE,19,93,82,,,66,22,,0,71.0,23.7,5.4,0.0,,,,,,92,88,152,,35,22,10,15,,,34,18,,,,,69,,,0,0,0,0,19,0,,61,,22,0,43,24,17,,,33,17,18,15,,,
12700,BARNSTABLE TOWN,2023,TRUE,three_year_total,"2021,2022,2023",TRUE,TRUE,20,88,76,,,60,24,,0,68.2,27.3,4.5,0.0,,,,,,87,82,138,,34,21,,15,,,33,15,,,,,65,,,,0,0,0,18,0,,59,,19,0,47,17,14,10,,29,20,20,10,,,
12700,BARNSTABLE TOWN,2024,TRUE,three_year_total,"2022,2023,2024",TRUE,TRUE,20,74,64,,,49,22,,0,66.2,29.7,4.1,0.0,,,,,,73,67,111,,28,13,,13,,,26,,,0,,,53,,0,,0,0,,13,0,10,50,,12,0,35,12,22,,,20,21,,14,,0,
12700,BARNSTABLE TOWN,2025,TRUE,three_year_total,"2023,2024,2025",TRUE,TRUE,20,66,57,,,47,16,,0,71.2,24.2,4.5,0.0,,,,,,65,55,83,,26,,10,10,,12,25,,,0,,11,48,,0,,0,0,,11,0,,45,,,0,28,12,22,,,14,23,,11,,0,
12940,BATON ROUGE,2018,TRUE,three_year_total,2018,TRUE,TRUE,19,39,21,,15,18,18,,0,46.2,46.2,7.7,0.0,,,,,,39,27,132,0,,,,17,,13,,,,0,0,12,22,14,,0,0,,0,,0,,35,0,,0,26,,11,0,,18,,,,0,0,0
12940,BATON ROUGE,2019,TRUE,three_year_total,"2018,2019",TRUE,TRUE,20,76,45,,28,31,36,,0,40.8,47.4,11.8,0.0,,,,,,76,59,256,,,,,30,12,21,,,,0,,18,36,33,,0,0,,,,0,,68,0,,0,48,12,14,,14,32,10,,12,,,0
12940,BATON ROUGE,2020,TRUE,three_year_total,"2018,2019,2020",TRUE,TRUE,20,109,69,,35,39,60,10,0,35.8,55.0,9.2,0.0,,,,,,109,87,357,,,,,51,15,28,,,,0,,24,45,54,,0,0,,,,0,,96,,,0,68,21,18,,18,51,16,,13,,,0
12940,BATON ROUGE,2021,TRUE,three_year_total,"2019,2020,2021",TRUE,TRUE,20,114,73,,38,37,69,,0,32.5,60.5,7.0,0.0,,,,,,114,98,338,,,,,58,14,25,,,,0,,21,40,59,,0,0,0,,,0,,98,,,0,65,33,14,,19,52,20,10,,,,0
12940,BATON ROUGE,2022,TRUE,three_year_total,"2020,2021,2022",TRUE,TRUE,20,122,76,,41,34,85,,0,27.9,69.7,2.5,0.0,,,,,,121,110,347,,,11,,73,,21,,,,0,,18,39,69,,0,0,0,,,0,,103,,,0,69,36,16,,18,58,25,12,,,,0
12940,BATON ROUGE,2023,TRUE,three_year_total,"2021,2022,2023",TRUE,TRUE,19,128,69,,54,44,78,,0,34.4,60.9,4.7,0.0,,,,,,127,112,335,,,13,,67,,24,,,,,,22,47,64,,,0,0,,12,0,,108,0,12,0,71,37,18,,21,56,29,14,,,,0
12940,BATON ROUGE,2024,TRUE,single_year,2024,TRUE,TRUE,19,56,33,,19,28,22,,0,50.0,39.3,10.7,0.0,112000,75250,169750,300000,6.75,54,44,85,,,,,19,,15,,,,0,0,14,29,18,0,0,0,,0,,0,,45,0,,0,30,11,14,,,22,18,,,,0,0
12940,BATON ROUGE,2025,TRUE,single_year,2025,TRUE,TRUE,18,64,42,,21,26,28,10,0,40.6,43.8,15.6,0.0,95000,79000,119000,280000,6.625,62,58,69,,,,10,23,15,10,,,,0,,10,19,32,,,0,0,0,11,0,,50,0,10,0,33,17,10,,,29,,,,,,0
12980,BATTLE CREEK,2018,TRUE,three_year_total,2018,TRUE,TRUE,28,,,,0,,,0,0,37.5,62.5,0.0,0.0,,,,,,,,,,0,,,,,,0,0,0,0,,,,,0,0,0,0,0,0,0,,,0,,0,,,0,,,,,0,,0,0,0
12980,BATTLE CREEK,2019,TRUE,three_year_total,"2018,2019",TRUE,TRUE,24,15,11,,0,,,0,0,46.7,53.3,0.0,0.0,,,,,,15,13,18,,0,,,,,,0,,0,0,,,10,,,0,0,0,0,0,0,,12,0,,0,10,,0,,,,,,,,0,0
12980,BATTLE CREEK,2020,TRUE,three_year_total,"2018,2019,2020",TRUE,TRUE,28,24,19,,0,15,,0,0,62.5,37.5,0.0,0.0,,,,,,24,20,24,,,,,,,,,,,0,,,17,,,0,0,0,0,,0,,19,,,0,14,,,,,10,,,,,0,0
12980,BATTLE CREEK,2021,TRUE,three_year_total,"2019,2020,2021",TRUE,TRUE,27,30,24,,,22,,0,0,73.3,26.7,0.0,0.0,,,,,,30,28,35,,,,,,,,,,,0,,0,20,,,0,0,0,0,,0,,25,,,0,17,,,0,,13,,,,,0,0
12980,BATTLE CREEK,2022,TRUE,three_year_total,"2020,2021,2022",TRUE,TRUE,22,39,28,,,24,12,,0,61.5,30.8,7.7,0.0,,,,,,39,37,43,,12,10,,10,,,12,10,,0,0,0,28,,,0,0,0,0,,0,,32,,,0,19,,,,,17,,,,,0,0
12980,BATTLE CREEK,2023,TRUE,three_year_total,"2021,2022,2023",TRUE,TRUE,23,39,27,,10,21,15,,0,53.8,38.5,7.7,0.0,,,,,,38,39,50,,11,,,13,,,11,,,0,,0,29,,,0,0,0,0,,0,,34,0,,0,19,,,,,17,,,,,0,0
12980,BATTLE CREEK,2024,TRUE,three_year_total,"2022,2023,2024",TRUE,TRUE,23,44,34,,,27,14,,0,61.4,31.8,6.8,0.0,,,,,,42,43,48,0,15,,,12,,,15,,,0,,,32,,,0,0,0,0,,0,,39,0,,0,17,13,11,,,16,,,,,,0
12980,BATTLE CREEK,2025,TRUE,three_year_total,"2023,2024,2025",TRUE,TRUE,24,42,35,,,32,,,0,76.2,21.4,2.4,0.0,,,,,,40,40,38,0,15,,,,,,15,,,0,,,32,,0,0,0,0,0,,0,,39,0,,0,15,17,,,,14,,10,,,,0
13020,BAY CITY,2018,TRUE,three_year_total,2018,TRUE,TRUE,23,,,,0,,,0,0,40.0,60.0,0.0,0.0,,,,,,,,12,0,,0,0,,,,,0,0,0,0,,,0,0,0,0,0,0,0,0,0,,0,0,0,,,,0,,,,,,0,0,0
13020,BAY CITY,2019,TRUE,three_year_total,"2018,2019",TRUE,TRUE,24,13,10,,0,,,,0,38.5,46.2,15.4,0.0,,,,,,13,10,24,0,,,0,,,,,,0,0,0,,10,,0,0,0,0,0,,0,0,12,0,,0,,,,0,,,,,,,0,0
13020,BAY CITY,2020,TRUE,three_year_total,"2018,2019,2020",TRUE,TRUE,24,25,20,,,11,10,,0,44.0,40.0,16.0,0.0,,,,,,25,22,40,0,,,0,,,,,,0,0,0,,18,,0,0,0,0,0,,0,0,21,0,,0,12,,,,,,,,,,,0
13020,BAY CITY,2021,TRUE,three_year_total,"2019,2020,2021",TRUE,TRUE,26,34,28,,,21,,,0,61.8,23.5,14.7,0.0,,,,,,34,30,54,,,,0,,,,,,0,0,,,26,,0,0,0,0,0,,0,0,27,0,,0,18,,,,,10,,,,,,0
13020,BAY CITY,2022,TRUE,three_year_total,"2020,2021,2022",TRUE,TRUE,22,37,33,,,25,,,0,67.6,24.3,8.1,0.0,,,,,,37,35,72,,11,11,0,,,,11,11,0,0,,,30,,0,0,0,0,,,0,0,28,0,,0,17,11,,,,11,,,,,,0
13020,BAY CITY,2023,TRUE,three_year_total,"2021,2022,2023",TRUE,TRUE,25,34,30,,0,25,,,0,73.5,23.5,2.9,0.0,,,,,,34,32,75,,13,,,,,,12,,0,,,,31,0,0,0,0,0,,,0,0,27,,,0,17,12,,0,,,,,,,,0
13020,BAY CITY,2024,TRUE,three_year_total,"2022,2023,2024",TRUE,TRUE,25,30,25,,,20,,,0,66.7,26.7,6.7,0.0,,,,,,30,30,79,0,10,,,,,,,,,,0,0,27,0,0,,0,0,,,0,0,24,,,0,15,,,0,,13,,,,,0,0
13020,BAY CITY,2025,TRUE,three_year_total,"2023,2024,2025",TRUE,TRUE,26,23,17,,,15,,,0,65.2,26.1,8.7,0.0,,,,,,23,22,63,0,,,,,,,,,,,0,,21,,0,,0,0,0,0,0,0,19,,,0,13,,,0,,,,,0,,0,0
13140,BEAUMONT-PORT ARTHUR,2018,TRUE,three_year_total,2018,TRUE,TRUE,24,,,0,,,,0,0,66.7,33.3,0.0,0.0,,,,,,,,17,0,,,0,,0,,,,0,0,0,,,0,0,0,0,0,,,0,0,,0,0,0,,,,0,0,,0,,0,,0,0
13140,BEAUMONT-PORT ARTHUR,2019,TRUE,three_year_total,"2018,2019",TRUE,TRUE,27,,,0,,,,0,0,77.8,22.2,0.0,0.0,,,,,,,,34,0,,,,,0,,,,,0,0,,,0,0,0,0,0,,,0,0,,0,0,0,,,,0,0,,,,0,,0,0
13140,BEAUMONT-PORT ARTHUR,2020,TRUE,three_year_total,"2018,2019,2020",TRUE,TRUE,24,10,,0,,,,0,0,80.0,20.0,0.0,0.0,,,,,,10,,61,0,,,,,0,,,,,0,0,,,0,0,0,0,0,,,0,0,10,0,0,0,,,,0,0,,,,0,,0,0
13140,BEAUMONT-PORT ARTHUR,2021,TRUE,three_year_total,"2019,2020,2021",TRUE,TRUE,28,,,0,0,,,0,0,57.1,42.9,0.0,0.0,,,,,,,,75,0,,,,,,0,,,,0,0,0,,,,0,0,0,0,,0,0,,0,,0,,,,0,,,,,0,,0,0
13140,BEAUMONT-PORT ARTHUR,2022,TRUE,three_year_total,"2020,2021,2022",TRUE,TRUE,30,,,0,,,,0,0,22.2,77.8,0.0,0.0,,,,,,,,95,,,,,,,,,,0,0,0,0,,,,0,0,0,0,,0,,,0,,0,,,,0,,,,,0,0,0,0
13140,BEAUMONT-PORT ARTHUR,2023,TRUE,three_year_total,"2021,2022,2023",TRUE,TRUE,26,16,13,0,,,10,,0,31.2,62.5,6.2,0.0,,,,,,16,15,96,,,,,,,,,,0,0,0,,,,,0,0,0,0,,0,,12,0,,0,,,,0,,,,,0,0,0,0
13140,BEAUMONT-PORT ARTHUR,2024,TRUE,three_year_total,"2022,2023,2024",TRUE,TRUE,25,17,14,0,,,,,0,35.3,47.1,17.6,0.0,,,,,,17,16,95,,,,,,,,,,0,0,0,,12,,,0,0,0,0,0,0,,14,0,,0,,,,0,,,,,0,0,0,0
13140,BEAUMONT-PORT ARTHUR,2025,TRUE,three_year_total,"2023,2024,2025",TRUE,TRUE,25,30,26,0,,14,11,,0,46.7,36.7,16.7,0.0,,,,,,30,29,91,0,,,,,,,,,,0,0,,18,,,0,0,0,0,,0,,20,,,0,18,,,0,,10,,,,,0,0
13220,BECKLEY,2018,TRUE,three_year_total,2018,TRUE,TRUE,15,,,0,0,,0,0,0,100.0,0.0,0.0,0.0,,,,,,,,,0,,0,0,0,0,0,,0,0,0,0,0,,0,0,0,0,0,0,0,0,0,,0,0,0,,0,,0,0,,0,,,0,0,0
13220,BECKLEY,2019,TRUE,three_year_total,"2018,2019",TRUE,TRUE,17,,,0,0,,0,0,0,100.0,0.0,0.0,0.0,,,,,,,,11,0,,0,0,0,0,,,0,0,0,0,,,0,0,0,0,0,0,0,0,0,,0,0,0,,,,0,0,,0,,,0,0,0
13220,BECKLEY,2020,TRUE,three_year_total,"2018,2019,2020",TRUE,TRUE,20,,,0,0,,0,0,0,100.0,0.0,0.0,0.0,,,,,,,,23,0,,0,0,0,0,,,0,0,0,0,,,,0,0,0,0,0,0,0,,,0,0,0,,,,,0,,0,,,0,0,0
13220,BECKLEY,2021,TRUE,three_year_total,"2019,2020,2021",TRUE,TRUE,25,,,,,,,0,0,87.5,12.5,0.0,0.0,,,,,,,,31,0,,,0,0,0,,,0,0,0,0,,,,0,0,0,0,0,0,0,,,0,0,0,,,,,,,,0,,0,0,0
13220,BECKLEY,2022,TRUE,three_year_total,"2020,2021,2022",TRUE,TRUE,23,14,12,,,11,,0,0,78.6,21.4,0.0,0.0,,,,,,14,,46,0,,,0,,0,,,,0,0,0,,13,,0,0,0,0,0,0,0,,13,0,0,0,,,,,,,,,,0,,0
13220,BECKLEY,2023,TRUE,three_year_total,"2021,2022,2023",TRUE,TRUE,18,17,14,,,14,,0,0,82.4,17.6,0.0,0.0,,,,,,17,10,49,0,,,0,,0,12,,,0,0,0,12,17,0,0,0,0,0,0,0,0,0,17,0,0,0,,,,,,,,,,0,,0
13220,BECKLEY,2024,TRUE,three_year_total,"2022,2023,2024",TRUE,TRUE,22,20,19,,0,18,,0,0,90.0,10.0,0.0,0.0,,,,,,20,11,45,0,0,,,,,14,0,,,0,,14,19,,0,0,0,0,0,0,0,0,18,0,,0,,,,,,,,,,,,0
13220,BECKLEY,2025,TRUE,three_year_total,"2023,2024,2025",TRUE,TRUE,21,18,17,,0,18,0,0,0,100.0,0.0,0.0,0.0,,,,,,18,12,35,0,,,,0,,14,,,,0,,14,16,,0,0,0,0,0,0,0,0,16,0,,0,,,,,,,,,,,0,0
13380,BELLINGHAM,2018,TRUE,three_year_total,2018,TRUE,TRUE,24,31,29,0,,25,,,0,80.6,16.1,3.2,0.0,,,,,,30,29,53,0,17,,,,0,,17,,,0,0,,24,0,,0,0,0,,,0,0,27,0,,0,,,15,,,,,,,,0,
13380,BELLINGHAM,2019,TRUE,three_year_total,"2018,2019",TRUE,TRUE,24,57,51,,,45,,,0,78.9,14.0,7.0,0.0,,,,,,56,55,121,,32,,,,,,32,,,0,0,,43,0,,0,0,0,,,0,0,48,,,0,19,,26,,,14,15,10,,,0,
13380,BELLINGHAM,2020,TRUE,three_year_total,"2018,2019,2020",TRUE,TRUE,17,92,77,,10,73,12,,0,79.3,13.0,7.6,0.0,,,,,,91,90,183,,54,14,,,,,54,13,,0,0,,62,0,,0,0,0,,20,0,0,70,,21,0,30,,40,13,,28,24,15,12,,,
13380,BELLINGHAM,2021,TRUE,three_year_total,"2019,2020,2021",TRUE,TRUE,18,109,92,,,86,13,10,0,78.9,11.9,9.2,0.0,,,,,,109,109,208,,66,23,,,,,65,18,,0,0,,67,,,0,,0,,27,0,,78,,27,0,33,12,49,15,,31,35,20,11,,,0
13380,BELLINGHAM,2022,TRUE,three_year_total,"2020,2021,2022",TRUE,TRUE,17,127,109,10,,106,13,,0,83.5,10.2,6.3,0.0,,,,,,126,127,177,,86,23,,,,,85,18,,0,0,,71,,12,0,,0,,37,0,,85,,35,0,34,16,59,18,,39,35,23,15,,,0
13380,BELLINGHAM,2023,TRUE,three_year_total,"2021,2022,2023",TRUE,TRUE,18,119,108,,,97,16,,0,81.5,13.4,5.0,0.0,,,,,,117,119,143,,82,17,,,,,81,13,,0,0,,76,,10,0,,0,,26,0,,87,,23,0,32,15,61,11,,33,35,21,15,,,0
13380,BELLINGHAM,2024,TRUE,three_year_total,"2022,2023,2024",TRUE,TRUE,17,112,96,,,98,12,,0,87.5,10.7,1.8,0.0,,,,,,109,112,86,,79,10,13,,,0,79,10,,0,,0,74,,10,,0,0,,21,0,,88,,17,0,31,15,56,10,,31,31,16,17,,,
13380,BELLINGHAM,2025,TRUE,three_year_total,"2023,2024,2025",TRUE,TRUE,23,101,85,,,83,14,,0,82.2,13.9,4.0,0.0,,,,,,98,100,69,,66,,15,,,,65,,,0,,,73,,,,0,0,,11,0,,84,,12,0,30,11,56,,,27,35,10,12,,,
13460,BEND,2018,TRUE,three_year_total,2018,TRUE,TRUE,19,22,22,0,0,17,,0,0,77.3,22.7,0.0,0.0,,,,,,18,21,42,0,14,,0,,0,,14,,0,0,0,,17,0,0,0,0,0,0,,0,,16,0,,0,,,11,,0,,,,,,,
13460,BEND,2019,TRUE,three_year_total,"2018,2019",TRUE,TRUE,22,47,44,,,36,,,0,76.6,19.1,4.3,0.0,,,,,,40,46,73,0,31,,,,,,31,,,0,0,,38,0,0,0,0,0,0,,0,,36,0,,0,12,10,18,,0,,11,,,,,
13460,BEND,2020,TRUE,three_year_total,"2018,2019,2020",TRUE,TRUE,21,79,71,,,62,13,,0,78.5,16.5,5.1,0.0,,,,,,71,77,103,0,49,,,11,,,49,,,0,,,61,0,,0,0,0,,15,0,,60,,16,0,19,16,35,,,16,24,13,,,,
13460,BEND,2021,TRUE,three_year_total,"2019,2020,2021",TRUE,TRUE,23,92,80,,,69,14,,0,75.0,15.2,9.8,0.0,,,,,,87,91,127,,57,10,,,,,57,,,0,,,74,,,0,0,0,,13,0,,75,,14,0,28,17,40,,,24,31,13,,,,
13460,BEND,2022,TRUE,three_year_total,"2020,2021,2022",TRUE,TRUE,20,98,87,,,76,14,,0,77.6,14.3,8.2,0.0,,,,,,94,95,130,,60,14,,10,,,59,11,,0,,,74,,,0,0,0,,18,0,,75,,19,0,32,13,44,,,25,33,16,12,,,
13460,BEND,2023,TRUE,three_year_total,"2021,2022,2023",TRUE,TRUE,20,94,84,,,71,17,,0,75.5,18.1,6.4,0.0,,,,,,88,92,111,,60,15,,11,,,59,,,0,0,,65,,,0,0,0,,26,0,,64,,25,0,34,12,35,13,,29,26,18,,,,
13460,BEND,2024,TRUE,three_year_total,"2022,2023,2024",TRUE,TRUE,15,91,76,10,,71,18,,0,78.0,19.8,2.2,0.0,,,,,,86,88,58,0,51,13,11,12,,,48,,11,0,0,,60,0,,0,0,0,,29,0,,55,,29,0,30,15,31,15,,33,21,18,,,,
13460,BEND,2025,TRUE,three_year_total,"2023,2024,2025",TRUE,TRUE,15,82,69,,,58,21,,0,70.7,25.6,3.7,0.0,,,,,,78,81,57,0,41,,14,14,,,38,,14,0,0,,55,0,,0,0,0,0,24,0,,50,,23,0,30,13,27,12,,36,19,12,,0,,
13740,BILLINGS,2018,TRUE,three_year_total,2018,TRUE,TRUE,24,27,22,,,13,13,,0,48.1,48.1,3.7,0.0,,,,,,27,25,60,,,,,,,,,,,0,0,,25,0,0,0,0,0,0,,0,0,25,0,,0,10,,,,,10,,,0,,,0
13740,BILLINGS,2019,TRUE,three_year_total,"2018,2019",TRUE,TRUE,21,48,42,,,24,20,,0,50.0,41.7,8.3,0.0,,,,,,48,43,125,,12,,,13,,,12,,,0,,,45,0,,0,0,0,0,,0,0,46,0,,0,20,12,14,,,19,10,,,,,0
13740,BILLINGS,2020,TRUE,three_year_total,"2018,2019,2020",TRUE,TRUE,19,72,62,,,39,27,,0,54.2,37.5,8.3,0.0,,,,,,72,65,172,,22,,,20,,11,22,,,0,,,66,0,,0,0,0,0,,0,0,68,0,,0,29,16,24,,,28,13,,,11,,0
13740,BILLINGS,2021,TRUE,three_year_total,"2019,2020,2021",TRUE,TRUE,24,71,62,,,38,27,,0,53.5,38.0,8.5,0.0,,,,,,71,66,224,,23,,,23,,,23,,,0,,,64,0,,,0,0,,,0,0,67,,,0,33,15,21,,,25,16,,,,,0
13740,BILLINGS,2022,TRUE,three_year_total,"2020,2021,2022",TRUE,TRUE,21,72,61,,,40,27,,0,55.6,37.5,6.9,0.0,,,,,,70,69,244,,27,11,,23,,,27,,,0,0,,66,0,,,0,0,,,0,0,68,,,0,30,15,25,,,20,20,,11,,,0
13740,BILLINGS,2023,TRUE,three_year_total,"2021,2022,2023",TRUE,TRUE,21,76,65,,,43,29,,0,56.6,38.2,5.3,0.0,,,,,,74,75,252,,29,15,,24,,,29,10,,0,0,,69,0,0,,0,0,,,0,,69,,,0,28,17,29,,,22,24,,,,,0
13740,BILLINGS,2024,TRUE,three_year_total,"2022,2023,2024",TRUE,TRUE,21,77,65,,,51,20,,0,66.2,26.0,7.8,0.0,,,,,,74,71,197,,25,17,,17,,,25,13,,0,0,,69,0,,,0,0,,,0,,69,0,,0,24,14,37,,,21,22,,,,,0
13740,BILLINGS,2025,TRUE,three_year_total,"2023,2024,2025",TRUE,TRUE,16,95,81,,,71,19,,0,74.7,20.0,5.3,0.0,,,,,,90,82,163,,33,14,13,17,,13,33,12,13,0,0,13,84,0,,,0,0,,,0,,78,,,0,32,12,47,,12,28,20,,14,,,0
13780,BINGHAMTON,2018,TRUE,single_year,2018,TRUE,TRUE,22,78,70,,,33,42,,0,42.3,53.8,3.8,0.0,48000,37500,61500,95000,4.75,75,78,65,,13,11,,35,,,13,10,,,,0,65,,,0,0,0,0,,0,,66,,,0,46,17,12,,11,26,19,,,,,
13780,BINGHAMTON,2019,TRUE,single_year,2019,TRUE,TRUE,20,70,65,,0,28,37,,0,40.0,52.9,7.1,0.0,55500,42000,74750,95000,4.125,70,65,72,,10,,,29,,13,10,,,0,,,56,,,0,0,0,,,0,,61,0,,0,41,16,12,,15,26,15,,,,0,0
13780,BINGHAMTON,2020,TRUE,single_year,2020,TRUE,TRUE,24,65,54,,,25,38,,0,38.5,58.5,3.1,0.0,49000,35000,69000,95000,3.25,65,63,63,,11,,,34,,,11,,,0,,,51,,,0,0,,0,,0,,57,,,0,39,17,,,12,26,12,,,,0,0
13780,BINGHAMTON,2021,TRUE,single_year,2021,TRUE,TRUE,19,113,107,,,60,49,,0,53.1,43.4,3.5,0.0,57000,42000,81000,115000,3,113,107,92,,27,21,,45,,,26,20,,,,,80,,,0,0,0,,18,0,,90,,19,0,61,33,10,,14,45,18,19,14,,,0
13780,BINGHAMTON,2022,TRUE,single_year,2022,TRUE,TRUE,15,99,86,12,,49,48,,0,49.5,48.5,2.0,0.0,60500,44250,72500,125000,4.813,98,90,123,,19,13,,42,,10,19,12,,0,,,76,,,0,0,0,0,10,0,,86,0,,0,46,34,16,,17,43,15,13,,,0,0
13780,BINGHAMTON,2023,TRUE,single_year,2023,TRUE,TRUE,23,64,59,,,29,32,,0,45.3,50.0,4.7,0.0,67000,49250,88250,135000,6.75,64,59,106,0,10,,,28,,,10,,,0,,,37,,,,0,0,0,14,0,,48,,,0,32,21,,,,24,16,,,,0,0
13780,BINGHAMTON,2024,TRUE,single_year,2024,TRUE,TRUE,20,63,56,,,37,22,,0,58.7,34.9,6.3,0.0,65000,54000,86500,145000,6.5,63,61,112,,12,,16,15,,,11,,14,0,,,39,11,,0,0,0,0,,0,,50,,,0,35,14,12,,,22,12,12,,,,0
13780,BINGHAMTON,2025,TRUE,single_year,2025,TRUE,TRUE,20,53,49,,,39,14,0,0,73.6,26.4,0.0,0.0,85000,60000,103000,155000,6.563,53,52,136,,16,,16,11,,,16,,15,0,,,25,,12,0,0,0,,,0,,42,0,,0,31,11,,,,19,11,,,,0,0
13820,BIRMINGHAM,2018,TRUE,three_year_total,2018,TRUE,TRUE,27,19,14,,,12,,,0,63.2,26.3,10.5,0.0,,,,,,19,14,26,0,,,,,0,,,,,0,0,,16,,,0,0,0,0,,0,0,15,0,,0,,,,,,,,,,0,,0
13820,BIRMINGHAM,2019,TRUE,three_year_total,"2018,2019",TRUE,TRUE,25,36,27,,,25,,,0,69.4,22.2,8.3,0.0,,,,,,36,24,79,0,,,,,,17,,,,0,0,14,29,,,0,0,0,0,,0,,30,0,,0,18,,10,,,10,,,,,,0
13820,BIRMINGHAM,2020,TRUE,three_year_total,"2018,2019,2020",TRUE,TRUE,22,53,41,,,35,15,,0,66.0,28.3,5.7,0.0,,,,,,53,36,124,0,,,,11,,26,,,,0,0,23,42,,,0,0,0,0,,0,,47,0,,0,28,,15,,10,16,,,,,,0
13820,BIRMINGHAM,2021,TRUE,three_year_total,"2019,2020,2021",TRUE,TRUE,24,57,47,,,39,16,,0,68.4,28.1,3.5,0.0,,,,,,57,38,155,,,,,12,,26,,,,0,,26,41,,,,0,0,0,,0,,48,0,,0,26,,18,,,14,11,11,,,,0
13820,BIRMINGHAM,2022,TRUE,three_year_total,"2020,2021,2022",TRUE,TRUE,25,51,42,,,32,17,,0,62.7,33.3,3.9,0.0,,,,,,51,38,173,,,,,13,,20,,,,0,,20,36,,,,0,0,0,,0,,41,0,,0,25,,15,,,16,,12,,,,0
13820,BIRMINGHAM,2023,TRUE,three_year_total,"2021,2022,2023",TRUE,TRUE,21,60,50,,,40,16,,0,66.7,26.7,6.7,0.0,,,,,,60,43,182,,13,,,13,,23,13,,,0,,21,40,,,,0,0,,,0,,45,0,,0,27,14,15,,,22,10,17,,,0,0
13820,BIRMINGHAM,2024,TRUE,three_year_total,"2022,2023,2024",TRUE,TRUE,18,64,55,,,48,13,,0,75.0,20.3,4.7,0.0,,,,,,64,49,192,0,13,,,12,,24,13,,,,,22,44,13,,0,0,0,,,0,10,51,0,,0,31,16,16,,,22,13,13,,,0,0
13820,BIRMINGHAM,2025,TRUE,three_year_total,"2023,2024,2025",TRUE,TRUE,22,91,81,,,73,13,,0,80.2,14.3,5.5,0.0,,,,,,91,70,170,,18,,,,10,39,18,,,,,35,60,18,,0,0,,,,0,,75,0,,0,36,26,27,,,28,22,13,,,,0
13900,BISMARCK,2018,TRUE,three_year_total,2018,TRUE,TRUE,17,18,17,,0,,,,0,44.4,50.0,5.6,0.0,,,,,,18,15,37,0,,,,,,,,,0,0,0,,18,0,0,0,0,0,0,0,0,0,18,0,0,0,12,,,0,,11,,0,0,0,0,0
13900,BISMARCK,2019,TRUE,three_year_total,"2018,2019",TRUE,TRUE,21,44,41,,0,17,25,,0,38.6,56.8,4.5,0.0,,,,,,44,36,68,0,,,,,16,,,,,0,0,,39,,0,,0,0,0,,0,,37,,,0,27,,,0,10,24,,,0,0,0,0
13900,BISMARCK,2020,TRUE,three_year_total,"2018,2019,2020",TRUE,TRUE,18,73,67,,,29,37,,0,39.7,50.7,9.6,0.0,,,,,,72,57,96,,,10,,11,19,16,,10,,0,0,,64,,0,,0,0,0,,0,,60,,,0,45,14,12,,17,33,13,,,0,0,0
13900,BISMARCK,2021,TRUE,three_year_total,"2019,2020,2021",TRUE,TRUE,15,88,79,,,36,46,,0,40.9,52.3,6.8,0.0,,,,,,86,72,123,,13,10,,18,22,16,13,10,,0,0,,74,,0,,0,0,0,11,0,,69,,12,0,47,21,16,,19,38,14,12,,,,0
13900,BISMARCK,2022,TRUE,three_year_total,"2020,2021,2022",TRUE,TRUE,14,85,74,,,39,40,,0,45.9,47.1,7.1,0.0,,,,,,83,70,133,,14,12,,18,16,17,14,12,,0,0,,71,,0,0,0,0,0,13,0,,69,0,14,0,42,17,17,,23,33,11,,,,,0
13900,BISMARCK,2023,TRUE,three_year_total,"2021,2022,2023",TRUE,TRUE,16,77,68,,,38,35,,0,49.4,45.5,5.2,0.0,,,,,,76,65,131,0,12,11,,14,17,17,12,10,,0,,11,63,,0,0,0,0,,11,0,,63,,12,0,34,14,21,,24,28,,,,,,0
13900,BISMARCK,2024,TRUE,three_year_total,"2022,2023,2024",TRUE,TRUE,20,72,61,,10,35,31,,0,48.6,43.1,8.3,0.0,,,,,,72,62,108,0,10,,,14,18,15,10,,,0,,10,57,,0,,0,0,,10,0,,60,,,0,36,,21,,26,24,,,,,,0
13900,BISMARCK,2025,TRUE,three_year_total,"2023,2024,2025",TRUE,TRUE,17,80,72,0,,39,35,,0,48.8,43.8,7.5,0.0,,,,,,80,66,101,0,10,,14,14,24,17,10,0,13,0,,12,65,,,,0,0,,,0,,67,,,0,44,11,23,,23,30,12,,,,,0
13980,BLACKSBURG-CHRISTIANSBURG-RADFORD,2018,TRUE,three_year_total,2018,TRUE,TRUE,13,10,10,0,0,10,0,0,0,100.0,0.0,0.0,0.0,,,,,,10,,26,0,,0,0,0,0,,,0,0,0,0,,10,0,0,0,0,0,0,0,0,0,10,0,0,0,,,,0,0,,,,,,0,0
13980,BLACKSBURG-CHRISTIANSBURG-RADFORD,2019,TRUE,three_year_total,"2018,2019",TRUE,TRUE,13,16,15,,0,16,0,0,0,100.0,0.0,0.0,0.0,,,,,,16,,58,0,,0,0,0,0,12,,0,0,0,0,12,16,0,0,0,0,0,0,0,0,0,16,0,0,0,,,,0,0,,,,,,,0
13980,BLACKSBURG-CHRISTIANSBURG-RADFORD,2020,TRUE,three_year_total,"2018,2019,2020",TRUE,TRUE,13,18,17,,0,18,0,0,0,100.0,0.0,0.0,0.0,,,,,,18,,85,0,,0,0,0,0,14,,0,0,0,0,14,18,0,0,0,0,0,0,0,0,0,18,0,0,0,,,,0,0,,,,,,,0
13980,BLACKSBURG-CHRISTIANSBURG-RADFORD,2021,TRUE,three_year_total,"2019,2020,2021",TRUE,TRUE,23,19,16,,0,15,,,0,78.9,15.8,5.3,0.0,,,,,,19,,96,0,,,,,,11,,,0,0,0,11,18,0,0,0,0,0,0,,0,0,18,0,,0,,,,,0,,,,,,,0
13980,BLACKSBURG-CHRISTIANSBURG-RADFORD,2022,TRUE,three_year_total,"2020,2021,2022",TRUE,TRUE,22,25,22,,0,19,,,0,76.0,20.0,4.0,0.0,,,,,,25,13,92,0,,,,,,14,,,0,0,0,14,23,,0,0,0,0,0,,0,0,24,0,,0,,,12,,,,,,,,0,0
13980,BLACKSBURG-CHRISTIANSBURG-RADFORD,2023,TRUE,three_year_total,"2021,2022,2023",TRUE,TRUE,22,27,23,,0,21,,,0,77.8,18.5,3.7,0.0,,,,,,27,15,83,0,,,,,,14,,,,0,0,14,23,,0,0,0,0,0,,0,0,24,0,,0,,,13,,,,10,,,,0,0
13980,BLACKSBURG-CHRISTIANSBURG-RADFORD,2024,TRUE,three_year_total,"2022,2023,2024",TRUE,TRUE,24,29,25,,,27,,0,0,93.1,6.9,0.0,0.0,,,,,,29,,69,0,0,,,,,24,0,,,0,0,24,26,,0,0,0,0,0,,0,0,25,,,0,,,15,,,,,,,,,0
13980,BLACKSBURG-CHRISTIANSBURG-RADFORD,2025,TRUE,three_year_total,"2023,2024,2025",TRUE,TRUE,20,25,20,,,25,0,0,0,100.0,0.0,0.0,0.0,,,,,,25,,54,0,0,,,0,0,23,0,,,0,0,23,23,0,0,0,0,0,0,,0,0,20,,,0,10,,,,,,,,,,,0
14010,BLOOMINGTON,2018,TRUE,three_year_total,2018,TRUE,TRUE,26,14,11,,,,,0,0,64.3,35.7,0.0,0.0,,,,,,14,14,41,,,,,,,0,,,,0,0,0,12,0,0,0,0,0,0,,0,0,12,,,0,,,,,,,,,,0,,0
14010,BLOOMINGTON,2019,TRUE,three_year_total,"2018,2019",TRUE,TRUE,26,25,21,,,18,,0,0,72.0,28.0,0.0,0.0,,,,,,25,23,96,,11,,,,,,11,,,0,0,,23,0,0,0,0,0,0,,0,0,23,,,0,,,,,,,,,,,,0
14010,BLOOMINGTON,2020,TRUE,three_year_total,"2018,2019,2020",TRUE,TRUE,25,40,33,,,28,12,0,0,70.0,30.0,0.0,0.0,,,,,,39,38,143,,17,,,,,,17,,,0,0,,34,,,0,0,0,0,,0,0,36,,,0,14,15,,,,11,,,,,,
14010,BLOOMINGTON,2021,TRUE,three_year_total,"2019,2020,2021",TRUE,TRUE,26,50,42,,,31,18,,0,62.0,36.0,2.0,0.0,,,,,,49,46,174,,17,,,,,,17,,,0,0,,38,,,0,0,0,,,0,,43,0,,0,24,14,,,,15,,,,,0,
14010,BLOOMINGTON,2022,TRUE,three_year_total,"2020,2021,2022",TRUE,TRUE,20,61,48,,,27,31,,0,44.3,50.8,4.9,0.0,,,,,,60,59,179,,14,10,,15,13,,14,,,0,,,42,,,0,0,0,,10,0,,46,0,11,0,32,15,,,12,19,11,,,,0,
14010,BLOOMINGTON,2023,TRUE,three_year_total,"2021,2022,2023",TRUE,TRUE,23,59,47,,,23,32,,0,39.0,54.2,6.8,0.0,,,,,,59,56,179,,10,,,19,14,,10,,,0,,,42,,,0,0,0,,,0,,44,0,,0,34,11,,,,21,14,,,,0,0
14010,BLOOMINGTON,2024,TRUE,three_year_total,"2022,2023,2024",TRUE,TRUE,27,52,41,,,24,24,,0,46.2,46.2,7.7,0.0,,,,,,52,47,142,,,,,14,12,,,,,0,,,41,,,0,0,0,,,0,,40,,,0,32,,,,11,19,,,,,0,0
14010,BLOOMINGTON,2025,TRUE,three_year_total,"2023,2024,2025",TRUE,TRUE,29,40,30,,,26,11,,0,65.0,27.5,7.5,0.0,,,,,,40,34,128,0,,,,,,,,,,0,,,32,,,0,0,0,,,0,,34,,,0,22,,,,,15,,,,,0,0
14020,BLOOMINGTON,2018,TRUE,three_year_total,2018,TRUE,TRUE,17,,,0,0,,0,,0,66.7,0.0,33.3,0.0,,,,,,,,22,0,0,0,0,0,,,0,0,0,0,0,,,0,0,0,0,0,0,0,0,0,,,0,0,,0,,0,,0,0,,,0,0,0
14020,BLOOMINGTON,2019,TRUE,three_year_total,"2018,2019",TRUE,TRUE,24,10,10,0,0,,,,0,60.0,30.0,10.0,0.0,,,,,,10,,51,0,,0,0,,,,,0,0,0,0,,,0,0,0,0,0,0,,0,0,,,,0,,,,,,,0,,,0,,0
14020,BLOOMINGTON,2020,TRUE,three_year_total,"2018,2019,2020",TRUE,TRUE,26,22,19,,0,14,,,0,63.6,27.3,9.1,0.0,,,,,,21,16,81,0,,,,,,,,,0,0,0,,19,,0,0,0,0,0,,0,,17,,,0,10,,,,,,,,,0,,0
14020,BLOOMINGTON,2021,TRUE,three_year_total,"2019,2020,2021",TRUE,TRUE,21,37,33,,0,26,,,0,70.3,21.6,8.1,0.0,,,,,,36,26,91,0,10,,,,,13,10,,0,0,0,12,33,,0,0,0,0,0,,0,,31,,,0,16,,17,,,12,,,,,,0
14020,BLOOMINGTON,2022,TRUE,three_year_total,"2020,2021,2022",TRUE,TRUE,20,49,44,,0,34,10,,0,69.4,20.4,10.2,0.0,,,,,,48,36,104,0,16,,,,,16,14,,0,0,0,14,43,,0,0,0,0,,,0,,40,,,0,25,,19,0,,15,,,,,,0
14020,BLOOMINGTON,2023,TRUE,three_year_total,"2021,2022,2023",TRUE,TRUE,21,46,44,,0,33,,,0,71.7,19.6,8.7,0.0,,,,,,45,31,94,0,15,,,,,17,13,,0,0,,15,40,,0,0,0,0,,,0,,38,,,0,20,,21,0,,12,,,11,,,0
14020,BLOOMINGTON,2024,TRUE,three_year_total,"2022,2023,2024",TRUE,TRUE,24,39,35,,0,27,,,0,69.2,23.1,7.7,0.0,,,,,,38,29,76,0,11,,,,,11,,,,0,,10,33,,0,0,0,0,,,0,,33,,,0,21,,12,0,,10,,,,,,0
14020,BLOOMINGTON,2025,TRUE,three_year_total,"2023,2024,2025",TRUE,TRUE,25,32,28,,,23,,,0,71.9,21.9,6.2,0.0,,,,,,31,21,56,0,,,,,,11,,,,0,,11,28,,0,0,0,0,0,,0,0,29,0,,0,12,,14,,,,,,,,,0
14100,BLOOMSBURG-BERWICK,2018,TRUE,three_year_total,2018,TRUE,TRUE,27,17,13,,0,10,,0,0,58.8,41.2,0.0,0.0,,,,,,17,14,37,0,,,,,,,,,,0,0,,12,,,0,0,0,,,0,0,12,,,0,,,,,,,,,0,,0,0
14100,BLOOMSBURG-BERWICK,2019,TRUE,three_year_total,"2018,2019",TRUE,TRUE,26,25,20,,0,14,11,0,0,56.0,44.0,0.0,0.0,,,,,,25,19,76,0,,,,,,,,,,0,0,,18,,,0,0,0,,,0,0,19,,,0,11,,,,,,,,,,0,0
14100,BLOOMSBURG-BERWICK,2020,TRUE,three_year_total,"2018,2019,2020",FALSE,TRUE,18,57,46,11,0,32,25,0,0,56.1,43.9,0.0,0.0,,,,,,56,41,108,0,,10,,18,,21,,,,0,0,19,46,,,0,0,0,,,0,,46,,,0,30,11,12,,12,15,12,,,,0,
14100,BLOOMSBURG-BERWICK,2021,TRUE,three_year_total,"2019,2020,2021",TRUE,TRUE,14,67,58,,,35,32,0,0,52.2,47.8,0.0,0.0,,,,,,66,53,122,0,,14,,25,,20,,11,0,0,0,18,56,,0,0,0,0,0,,0,,53,0,,0,41,12,11,,12,18,14,10,,,0,
14100,BLOOMSBURG-BERWICK,2022,TRUE,three_year_total,"2020,2021,2022",TRUE,TRUE,14,71,63,,,36,34,,0,50.7,47.9,1.4,0.0,,,,,,70,60,157,0,,16,,29,0,16,,13,,0,0,14,59,,0,0,0,0,0,10,0,,54,0,,0,42,14,11,,12,20,18,11,,,0,
14100,BLOOMSBURG-BERWICK,2023,TRUE,three_year_total,"2021,2022,2023",TRUE,TRUE,16,60,53,,,28,29,,0,46.7,48.3,5.0,0.0,,,,,,59,59,158,0,13,14,,23,,,13,10,,0,,,47,,0,0,0,0,0,10,0,10,42,0,,0,37,12,,,10,21,13,,,,0,0
14260,BOISE CITY,2018,TRUE,single_year,2018,TRUE,TRUE,22,56,49,,,30,21,,0,53.6,37.5,8.9,0.0,72000,50000,104000,285000,4.75,53,56,195,0,22,,0,17,,,22,,0,0,0,,49,0,0,0,0,,,,0,,44,,,0,23,,20,,,19,11,,,,,
14260,BOISE CITY,2019,TRUE,single_year,2019,TRUE,TRUE,17,82,74,,,55,23,,0,67.1,28.0,4.9,0.0,70000,56000,94750,290000,4.188,82,82,142,,48,,,20,,0,48,,,0,0,0,65,0,,0,0,0,,11,,,59,,14,0,30,16,29,,12,19,12,14,12,,,0
14260,BOISE CITY,2020,TRUE,single_year,2020,TRUE,TRUE,19,83,72,,10,44,31,,0,53.0,37.3,9.6,0.0,81500,61750,114750,355000,3.125,82,83,186,,34,,12,20,,,34,,,0,0,,63,0,,0,0,0,,15,0,,60,,14,0,38,13,22,10,,33,23,,,,,
14260,BOISE CITY,2021,TRUE,single_year,2021,TRUE,TRUE,15,58,54,,,40,14,,0,69.0,24.1,6.9,0.0,102500,70750,160500,420000,3.125,56,58,222,0,29,11,,12,,,29,10,,0,0,0,37,0,,0,0,0,,14,0,,39,,13,0,24,10,17,,,25,10,12,,,0,0
14260,BOISE CITY,2022,TRUE,single_year,2022,TRUE,TRUE,26,54,47,,,42,,,0,77.8,16.7,5.6,0.0,122000,82000,219500,525000,4.25,51,53,130,0,34,,,,,,34,,,0,0,,39,,,0,0,0,,10,0,,42,,,0,14,,29,,,14,12,,,,,
14260,BOISE CITY,2023,TRUE,three_year_total,"2021,2022,2023",TRUE,TRUE,16,157,143,,,113,36,,0,72.0,22.9,5.1,0.0,,,,,,148,156,416,0,92,19,,25,,,91,18,,0,0,,105,,,,0,0,,36,0,,111,,36,0,49,23,66,19,13,48,34,26,15,13,,
14260,BOISE CITY,2024,TRUE,single_year,2024,TRUE,TRUE,23,50,44,,,40,,,0,80.0,14.0,6.0,0.0,115500,74250,178750,455000,6.687,50,50,64,0,25,,10,,,0,24,,,0,0,0,36,,,0,0,0,,,0,,38,,,0,22,,17,,11,13,,,,,,0
14260,BOISE CITY,2025,TRUE,three_year_total,"2023,2024,2025",TRUE,TRUE,14,136,121,,,96,28,12,0,70.6,20.6,8.8,0.0,,,,,,132,135,211,,68,13,23,20,,,65,12,16,,0,,94,,,,0,0,,30,0,17,90,,28,0,55,18,48,15,18,34,29,16,15,16,,
14454,BOSTON,2018,TRUE,single_year,2018,FALSE,TRUE,5,1156,842,284,30,602,530,24,0,52.1,45.8,2.1,0.0,106000,85000,136000,505000,4.5,1152,1108,886,41,317,119,216,354,80,70,303,86,123,19,37,34,545,310,108,,,,28,156,0,211,759,25,161,0,442,274,370,70,29,485,336,192,82,26,,
14454,BOSTON,2019,TRUE,single_year,2019,FALSE,TRUE,5,1102,843,235,24,573,507,22,0,52.0,46.0,2.0,0.0,115000,92000,150000,555000,4,1097,1064,803,94,289,111,193,384,83,42,280,89,119,21,27,37,547,287,89,,,,30,143,0,201,740,14,146,,453,228,367,54,36,453,306,176,96,29,,0
14454,BOSTON,2020,TRUE,single_year,2020,FALSE,TRUE,3,1060,821,216,23,527,506,27,0,49.7,47.7,2.5,0.0,112000,89000,145750,585000,3,1054,1026,622,84,297,110,140,377,95,41,288,77,49,21,58,34,510,253,110,,0,,23,157,0,224,674,22,140,0,461,231,312,56,46,476,286,135,84,29,,0
14454,BOSTON,2021,TRUE,single_year,2021,FALSE,TRUE,6,1310,1005,277,28,661,611,38,0,50.5,46.6,2.9,0.0,120000,97000,160000,655000,2.875,1302,1289,932,80,433,153,166,459,76,23,428,107,42,25,38,21,591,323,160,,,,13,203,,247,844,25,194,0,517,295,424,74,62,547,378,195,99,24,,
14454,BOSTON,2022,TRUE,single_year,2022,FALSE,TRUE,4,1024,811,192,21,561,437,26,0,54.8,42.7,2.5,0.0,146000,118000,181000,695000,4.5,1017,985,824,59,355,137,158,293,41,40,342,105,49,10,16,39,428,268,117,,,,26,176,0,220,628,24,152,0,394,232,338,60,36,407,312,169,79,20,,0
14454,BOSTON,2023,TRUE,single_year,2023,FALSE,TRUE,5,726,560,154,12,402,305,19,0,55.4,42.0,2.6,0.0,167000,132750,219000,715000,6.375,724,710,508,37,239,117,131,190,28,21,235,85,51,0,14,17,288,180,88,,0,,24,139,,131,455,21,118,,264,139,274,49,21,306,227,98,58,14,,0
14454,BOSTON,2024,TRUE,single_year,2024,FALSE,TRUE,5,790,561,211,18,536,241,13,0,67.8,30.5,1.6,0.0,182000,149000,243000,765000,6.575,785,775,539,56,237,133,220,163,21,16,227,118,155,,12,16,327,199,84,,,,20,152,0,153,514,20,103,0,314,166,279,31,28,345,228,115,55,15,,0
14454,BOSTON,2025,TRUE,single_year,2025,FALSE,TRUE,4,775,592,170,13,534,213,28,0,68.9,27.5,3.6,0.0,185500,152000,244000,805000,6.375,766,759,632,45,231,123,217,145,37,22,221,110,164,10,13,16,364,189,80,,,,24,110,0,191,472,24,88,0,283,170,285,37,36,291,231,120,69,25,,0
14500,BOULDER,2018,TRUE,three_year_total,2018,TRUE,TRUE,26,,,0,,,0,0,0,100.0,0.0,0.0,0.0,,,,,,,,50,0,,,,0,0,,,,,0,0,,,0,0,0,0,0,0,,0,0,,0,,0,,,,,0,,0,,0,,,0
14500,BOULDER,2019,TRUE,three_year_total,"2018,2019",TRUE,TRUE,24,31,26,,,29,,,0,93.5,3.2,3.2,0.0,,,,,,28,21,93,,15,,,,0,11,15,,,0,0,10,25,0,,0,0,0,0,,0,0,23,,,0,,,16,,0,,,,,,,
14500,BOULDER,2020,TRUE,three_year_total,"2018,2019,2020",TRUE,TRUE,21,53,40,10,,46,,,0,86.8,7.5,5.7,0.0,,,,,,49,43,125,,29,,,,,12,28,,,,0,10,40,0,,0,0,0,,10,0,0,39,,13,0,12,10,24,,,15,,12,,,,
14500,BOULDER,2021,TRUE,three_year_total,"2019,2020,2021",TRUE,TRUE,21,81,53,25,,67,,,0,82.7,11.1,6.2,0.0,,,,,,76,74,126,,52,,0,,,,50,,0,,0,,57,,,0,0,0,,19,0,,52,,26,0,24,17,31,,,21,19,19,10,,,
14500,BOULDER,2022,TRUE,three_year_total,"2020,2021,2022",TRUE,TRUE,18,87,54,31,,75,,,0,86.2,9.2,4.6,0.0,,,,,,80,87,133,,64,10,0,,,,62,10,0,,,0,57,,,0,0,0,,23,0,,54,,28,0,26,19,31,11,,20,22,18,11,,,
14500,BOULDER,2023,TRUE,three_year_total,"2021,2022,2023",TRUE,TRUE,23,84,51,30,,74,,,0,88.1,8.3,3.6,0.0,,,,,,77,83,128,,63,,,,,,62,,,0,,,54,,,,0,0,,24,0,,49,,27,0,24,18,32,10,0,16,23,18,,,,
14500,BOULDER,2024,TRUE,three_year_total,"2022,2023,2024",TRUE,TRUE,23,69,48,16,,63,,,0,91.3,7.2,1.4,0.0,,,,,,62,68,105,,48,,,,,,47,,,0,,,48,0,,,0,0,,17,0,,43,,16,0,17,12,31,,,12,14,11,,13,,
14500,BOULDER,2025,TRUE,three_year_total,"2023,2024,2025",TRUE,TRUE,22,50,37,,,41,,,0,82.0,12.0,6.0,0.0,,,,,,48,49,92,0,28,,,,,,27,,,0,0,,37,0,0,,0,0,0,12,0,,30,,10,0,14,,25,,,,12,,,11,0,
14540,BOWLING GREEN,2018,TRUE,three_year_total,2018,TRUE,TRUE,24,17,15,,,11,,,0,64.7,29.4,5.9,0.0,,,,,,16,16,88,0,,,0,,,,,,0,0,0,,14,,,0,0,0,0,0,0,0,16,,0,0,,,,0,,,,,,,0,0
14540,BOWLING GREEN,2019,TRUE,three_year_total,"2018,2019",TRUE,TRUE,21,41,34,,,25,15,,0,61.0,36.6,2.4,0.0,,,,,,40,36,162,,12,,,,10,,12,,,0,0,,35,,,0,0,0,0,0,0,0,39,,,0,20,,17,0,,11,12,,,,,0
14540,BOWLING GREEN,2020,TRUE,three_year_total,"2018,2019,2020",TRUE,TRUE,23,64,52,,,42,20,,0,65.6,31.2,3.1,0.0,,,,,,63,54,255,,20,,,,11,13,20,,,0,0,13,54,,,0,0,0,,,0,,58,,,0,26,,27,,,17,16,,,,,0
14540,BOWLING GREEN,2021,TRUE,three_year_total,"2019,2020,2021",TRUE,TRUE,21,67,53,,10,44,21,,0,65.7,31.3,3.0,0.0,,,,,,66,53,249,,19,,,11,,17,19,,,0,0,17,54,,,0,0,0,,,0,,60,0,,0,27,,27,,,20,17,,,,,0
14540,BOWLING GREEN,2022,TRUE,three_year_total,"2020,2021,2022",TRUE,TRUE,22,65,56,,,48,14,,0,73.8,21.5,4.6,0.0,,,,,,63,46,252,,20,,,,,24,20,,,0,0,23,51,,,0,0,,,,0,,56,0,,0,23,13,25,,,17,15,12,,,,0
14540,BOWLING GREEN,2023,TRUE,three_year_total,"2021,2022,2023",TRUE,TRUE,21,60,54,0,,44,13,,,73.3,21.7,3.3,1.7,,,,,,58,41,226,0,18,,,,,23,18,,0,0,0,22,50,,,0,0,,,,0,,52,,,0,25,11,23,,,15,14,10,,,,0
14540,BOWLING GREEN,2024,TRUE,three_year_total,"2022,2023,2024",TRUE,TRUE,22,62,58,,,51,,,,82.3,11.3,4.8,1.6,,,,,,61,43,207,0,26,,,,,24,26,,,0,0,22,55,,0,0,0,,,,0,,53,,,0,26,15,21,0,,14,10,16,,,,0
14540,BOWLING GREEN,2025,TRUE,three_year_total,"2023,2024,2025",TRUE,TRUE,19,68,60,,,58,,,,85.3,10.3,2.9,1.5,,,,,,67,51,187,,32,,,,,19,32,,,0,0,18,64,,0,0,0,0,0,0,0,,59,,,0,28,13,27,0,,13,11,13,11,,,0
14580,BOZEMAN,2024,TRUE,three_year_total,2024,TRUE,TRUE,19,17,14,,0,15,,,0,88.2,5.9,5.9,0.0,,,,,,17,16,24,,13,,,0,0,,12,,,0,0,,12,0,0,0,0,0,0,,0,0,12,0,,0,,0,12,,0,,,,,0,,0
14580,BOZEMAN,2025,TRUE,three_year_total,"2024,2025",TRUE,TRUE,22,41,30,10,,37,,,0,90.2,4.9,4.9,0.0,,,,,,39,36,43,,28,,,0,0,,26,,,0,0,,32,0,0,0,0,0,0,,0,,29,,,0,,,28,,,13,14,,,0,,
14740,BREMERTON-SILVERDALE-PORT ORCHARD,2018,TRUE,three_year_total,2018,TRUE,TRUE,26,29,25,,,15,,,0,51.7,24.1,24.1,0.0,,,,,,29,28,48,,10,,,,,,10,,,0,0,,21,0,,,0,0,0,,0,,22,0,,0,12,,,,,13,,,,0,,0
14740,BREMERTON-SILVERDALE-PORT ORCHARD,2019,TRUE,single_year,2019,TRUE,TRUE,26,51,48,,0,32,,14,0,62.7,9.8,27.5,0.0,77000,59000,102000,335000,4.313,51,48,38,,17,,,,12,,17,,,0,,,33,,,0,0,,,,0,,42,,,0,20,,21,,,19,14,,,,,0
14740,BREMERTON-SILVERDALE-PORT ORCHARD,2020,TRUE,three_year_total,"2018,2019,2020",TRUE,TRUE,19,120,107,,,67,20,33,0,55.8,16.7,27.5,0.0,,,,,,120,116,121,,42,13,12,16,29,,42,10,,0,,,79,,,,,,,22,0,,90,,25,0,48,17,42,13,,47,30,16,,,,0
14740,BREMERTON-SILVERDALE-PORT ORCHARD,2021,TRUE,three_year_total,"2019,2020,2021",TRUE,TRUE,18,134,116,11,,78,23,33,0,58.2,17.2,24.6,0.0,,,,,,133,131,133,,51,18,,20,28,,51,14,,0,,,86,,,,,,,27,0,,95,,32,0,54,18,45,17,,47,38,18,,10,,0
14740,BREMERTON-SILVERDALE-PORT ORCHARD,2022,TRUE,three_year_total,"2020,2021,2022",TRUE,TRUE,16,130,110,11,,78,26,26,0,60.0,20.0,20.0,0.0,,,,,,129,129,127,,58,18,,21,23,,58,15,,0,,,83,,10,,,0,,27,0,,88,,33,0,58,17,39,16,,39,34,23,13,,,0
14740,BREMERTON-SILVERDALE-PORT ORCHARD,2023,TRUE,three_year_total,"2021,2022,2023",TRUE,TRUE,15,125,107,11,,69,35,21,0,55.2,28.0,16.8,0.0,,,,,,124,124,113,,53,18,10,26,15,,52,13,,0,,,79,,,,0,,,27,0,,85,,28,0,54,14,42,15,12,37,30,23,12,,,0
14740,BREMERTON-SILVERDALE-PORT ORCHARD,2024,TRUE,three_year_total,"2022,2023,2024",TRUE,TRUE,13,122,106,,,66,31,25,0,54.1,25.4,20.5,0.0,,,,,,122,121,76,,47,16,17,21,19,,45,11,,0,0,,72,,,0,0,,10,28,0,,83,,27,0,50,17,42,13,13,34,29,20,17,,,0
14740,BREMERTON-SILVERDALE-PORT ORCHARD,2025,TRUE,three_year_total,"2023,2024,2025",TRUE,TRUE,16,92,81,,,41,26,25,0,44.6,28.3,27.2,0.0,,,,,,92,92,69,,27,,18,18,19,,25,,12,0,0,0,54,,,0,,,,22,0,,62,,21,0,32,17,34,,11,27,27,11,12,,,0
14860,BRIDGEPORT-STAMFORD-DANBURY,2018,TRUE,single_year,2018,TRUE,TRUE,8,473,348,117,,166,295,12,0,35.1,62.4,2.5,0.0,81000,65000,108000,285000,4.75,473,453,210,17,89,47,67,179,54,37,86,34,31,0,,,246,98,64,,0,,,51,0,157,268,,42,0,222,109,122,20,21,192,118,92,41,,0,0
14860,BRIDGEPORT-STAMFORD-DANBURY,2019,TRUE,single_year,2019,TRUE,TRUE,9,505,396,96,13,193,306,,0,38.2,60.6,1.2,0.0,81000,66000,105000,305000,4.125,504,492,250,31,90,66,81,222,25,21,83,48,50,,,,243,121,50,10,,,,67,0,179,264,,55,0,263,99,124,19,19,181,169,95,28,12,0,
14860,BRIDGEPORT-STAMFORD-DANBURY,2020,TRUE,single_year,2020,TRUE,TRUE,12,499,356,132,11,188,303,,0,37.7,60.7,1.6,0.0,84000,69000,105000,335000,3.125,499,494,187,15,90,58,91,227,24,,87,41,49,,,,229,135,33,,,,,85,0,192,240,,60,0,243,148,96,12,33,199,132,84,41,,,0
14860,BRIDGEPORT-STAMFORD-DANBURY,2021,TRUE,single_year,2021,FALSE,TRUE,7,801,593,183,25,267,514,20,0,33.3,64.2,2.5,0.0,88000,72000,111000,385000,2.99,799,798,309,15,165,124,108,362,36,,160,87,11,,,,394,172,62,10,,,10,147,0,326,362,11,102,0,413,205,148,35,39,278,259,150,59,15,0,
14860,BRIDGEPORT-STAMFORD-DANBURY,2022,TRUE,single_year,2022,TRUE,TRUE,11,500,397,93,10,213,282,,0,42.6,56.4,1.0,0.0,102000,83000,130000,415000,4.75,500,497,286,,124,81,87,187,18,,120,62,23,0,,,242,109,46,,0,,,87,0,224,214,,56,0,247,109,125,19,29,158,158,100,45,,,0
14860,BRIDGEPORT-STAMFORD-DANBURY,2023,TRUE,single_year,2023,TRUE,TRUE,10,347,270,71,,202,144,,0,58.2,41.5,0.3,0.0,118000,96000,161500,435000,6.625,347,344,182,14,121,61,60,81,19,,119,40,27,,11,,183,66,31,,0,,,51,0,156,148,,35,0,175,63,95,14,21,117,116,55,25,11,,0
14860,BRIDGEPORT-STAMFORD-DANBURY,2024,TRUE,single_year,2024,TRUE,TRUE,12,315,232,75,,207,101,,0,65.7,32.1,2.2,0.0,133000,108000,173000,505000,6.625,312,307,243,,95,47,85,57,18,13,90,39,58,,,,167,47,28,,,0,,65,0,159,118,,35,0,158,73,72,12,15,106,115,51,22,,,0
14860,BRIDGEPORT-STAMFORD-DANBURY,2025,TRUE,single_year,2025,TRUE,TRUE,10,279,230,42,,189,85,,0,67.7,30.5,1.8,0.0,149000,120000,196000,565000,6.625,277,270,251,,75,50,72,49,22,11,72,45,53,0,,10,140,50,36,0,0,,,46,0,117,128,,30,0,129,56,86,,15,88,98,48,20,,,0
15180,BROWNSVILLE-HARLINGEN,2018,TRUE,three_year_total,2018,TRUE,TRUE,19,22,16,,,,15,,0,13.6,68.2,18.2,0.0,,,,,,22,22,52,0,,,0,11,,0,,,0,0,0,0,21,0,0,0,0,0,0,,0,18,,,0,0,10,,,0,,11,,,,,0,0
15180,BROWNSVILLE-HARLINGEN,2019,TRUE,three_year_total,"2018,2019",TRUE,TRUE,21,39,32,,,,29,,0,10.3,74.4,15.4,0.0,,,,,,39,38,81,0,,,,21,10,,,,0,0,0,,37,0,0,0,0,0,0,,0,33,,,,0,20,,10,,,18,11,,,,0,0
15180,BROWNSVILLE-HARLINGEN,2020,TRUE,three_year_total,"2018,2019,2020",TRUE,TRUE,17,78,59,,12,14,52,12,0,17.9,66.7,15.4,0.0,,,,,,77,73,134,,,,,38,20,,,,,0,0,,68,0,,0,0,0,0,,0,60,12,,,0,38,14,24,,,29,18,13,10,,0,0
15180,BROWNSVILLE-HARLINGEN,2021,TRUE,three_year_total,"2019,2020,2021",TRUE,TRUE,15,93,70,,14,24,57,12,0,25.8,61.3,12.9,0.0,,,,,,92,86,144,,,12,,42,17,10,,,,0,0,,78,,,0,0,0,0,10,0,68,19,,,0,49,15,26,,,31,24,20,11,,0,0
15180,BROWNSVILLE-HARLINGEN,2022,TRUE,single_year,2022,TRUE,TRUE,22,51,35,,15,10,30,11,0,19.6,58.8,21.6,0.0,85000,66000,114000,305000,5.125,51,49,61,,,,,22,12,,,,0,0,0,,43,,,0,0,0,0,,0,38,,,,0,29,,,,,28,,,,0,0,0
15180,BROWNSVILLE-HARLINGEN,2023,TRUE,three_year_total,"2021,2022,2023",TRUE,TRUE,13,132,98,,29,34,74,24,0,25.8,56.1,18.2,0.0,,,,,,132,127,186,,17,15,,55,26,15,16,13,0,0,0,,103,,,,0,0,,19,0,97,19,,14,0,75,24,25,,10,62,31,18,,,,0
15180,BROWNSVILLE-HARLINGEN,2024,TRUE,three_year_total,"2022,2023,2024",TRUE,TRUE,17,137,107,,26,36,76,25,0,26.3,55.5,18.2,0.0,,,,,,137,134,173,,19,,10,59,28,12,18,,,0,,,102,,,,,0,,25,0,104,15,,15,0,77,24,29,,13,68,30,13,,,,0
15180,BROWNSVILLE-HARLINGEN,2025,TRUE,single_year,2025,TRUE,TRUE,20,63,49,,12,25,31,,0,39.7,49.2,11.1,0.0,89500,76000,130250,305000,6.25,62,62,49,,12,,13,20,,,11,,,0,0,,56,,,0,0,0,0,,0,51,,,,0,37,13,11,,11,27,14,,,,,0
15260,BRUNSWICK-ST. SIMONS,2018,TRUE,three_year_total,2018,TRUE,TRUE,23,,,,0,,0,,0,87.5,0.0,12.5,0.0,,,,,,,,25,0,,,0,0,0,,,,0,0,0,,,0,0,0,0,0,0,0,0,0,,0,,0,,,,0,0,,,,0,0,,0
15260,BRUNSWICK-ST. SIMONS,2019,TRUE,three_year_total,"2018,2019",TRUE,TRUE,23,12,11,,0,10,,,0,83.3,8.3,8.3,0.0,,,,,,12,,48,,,,,,0,,,,,0,0,,11,0,0,0,0,0,0,,0,0,10,0,,0,,,,0,0,,,,0,0,,0
15260,BRUNSWICK-ST. SIMONS,2020,TRUE,three_year_total,"2018,2019,2020",TRUE,TRUE,26,16,15,,0,12,,,0,75.0,12.5,12.5,0.0,,,,,,16,11,63,,,,,,,,,,,0,0,,13,,,0,0,0,0,,0,0,12,,,0,,,,0,0,,,,0,0,,0
15260,BRUNSWICK-ST. SIMONS,2021,TRUE,three_year_total,"2019,2020,2021",TRUE,TRUE,29,10,10,0,0,,,,0,50.0,40.0,10.0,0.0,,,,,,10,10,61,,,,,,,,,,,0,0,,,,,0,0,0,0,,0,0,,,,0,,,,0,,,,,0,0,,0
15260,BRUNSWICK-ST. SIMONS,2022,TRUE,three_year_total,"2020,2021,2022",TRUE,TRUE,25,,,0,0,,,,0,42.9,42.9,14.3,0.0,,,,,,,,52,0,0,,0,,,,0,,0,0,0,,,,,0,0,0,0,0,0,0,,,,0,,,,0,,,,0,0,0,0,0
15260,BRUNSWICK-ST. SIMONS,2023,TRUE,three_year_total,"2021,2022,2023",TRUE,TRUE,29,14,11,,,10,,,0,71.4,21.4,7.1,0.0,,,,,,14,12,60,,,,0,,,,,,0,0,,,11,,0,0,0,,,0,0,,10,,,0,,,,0,,,,,,,0,0
15260,BRUNSWICK-ST. SIMONS,2024,TRUE,three_year_total,"2022,2023,2024",TRUE,TRUE,31,30,26,,,28,,,0,93.3,3.3,3.3,0.0,,,,,,29,27,55,,10,,,,,,10,,,0,,,23,,,0,0,,,,0,,24,,,0,,,14,,,,11,,,,,0
15260,BRUNSWICK-ST. SIMONS,2025,TRUE,three_year_total,"2023,2024,2025",TRUE,TRUE,27,42,38,,,39,,,0,92.9,4.8,2.4,0.0,,,,,,41,37,65,,17,,,,,11,17,,,0,,11,34,,,0,0,,,,0,,35,,,0,16,,17,,,,15,,10,,,0
15380,BUFFALO-CHEEKTOWAGA,2018,TRUE,single_year,2018,TRUE,TRUE,7,745,693,42,10,446,274,25,0,59.9,36.8,3.4,0.0,52000,41000,73000,145000,4.625,723,701,417,,171,99,81,238,104,52,168,78,62,38,60,40,545,67,61,,,,,62,0,27,652,,62,0,398,189,126,32,87,373,140,78,54,10,,0
15380,BUFFALO-CHEEKTOWAGA,2019,TRUE,single_year,2019,TRUE,TRUE,7,742,690,35,17,454,259,29,0,61.2,34.9,3.9,0.0,55000,41000,74000,155000,4.125,728,713,466,,147,101,129,240,82,43,141,84,106,40,51,32,533,70,62,,,,,67,0,34,634,,70,0,399,203,106,34,79,386,120,90,46,18,,0
15380,BUFFALO-CHEEKTOWAGA,2020,TRUE,single_year,2020,FALSE,TRUE,6,742,686,41,15,452,254,36,0,60.9,34.2,4.9,0.0,55000,43000,77000,165000,3.25,733,705,381,12,133,134,96,229,109,41,129,116,76,42,51,38,512,81,64,,,,,70,0,29,639,,70,0,374,243,90,35,94,358,148,72,45,21,,0
15380,BUFFALO-CHEEKTOWAGA,2021,TRUE,single_year,2021,TRUE,TRUE,4,993,920,59,14,616,339,38,0,62.0,34.1,3.8,0.0,56000,41000,79000,175000,3,965,968,548,,269,180,81,314,114,35,263,152,50,61,67,23,657,103,118,,,,10,93,0,47,826,15,105,0,533,290,134,36,115,477,181,115,68,27,10,0
15380,BUFFALO-CHEEKTOWAGA,2022,TRUE,single_year,2022,TRUE,TRUE,6,827,754,50,23,496,300,31,0,60.0,36.3,3.7,0.0,64000,48000,86000,195000,4.995,809,816,521,,217,162,77,258,88,25,213,136,56,24,55,12,501,93,111,,,0,,111,0,49,669,,105,0,452,233,107,35,99,396,168,92,54,16,,0
15380,BUFFALO-CHEEKTOWAGA,2023,TRUE,single_year,2023,FALSE,TRUE,7,773,705,53,15,486,259,28,0,62.9,33.5,3.6,0.0,69000,51000,95000,195000,6.5,764,770,391,10,186,143,119,220,96,,176,118,89,37,63,,438,106,115,,,,,102,0,36,636,10,91,0,424,205,106,38,103,341,174,83,41,24,,0
15380,BUFFALO-CHEEKTOWAGA,2024,TRUE,single_year,2024,FALSE,TRUE,5,863,781,60,22,599,231,33,0,69.4,26.8,3.8,0.0,71500,56000,96000,215000,6.625,854,833,381,14,187,103,249,191,95,38,178,87,224,14,69,27,473,144,130,,0,,,96,0,48,731,,77,0,462,254,113,34,105,395,188,96,54,17,,0
15380,BUFFALO-CHEEKTOWAGA,2025,TRUE,single_year,2025,TRUE,TRUE,6,875,799,53,23,602,236,37,0,68.8,27.0,4.2,0.0,75000,57250,110000,225000,6.5,862,873,490,,188,124,271,188,94,10,180,106,244,11,59,,499,115,139,,,,13,101,0,56,725,,85,0,474,244,132,25,103,364,223,93,57,23,12,0
15500,BURLINGTON,2018,TRUE,three_year_total,2018,TRUE,TRUE,17,,,,0,,0,,0,66.7,0.0,33.3,0.0,,,,,,,,18,0,0,0,0,0,0,,0,0,0,0,0,,,0,0,0,0,0,0,,0,0,,0,,0,,,0,0,0,0,,0,,0,0,0
15500,BURLINGTON,2019,TRUE,three_year_total,"2018,2019",TRUE,TRUE,21,,,,0,,,,0,60.0,20.0,20.0,0.0,,,,,,,,33,0,0,0,0,0,,,0,0,0,0,0,,,0,0,0,0,0,0,,0,0,,0,,0,,,,0,0,0,,,,0,0,0
15500,BURLINGTON,2020,TRUE,three_year_total,"2018,2019,2020",TRUE,TRUE,25,,,,0,,,,0,75.0,12.5,12.5,0.0,,,,,,,,62,0,0,,0,0,,,0,,0,0,0,,,0,0,0,0,0,0,,0,0,,0,,0,,,,0,0,,,,,,0,0
15500,BURLINGTON,2021,TRUE,three_year_total,"2019,2020,2021",TRUE,TRUE,25,,,,0,,,0,0,66.7,33.3,0.0,0.0,,,,,,,,66,0,,,0,,,,,,0,0,0,,,,0,0,0,0,0,0,0,0,,0,0,0,,,,0,0,,,,0,,0,0
15500,BURLINGTON,2022,TRUE,three_year_total,"2020,2021,2022",TRUE,TRUE,21,12,11,,0,,,0,0,75.0,25.0,0.0,0.0,,,,,,12,11,85,0,,,0,,0,,,,0,0,0,,,,0,0,0,0,,0,0,,11,0,0,0,,,,0,0,,,,0,,0,0
15500,BURLINGTON,2023,TRUE,three_year_total,"2021,2022,2023",TRUE,TRUE,24,13,11,,0,,,,0,61.5,30.8,7.7,0.0,,,,,,13,13,75,0,,,0,,,,,,0,0,0,,,,0,0,0,0,,0,0,,11,0,,0,,,,0,0,,,,,0,0,0
15500,BURLINGTON,2024,TRUE,three_year_total,"2022,2023,2024",TRUE,TRUE,28,13,11,,0,,,,0,61.5,30.8,7.7,0.0,,,,,,13,13,63,0,,,,,,,,,,0,0,,,,,0,0,0,,0,0,,11,0,,0,,,,0,0,,,,,,0,0
15500,BURLINGTON,2025,TRUE,three_year_total,"2023,2024,2025",TRUE,TRUE,34,11,,,,,,,0,54.5,36.4,9.1,0.0,,,,,,11,11,44,0,,,,,,,,,,0,0,,,,,0,0,0,,,0,,,,,0,,,,0,,,,,,,0,0
15540,BURLINGTON-SOUTH BURLINGTON,2018,TRUE,single_year,2018,TRUE,TRUE,17,80,63,13,,43,33,,0,53.8,41.2,5.0,0.0,77000,55250,93750,265000,4.5,78,69,57,,22,12,13,23,,,22,,11,0,0,,69,0,,0,0,0,,,0,,69,0,10,0,36,23,17,,,48,17,,,,0,
15540,BURLINGTON-SOUTH BURLINGTON,2019,TRUE,single_year,2019,TRUE,TRUE,18,73,61,,,44,26,,0,60.3,35.6,4.1,0.0,79000,68000,108000,305000,3.995,73,70,56,,19,,18,22,,,19,,15,,0,,53,,,0,0,0,,14,0,0,59,,13,0,30,10,22,11,,34,24,,,,0,0
15540,BURLINGTON-SOUTH BURLINGTON,2020,TRUE,single_year,2020,TRUE,TRUE,18,66,55,,,34,29,,0,51.5,43.9,4.5,0.0,77000,62000,105000,310000,3.125,65,64,84,,14,,15,20,,,14,,10,0,,,53,,,,0,0,0,10,0,0,52,0,14,0,28,18,14,,,34,15,,,,0,0
15540,BURLINGTON-SOUTH BURLINGTON,2021,TRUE,single_year,2021,TRUE,TRUE,14,104,89,10,,82,19,,0,78.8,18.3,2.9,0.0,90000,65500,131500,335000,3,103,99,110,0,44,20,12,18,,,44,20,11,,,,81,,,0,0,0,,19,0,,78,0,24,0,35,26,28,15,16,50,24,,,,0,0
15540,BURLINGTON-SOUTH BURLINGTON,2022,TRUE,single_year,2022,TRUE,TRUE,14,87,75,,,64,15,,0,73.6,17.2,9.2,0.0,109000,81500,142500,405000,4.25,87,85,93,0,30,22,14,,10,,30,19,10,0,,,64,,,0,0,,0,17,0,,69,,15,0,36,13,28,10,,43,23,,11,0,0,0
15540,BURLINGTON-SOUTH BURLINGTON,2023,TRUE,three_year_total,"2021,2022,2023",FALSE,TRUE,10,237,204,23,10,180,44,13,0,75.9,18.6,5.5,0.0,,,,,,236,229,264,0,94,52,33,31,17,10,94,46,25,,,,181,,,0,0,,,43,0,,184,,47,0,88,49,68,32,21,113,58,18,19,,0,0
15540,BURLINGTON-SOUTH BURLINGTON,2024,TRUE,single_year,2024,TRUE,TRUE,19,68,52,12,,52,13,,0,76.5,19.1,4.4,0.0,149000,99000,203500,465000,6.5,67,68,47,,28,11,17,,,,26,,15,0,,0,49,,,0,0,0,,13,0,,46,,16,0,22,,27,11,,31,14,10,,,,
15540,BURLINGTON-SOUTH BURLINGTON,2025,TRUE,single_year,2025,TRUE,TRUE,21,73,60,,,63,,,0,86.3,9.6,4.1,0.0,126000,102000,185000,435000,6.5,73,70,58,,31,,19,,,,31,,17,,,,51,,,0,0,0,,15,0,,52,,17,0,31,,25,11,,33,17,11,,0,0,0
15680,CALIFORNIA-LEXINGTON PARK,2018,TRUE,three_year_total,2018,TRUE,TRUE,21,,,0,,,,0,0,66.7,33.3,0.0,0.0,,,,,,,,,0,0,,0,,0,,0,,0,0,0,,,0,0,0,0,0,0,0,0,0,,0,0,0,,,,0,0,,0,,,0,0,0
15680,CALIFORNIA-LEXINGTON PARK,2019,TRUE,three_year_total,"2018,2019",TRUE,TRUE,24,,,0,,,,,0,50.0,25.0,25.0,0.0,,,,,,,,,0,0,,0,,,,0,,0,0,0,,,0,,0,0,0,0,0,0,0,,0,0,0,,,,0,0,,0,,,0,0,0
15680,CALIFORNIA-LEXINGTON PARK,2020,TRUE,three_year_total,"2018,2019,2020",TRUE,TRUE,25,,,0,,,,,0,33.3,50.0,16.7,0.0,,,,,,,,,0,0,,0,,,,0,,0,0,0,,,,,0,0,0,0,0,0,0,,0,0,0,,,,0,0,,0,,,0,0,0
15680,CALIFORNIA-LEXINGTON PARK,2021,TRUE,three_year_total,"2019,2020,2021",TRUE,TRUE,21,,,0,,0,,,0,0.0,83.3,16.7,0.0,,,,,,,,,0,0,,0,,,0,0,0,0,0,0,0,,,,0,0,0,0,,0,0,,0,,0,,0,0,0,,,,0,0,0,0,0
15680,CALIFORNIA-LEXINGTON PARK,2022,TRUE,three_year_total,"2020,2021,2022",TRUE,TRUE,28,11,,,,,,,0,45.5,45.5,9.1,0.0,,,,,,11,11,,0,,,0,,,0,,,0,0,0,0,,,0,0,0,0,,,0,0,,,,0,,,,0,,,,,0,,0,0
15680,CALIFORNIA-LEXINGTON PARK,2023,TRUE,three_year_total,"2021,2022,2023",TRUE,TRUE,28,12,,,,,,,0,66.7,25.0,8.3,0.0,,,,,,12,12,,0,,,0,,,0,,,0,0,0,0,,0,0,0,0,0,,,0,0,,,,0,,,,0,,,,,,,0,0
15764,CAMBRIDGE-NEWTON-FRAMINGHAM,2018,TRUE,single_year,2018,FALSE,TRUE,4,1816,1434,326,56,964,833,19,0,53.1,45.9,1.0,0.0,97000,78000,134000,435000,4.5,1806,1699,1092,51,483,189,316,578,138,112,470,140,195,43,33,83,1228,166,171,,,,55,184,0,708,909,27,172,0,748,351,641,76,94,730,520,281,154,35,0,
15764,CAMBRIDGE-NEWTON-FRAMINGHAM,2019,TRUE,single_year,2019,FALSE,TRUE,4,1769,1385,326,58,895,846,28,0,50.6,47.8,1.6,0.0,101000,82000,134000,475000,4,1763,1670,994,77,407,183,312,641,123,103,392,142,198,48,19,96,1248,130,144,,0,,48,196,0,734,822,27,186,0,720,354,611,84,93,678,525,304,124,37,,
15764,CAMBRIDGE-NEWTON-FRAMINGHAM,2020,TRUE,single_year,2020,FALSE,TRUE,5,1599,1272,274,53,790,775,34,0,49.4,48.5,2.1,0.0,103500,82000,141750,535000,3,1590,1541,811,100,457,153,226,621,75,67,443,120,101,42,28,56,1077,129,125,,,,27,229,,646,742,21,190,0,687,297,525,90,94,724,426,206,111,35,,0
15764,CAMBRIDGE-NEWTON-FRAMINGHAM,2021,TRUE,single_year,2021,FALSE,TRUE,5,2019,1600,344,75,997,996,26,0,49.4,49.3,1.3,0.0,112000,90000,152500,605000,2.875,2011,1949,1209,90,612,231,249,782,66,79,601,171,81,41,33,70,1250,149,209,,,,72,323,,802,960,38,219,0,831,376,718,94,99,845,597,282,150,41,,0
15764,CAMBRIDGE-NEWTON-FRAMINGHAM,2022,TRUE,single_year,2022,FALSE,TRUE,6,1421,1176,209,36,815,583,23,0,57.4,41.0,1.6,0.0,135000,108000,180250,635000,4.75,1412,1338,976,50,478,177,226,412,40,88,471,134,87,19,19,85,845,102,158,,,,40,259,0,522,690,24,184,,497,261,578,85,68,556,440,213,110,32,,
15764,CAMBRIDGE-NEWTON-FRAMINGHAM,2023,TRUE,single_year,2023,FALSE,TRUE,6,1016,850,129,37,622,377,17,0,61.2,37.1,1.7,0.0,155000,126000,206250,655000,6.5,1008,938,659,44,336,148,160,263,26,83,328,111,81,13,11,78,572,91,115,,,,31,201,0,343,505,14,151,,351,186,408,71,45,418,291,164,73,18,,
15764,CAMBRIDGE-NEWTON-FRAMINGHAM,2024,TRUE,single_year,2024,FALSE,TRUE,6,1081,889,155,37,700,364,17,0,64.8,33.7,1.6,0.0,164000,137000,220000,705000,6.625,1074,1046,713,51,328,137,287,254,36,39,325,119,191,,20,36,616,87,133,,,,42,197,0,421,511,20,129,0,404,201,430,46,54,450,320,150,74,26,,
15764,CAMBRIDGE-NEWTON-FRAMINGHAM,2025,TRUE,single_year,2025,FALSE,TRUE,6,1005,821,155,29,692,294,19,0,68.9,29.3,1.9,0.0,176000,147000,230000,755000,6.375,995,954,789,56,317,124,242,223,47,52,311,109,192,,21,51,621,73,99,,,,21,174,0,381,494,28,101,,357,190,422,36,47,403,304,158,67,25,,0
15804,CAMDEN,2018,TRUE,single_year,2018,TRUE,TRUE,16,124,107,,,43,74,,0,34.7,59.7,5.6,0.0,77500,54000,99500,155000,4.875,122,121,100,,24,14,,52,20,,23,13,,,,,88,20,,0,,,0,,0,21,92,0,11,0,73,27,16,,10,63,26,10,14,,0,0
15804,CAMDEN,2019,TRUE,single_year,2019,TRUE,TRUE,12,139,124,11,,34,99,,0,24.5,71.2,4.3,0.0,71000,52000,100000,175000,4.375,139,138,121,,16,16,,63,20,16,16,10,,0,0,,87,34,,0,0,0,,11,0,18,107,,13,0,85,28,23,,13,65,31,14,13,,,0
15804,CAMDEN,2020,TRUE,single_year,2020,TRUE,TRUE,13,137,123,,,48,86,,0,35.0,62.8,2.2,0.0,65000,52000,83000,195000,3.25,137,137,104,,19,23,19,57,14,,19,20,,0,0,,88,28,,0,0,0,0,16,0,16,107,,13,0,82,39,10,,15,65,30,14,,,,0
15804,CAMDEN,2021,TRUE,single_year,2021,TRUE,TRUE,13,204,179,19,,79,115,10,0,38.7,56.4,4.9,0.0,74500,58500,105500,215000,3,202,203,223,,45,32,13,83,19,12,43,27,,,,,110,46,,,0,,,36,0,40,129,,30,0,115,45,35,,18,103,40,29,10,,0,0
15804,CAMDEN,2022,TRUE,single_year,2022,TRUE,TRUE,13,167,148,17,,53,108,,0,31.7,64.7,3.6,0.0,76500,65000,104000,255000,4.99,166,165,177,,24,20,13,80,18,12,21,17,,,,,81,35,,0,0,,,41,0,29,108,,29,0,82,50,23,12,17,68,37,27,11,,,0
15804,CAMDEN,2023,TRUE,single_year,2023,TRUE,TRUE,14,133,115,14,,42,86,,0,31.6,64.7,3.8,0.0,87000,71000,111000,275000,6.75,133,133,132,0,18,18,12,52,20,13,17,15,,0,0,,67,29,,,,0,,23,0,25,83,,20,,69,33,26,,19,58,31,15,,,,0
15804,CAMDEN,2024,TRUE,single_year,2024,TRUE,TRUE,14,133,111,17,,74,55,,0,55.6,41.4,3.0,0.0,98000,78000,126000,305000,6.625,133,133,152,,20,14,40,28,23,,19,12,34,0,,,69,30,,,,0,,25,0,32,86,,13,0,81,24,22,,12,65,29,21,,,0,0
15804,CAMDEN,2025,TRUE,single_year,2025,TRUE,TRUE,17,94,85,,,46,38,10,0,48.9,40.4,10.6,0.0,98000,84000,132000,325000,6.625,93,94,134,,13,,29,21,21,,11,,24,0,,,47,21,,,0,,,19,0,25,55,,13,0,51,28,12,,12,35,21,16,,,,0
15940,CANTON-MASSILLON,2018,TRUE,single_year,2018,TRUE,TRUE,19,68,64,,,30,32,,0,44.1,47.1,8.8,0.0,51000,36000,70000,125000,4.75,67,66,83,,20,11,,25,,,19,,,,0,,64,,,0,0,0,0,,0,0,63,,,0,40,13,14,,10,20,13,10,,,0,0
15940,CANTON-MASSILLON,2019,TRUE,single_year,2019,TRUE,TRUE,20,74,69,,,30,38,,0,40.5,51.4,8.1,0.0,57500,38000,79750,130000,4.25,74,69,90,,14,10,,29,10,,12,,,0,,,66,,,0,0,0,0,,0,0,70,,,0,49,12,11,,,28,11,15,,,,0
15940,CANTON-MASSILLON,2020,TRUE,single_year,2020,TRUE,TRUE,20,53,50,,,25,23,,0,47.2,43.4,9.4,0.0,52000,42000,70000,145000,3.125,53,51,99,0,14,,,19,,,14,,,0,0,,47,,,0,0,0,0,,0,,49,0,,0,31,11,10,,,24,,,,0,0,0
15940,CANTON-MASSILLON,2021,TRUE,single_year,2021,TRUE,TRUE,16,99,94,,,42,51,,0,42.4,51.5,6.1,0.0,56000,40500,78500,145000,3.125,99,92,141,0,23,14,,42,10,,23,11,,0,0,,77,,,0,0,0,,10,0,,87,,,0,59,22,10,,19,42,18,13,,,0,0
15940,CANTON-MASSILLON,2022,TRUE,single_year,2022,TRUE,TRUE,18,72,66,,,27,41,,0,37.5,56.9,5.6,0.0,62500,45750,81250,165000,5,72,71,131,0,12,10,10,31,,,11,,,0,,,54,,,,0,0,0,,0,,64,0,,0,41,14,14,,21,23,10,11,,,0,0
15940,CANTON-MASSILLON,2023,TRUE,single_year,2023,TRUE,TRUE,22,56,54,,,19,36,,0,33.9,64.3,1.8,0.0,60000,44500,81000,190000,6.875,55,55,70,0,10,,,29,,,10,,,0,,,41,,0,,0,0,0,,0,,51,0,,0,36,11,,,16,15,11,,,,,0
15940,CANTON-MASSILLON,2024,TRUE,single_year,2024,TRUE,TRUE,19,58,50,,,37,20,,0,63.8,34.5,1.7,0.0,70500,51750,94750,185000,6.688,58,56,74,0,11,,16,12,,,11,,15,0,,,48,,,0,0,0,,,0,,48,0,,0,26,19,12,,15,19,10,,,,0,0
15940,CANTON-MASSILLON,2025,TRUE,single_year,2025,TRUE,TRUE,21,67,61,,,41,21,,0,61.2,31.3,7.5,0.0,63500,49250,90000,175000,6.625,66,63,104,,12,,19,17,,,12,,19,0,0,,48,,,0,0,0,,,0,,56,0,,0,37,,16,,22,20,12,,,,,0
15980,CAPE CORAL-FORT MYERS,2018,TRUE,single_year,2018,TRUE,TRUE,12,204,196,,,47,150,,0,23.0,73.5,3.4,0.0,56000,44750,73250,215000,4.875,204,200,181,0,28,14,17,94,46,,27,12,,0,0,,136,44,0,,0,0,,21,0,86,97,,18,0,105,45,47,,17,61,46,40,31,,,0
15980,CAPE CORAL-FORT MYERS,2019,TRUE,single_year,2019,TRUE,TRUE,10,210,207,0,,53,148,,0,25.2,70.5,4.3,0.0,56500,46250,75750,235000,4.125,210,207,202,,24,19,23,120,19,,23,13,13,0,,,128,60,,0,0,0,0,20,0,80,106,,21,0,99,52,51,,12,74,47,37,23,11,,0
15980,CAPE CORAL-FORT MYERS,2020,TRUE,single_year,2020,TRUE,TRUE,14,270,261,,,55,200,15,0,20.4,74.1,5.6,0.0,58000,48000,77000,255000,3.125,266,269,192,,29,28,18,175,16,,26,22,,0,,,172,66,,,0,0,,28,0,116,118,11,25,0,146,69,47,,32,87,67,43,27,,,
15980,CAPE CORAL-FORT MYERS,2021,TRUE,single_year,2021,TRUE,TRUE,12,311,303,,,71,221,19,0,22.8,71.1,6.1,0.0,62000,52000,82000,295000,2.999,309,311,391,0,37,33,11,203,21,,36,29,,,0,,183,78,,,0,0,,42,0,131,141,,37,0,161,77,65,,38,96,81,41,36,17,,0
15980,CAPE CORAL-FORT MYERS,2022,TRUE,single_year,2022,TRUE,TRUE,12,243,237,,,45,173,25,0,18.5,71.2,10.3,0.0,81000,68000,103250,375000,4.99,240,241,286,0,24,30,22,140,22,,18,22,,0,0,,143,66,,,0,0,,25,0,94,116,,27,0,110,58,64,11,19,85,64,41,27,,,
15980,CAPE CORAL-FORT MYERS,2023,TRUE,single_year,2023,TRUE,TRUE,13,278,274,,,83,189,,0,29.9,68.0,2.2,0.0,110500,95000,134750,465000,6.625,274,277,201,0,63,31,14,143,24,,59,19,,0,0,,157,76,,,,,0,38,0,104,138,,34,0,126,66,76,10,17,103,77,44,25,,,0
15980,CAPE CORAL-FORT MYERS,2024,TRUE,single_year,2024,TRUE,TRUE,11,302,292,,,91,197,14,0,30.1,65.2,4.6,0.0,118000,101750,137000,505000,6.656,300,294,209,0,40,20,47,150,35,10,36,13,33,0,,,171,83,,,0,,,39,0,124,129,,43,0,112,92,85,13,20,106,86,46,24,,11,
15980,CAPE CORAL-FORT MYERS,2025,TRUE,single_year,2025,TRUE,TRUE,13,263,259,,,81,166,16,0,30.8,63.1,6.1,0.0,114000,98000,140000,495000,6.49,261,259,174,0,33,11,44,139,29,,33,10,33,0,,,153,61,,,,,,36,0,128,107,,24,0,113,71,73,,25,76,72,48,21,12,,0
16020,CAPE GIRARDEAU,2018,TRUE,three_year_total,2018,TRUE,TRUE,20,,,,0,,0,,0,83.3,0.0,16.7,0.0,,,,,,,,48,0,,,0,0,,0,,,0,0,0,0,,0,0,0,0,0,0,0,0,0,,0,0,0,,,,0,0,0,,,,0,0,0
16020,CAPE GIRARDEAU,2019,TRUE,three_year_total,"2018,2019",TRUE,TRUE,23,11,,,,,,,0,63.6,27.3,9.1,0.0,,,,,,10,10,75,0,,,0,,,,,,0,0,0,,10,,0,0,0,0,0,0,0,0,11,0,0,0,,,,0,,,,,,0,0,0
16020,CAPE GIRARDEAU,2020,TRUE,three_year_total,"2018,2019,2020",TRUE,TRUE,25,25,22,,,17,,,0,68.0,24.0,8.0,0.0,,,,,,24,23,112,0,11,,,,,,10,,,0,0,,21,,,0,0,0,0,,0,0,24,0,,0,,,11,,,,,,,0,,0
16020,CAPE GIRARDEAU,2021,TRUE,three_year_total,"2019,2020,2021",TRUE,TRUE,26,36,32,,,24,10,,0,66.7,27.8,5.6,0.0,,,,,,35,29,105,0,14,,,,,,13,,,0,0,,28,,,0,0,0,,,0,0,31,,,0,12,,15,,,,,,,,,0
16020,CAPE GIRARDEAU,2022,TRUE,three_year_total,"2020,2021,2022",TRUE,TRUE,28,39,36,,,29,,,0,74.4,17.9,7.7,0.0,,,,,,38,32,122,,16,,,,,,16,,,0,0,,31,,,0,0,0,,,0,0,32,,,0,15,,15,,,,,,,,,0
16020,CAPE GIRARDEAU,2023,TRUE,three_year_total,"2021,2022,2023",TRUE,TRUE,25,31,28,,,24,,,0,77.4,16.1,6.5,0.0,,,,,,30,25,120,,15,,0,,,,15,,0,0,0,,26,0,,0,0,0,,,0,0,25,,,0,14,,11,,,,,,,,,0
16020,CAPE GIRARDEAU,2024,TRUE,three_year_total,"2022,2023,2024",TRUE,TRUE,26,20,19,,0,17,,,0,85.0,10.0,5.0,0.0,,,,,,20,19,128,,10,,,,,,10,,,0,0,,17,,0,0,0,0,0,,0,0,17,,,0,,,,,,,,,,,0,0
16020,CAPE GIRARDEAU,2025,TRUE,three_year_total,"2023,2024,2025",TRUE,TRUE,25,26,25,,0,21,,0,0,80.8,19.2,0.0,0.0,,,,,,26,22,133,,10,,,,,,10,,,0,,,23,,0,,0,0,0,,0,0,24,0,,0,10,,12,,,,,,,,,0
16060,CARBONDALE-MARION,2018,TRUE,three_year_total,2018,TRUE,TRUE,17,,,0,,,,,0,33.3,33.3,33.3,0.0,,,,,,,,20,0,0,0,0,0,,,0,0,0,0,0,,,0,0,0,0,0,0,0,0,0,,0,0,0,,0,0,0,0,,0,,0,0,,0
16060,CARBONDALE-MARION,2019,TRUE,three_year_total,"2018,2019",TRUE,TRUE,30,10,,,,,,,0,60.0,20.0,20.0,0.0,,,,,,,,54,,,0,0,,,,,0,0,0,0,,,,0,0,0,0,0,,0,0,,0,,0,,0,,,,,,,,0,,
16060,CARBONDALE-MARION,2020,TRUE,three_year_total,"2018,2019,2020",TRUE,TRUE,26,17,12,,,10,,,0,58.8,23.5,17.6,0.0,,,,,,16,11,70,,,,0,,,,,,0,0,0,,14,,0,0,0,0,0,,0,0,15,0,,0,10,,,,,,,,,0,,
16060,CARBONDALE-MARION,2021,TRUE,three_year_total,"2019,2020,2021",TRUE,TRUE,25,21,16,,,15,,,0,71.4,14.3,14.3,0.0,,,,,,20,11,80,,,,0,,,13,,,0,0,0,10,18,,0,0,0,0,0,,0,0,18,,,0,,,,,,,,,,0,0,
16060,CARBONDALE-MARION,2022,TRUE,three_year_total,"2020,2021,2022",TRUE,TRUE,24,26,22,,,18,,,0,69.2,15.4,15.4,0.0,,,,,,26,14,84,,,,0,,,15,,,0,0,0,12,22,,0,0,0,0,0,,0,0,22,,,0,11,,,,,,,,,0,,0
16060,CARBONDALE-MARION,2023,TRUE,three_year_total,"2021,2022,2023",TRUE,TRUE,25,32,27,,,22,,,0,68.8,18.8,12.5,0.0,,,,,,32,15,101,,,,,,,19,,,0,0,0,17,26,,,0,0,0,0,,0,0,27,,,0,11,11,,,,,,,,0,,0
16180,CARSON CITY,2018,TRUE,three_year_total,2018,TRUE,TRUE,27,,,,0,,,,0,37.5,50.0,12.5,0.0,,,,,,,,,0,,,0,,,0,,0,0,0,0,0,,0,0,0,0,0,0,,0,,,0,,0,,,,,0,0,,,,,0,0
16180,CARSON CITY,2019,TRUE,three_year_total,"2018,2019",TRUE,TRUE,23,13,11,,,,,,0,53.8,38.5,7.7,0.0,,,,,,13,12,12,0,,,0,,,0,,,0,0,0,0,11,0,0,0,0,0,0,,0,,,0,,0,,,,,0,0,,,,,0,0
16180,CARSON CITY,2020,TRUE,three_year_total,"2018,2019,2020",TRUE,TRUE,23,21,18,,,11,,,0,52.4,42.9,4.8,0.0,,,,,,20,20,21,0,,,,,,0,,,0,0,0,0,16,0,0,0,0,0,0,,0,,13,0,,0,11,,,,0,,,,,,,0
16180,CARSON CITY,2021,TRUE,three_year_total,"2019,2020,2021",TRUE,TRUE,23,17,14,,,11,,0,0,64.7,35.3,0.0,0.0,,,,,,16,17,27,0,,,,,0,0,,,0,0,0,0,13,0,0,0,0,0,0,,0,,,0,,0,,,,,0,,,,,,,0
16180,CARSON CITY,2022,TRUE,three_year_total,"2020,2021,2022",TRUE,TRUE,24,14,12,,,,,0,0,64.3,35.7,0.0,0.0,,,,,,13,14,29,0,,,,,0,0,,,0,0,0,0,11,0,0,0,0,0,0,,0,,,0,,0,,,,,0,,,,,,,0
16180,CARSON CITY,2023,TRUE,three_year_total,"2021,2022,2023",TRUE,TRUE,25,10,,,,,,0,0,90.0,10.0,0.0,0.0,,,,,,10,10,27,,,,0,0,0,0,,,0,0,0,0,,0,0,0,0,0,0,,0,,,,,0,,,,0,0,,,,,,,0
16180,CARSON CITY,2024,TRUE,three_year_total,"2022,2023,2024",TRUE,TRUE,24,,,0,,,0,,0,85.7,0.0,14.3,0.0,,,,,,,,20,,,0,0,0,,0,,0,0,0,0,0,,0,0,0,0,0,0,,0,,,,,0,0,,,0,0,,,,,0,,0
16180,CARSON CITY,2025,TRUE,three_year_total,"2023,2024,2025",TRUE,TRUE,27,,,0,,,,,0,57.1,14.3,28.6,0.0,,,,,,,,15,,,0,,0,,0,,0,0,0,0,0,,0,0,0,0,0,0,,0,0,,,,0,,,,,,,,,,0,0,0
16220,CASPER,2018,TRUE,three_year_total,2018,TRUE,TRUE,23,,,0,,,,,0,16.7,66.7,16.7,0.0,,,,,,,,12,0,0,,0,,,0,0,,0,0,0,0,,0,0,0,0,0,0,,0,,,0,,0,,,0,,0,,,0,0,,0,0
16220,CASPER,2019,TRUE,three_year_total,"2018,2019",TRUE,TRUE,25,11,,0,,,,,0,9.1,54.5,36.4,0.0,,,,,,11,10,29,,0,,,,,,0,,0,0,0,0,,,0,0,0,0,0,,0,,,0,,0,,,0,,0,,,,0,,0,0
16220,CASPER,2020,TRUE,three_year_total,"2018,2019,2020",TRUE,TRUE,26,23,17,0,,,14,,0,21.7,60.9,17.4,0.0,,,,,,23,22,53,,,,,,,,,,,0,0,0,21,,0,0,0,0,0,,0,,17,0,,0,15,,,,,,,,,,0,0
16220,CASPER,2021,TRUE,three_year_total,"2019,2020,2021",TRUE,TRUE,23,27,17,,,,16,,0,25.9,59.3,14.8,0.0,,,,,,27,26,84,,,0,,,12,,,0,,0,0,0,25,,,0,0,0,0,0,0,,24,0,,0,17,,,0,,,,,,,0,0
16220,CASPER,2022,TRUE,three_year_total,"2020,2021,2022",TRUE,TRUE,22,31,20,,,,20,,0,25.8,64.5,9.7,0.0,,,,,,31,31,102,,,0,,11,11,,,0,,0,0,0,29,0,,0,0,0,0,,0,,27,0,,0,16,,,,,11,,,,,0,0
16220,CASPER,2023,TRUE,three_year_total,"2021,2022,2023",TRUE,TRUE,21,23,12,,,,15,,0,21.7,65.2,13.0,0.0,,,,,,23,23,96,,,0,0,10,,,,0,0,0,0,0,19,0,,0,0,0,0,,0,0,20,0,,0,12,,,,,,,,,,0,0
16220,CASPER,2024,TRUE,three_year_total,"2022,2023,2024",TRUE,TRUE,24,17,11,0,,,,,0,35.3,52.9,11.8,0.0,,,,,,17,17,72,0,,,,,,,,,,0,0,0,13,0,0,0,0,0,0,,0,0,12,0,,0,,,,,,,,,,0,0,0
16220,CASPER,2025,TRUE,three_year_total,"2023,2024,2025",TRUE,TRUE,25,16,,,,,,,0,56.2,37.5,6.2,0.0,,,,,,16,16,64,,,,,,,0,,,,0,0,0,13,0,0,0,0,0,0,,0,,11,0,,0,11,,,0,,,,,,0,0,0
16300,CEDAR RAPIDS,2018,TRUE,three_year_total,2018,TRUE,TRUE,26,18,16,,,13,,,0,72.2,22.2,5.6,0.0,,,,,,18,14,76,0,,,,,,,,,,0,,,17,0,0,0,0,0,,0,0,0,17,0,,0,12,,,0,,,,,,,,0
16300,CEDAR RAPIDS,2019,TRUE,three_year_total,"2018,2019",TRUE,TRUE,25,32,27,,,23,,,0,71.9,18.8,9.4,0.0,,,,,,32,22,146,0,,,,,,10,,,,0,,10,31,0,0,0,0,0,,0,0,,30,0,,0,21,,,0,,,,,,,,0
16300,CEDAR RAPIDS,2020,TRUE,three_year_total,"2018,2019,2020",TRUE,TRUE,26,41,35,,,29,,,0,70.7,19.5,9.8,0.0,,,,,,41,30,193,,,,,,13,11,,,,0,,11,39,0,0,0,0,0,,,0,,38,0,,0,27,,,,,11,,,,,,0
16300,CEDAR RAPIDS,2021,TRUE,three_year_total,"2019,2020,2021",TRUE,TRUE,27,36,31,,,25,,,0,69.4,22.2,8.3,0.0,,,,,,36,26,196,,,,,,,10,,,,0,,10,31,0,,0,0,0,0,,0,,31,0,,0,23,,,,,10,,,,,,0
16300,CEDAR RAPIDS,2022,TRUE,three_year_total,"2020,2021,2022",TRUE,TRUE,24,42,39,,,31,,,0,73.8,21.4,4.8,0.0,,,,,,41,30,245,,,,,,11,13,,,,0,,12,36,,,0,0,0,0,,0,0,37,0,,0,24,,11,,10,12,,,,,,0
16300,CEDAR RAPIDS,2023,TRUE,three_year_total,"2021,2022,2023",TRUE,TRUE,23,51,44,,,38,12,,0,74.5,23.5,2.0,0.0,,,,,,50,37,281,0,10,,,,11,15,,,,0,,14,41,,,,0,0,0,,0,,44,0,,0,27,,13,,16,13,,,,,,0
16300,CEDAR RAPIDS,2024,TRUE,three_year_total,"2022,2023,2024",TRUE,TRUE,23,59,51,,,46,11,,0,78.0,18.6,3.4,0.0,,,,,,58,45,273,0,10,,,,12,15,,,,0,,14,45,,,,0,0,,,0,,51,0,,0,29,13,15,,16,14,,,,,,0
16300,CEDAR RAPIDS,2025,TRUE,three_year_total,"2023,2024,2025",TRUE,TRUE,25,56,43,,,44,11,,0,78.6,19.6,1.8,0.0,,,,,,56,42,269,0,11,,,,,14,10,,,,,14,39,,,,0,0,,,0,,44,,,0,27,14,11,,15,14,,,,,,0
16540,CHAMBERSBURG,2018,TRUE,three_year_total,2018,TRUE,TRUE,24,20,14,,,,12,0,0,40.0,60.0,0.0,0.0,,,,,,19,20,41,,,,0,11,0,,,,0,0,0,0,15,,0,0,0,0,,,0,,14,0,,0,10,,,,,,,,,,0,
16540,CHAMBERSBURG,2019,TRUE,three_year_total,"2018,2019",TRUE,TRUE,21,44,35,,,18,23,,0,40.9,52.3,6.8,0.0,,,,,,43,42,85,,10,,0,20,,,10,,0,0,0,,35,,0,0,0,0,,,0,10,29,0,,0,23,11,,,,13,,,,,0,
16540,CHAMBERSBURG,2020,TRUE,three_year_total,"2018,2019,2020",TRUE,TRUE,22,63,52,,,28,29,,0,44.4,46.0,9.5,0.0,,,,,,62,61,136,,16,,,25,,,16,,,0,0,,51,,0,0,0,0,,,0,11,45,0,,0,31,15,13,,11,22,,,,,,
16540,CHAMBERSBURG,2021,TRUE,three_year_total,"2019,2020,2021",TRUE,TRUE,19,81,69,10,,37,35,,0,45.7,43.2,11.1,0.0,,,,,,81,76,172,,21,,,30,11,,21,,,0,0,,69,,,0,0,0,,,0,11,62,,,0,41,19,18,,17,28,11,12,,,,0
16540,CHAMBERSBURG,2022,TRUE,three_year_total,"2020,2021,2022",TRUE,TRUE,21,74,64,,,33,35,,0,44.6,47.3,8.1,0.0,,,,,,74,71,203,,20,,,30,,,20,,,0,0,,63,,,0,0,0,,,0,,60,,,0,34,17,23,0,12,26,12,,11,,,0
16540,CHAMBERSBURG,2023,TRUE,three_year_total,"2021,2022,2023",TRUE,TRUE,19,74,65,,,34,37,,0,45.9,50.0,4.1,0.0,,,,,,74,71,188,,18,,,32,,,18,,,0,0,,61,,,0,0,0,,,0,15,54,,,0,37,17,20,0,13,25,12,14,,,0,0
16540,CHAMBERSBURG,2024,TRUE,three_year_total,"2022,2023,2024",TRUE,TRUE,18,57,51,,,26,30,,0,45.6,52.6,1.8,0.0,,,,,,57,57,145,,13,,,23,,,13,,,0,0,,46,,,0,0,0,0,,0,20,34,,,0,29,13,15,0,10,21,10,10,,,0,0
16540,CHAMBERSBURG,2025,TRUE,three_year_total,"2023,2024,2025",TRUE,TRUE,22,66,58,,,38,26,,0,57.6,39.4,3.0,0.0,,,,,,66,64,97,,,,19,19,,,,,18,0,,,53,,,0,0,0,0,,0,24,36,,,0,35,13,15,,15,27,,,,,0,0
16580,CHAMPAIGN-URBANA,2018,TRUE,three_year_total,2018,TRUE,TRUE,27,13,,,,,,,0,61.5,23.1,15.4,0.0,,,,,,13,11,57,0,,,0,,,,,,0,0,0,,,,,0,0,0,,0,0,0,13,0,0,0,,,,0,,,,,,,0,0
16580,CHAMPAIGN-URBANA,2019,TRUE,three_year_total,"2018,2019",TRUE,TRUE,30,27,22,,,17,,,0,63.0,25.9,11.1,0.0,,,,,,27,21,109,,,,,,,,,,,0,0,,18,,,0,0,0,,,0,,24,0,,0,15,,,,,,,,,,0,0
16580,CHAMPAIGN-URBANA,2020,TRUE,three_year_total,"2018,2019,2020",TRUE,TRUE,27,40,34,,,26,11,,0,65.0,27.5,7.5,0.0,,,,,,40,31,170,,,,,,,,,,,0,0,,25,,,0,0,0,,,0,,33,0,,0,22,,,,,10,10,,,,0,0
16580,CHAMPAIGN-URBANA,2021,TRUE,three_year_total,"2019,2020,2021",TRUE,TRUE,22,47,43,,,29,16,,0,61.7,34.0,4.3,0.0,,,,,,47,39,169,,10,,,12,,,10,,,0,0,,24,,,0,0,0,,12,0,,31,0,12,0,23,,12,,,20,,,,,0,0
16580,CHAMPAIGN-URBANA,2022,TRUE,three_year_total,"2020,2021,2022",TRUE,TRUE,20,50,46,,,31,16,,0,62.0,32.0,6.0,0.0,,,,,,50,43,169,0,13,,,13,,,13,,,0,0,,27,,,0,0,0,0,13,0,,31,0,12,0,22,,15,,,24,10,,,,,0
16580,CHAMPAIGN-URBANA,2023,TRUE,three_year_total,"2021,2022,2023",TRUE,TRUE,21,42,38,,,26,13,,0,61.9,31.0,7.1,0.0,,,,,,42,37,161,0,10,,,11,,,10,,,0,0,,22,,,0,,0,0,12,0,10,23,0,,0,17,,13,,,23,,,,0,,0
16580,CHAMPAIGN-URBANA,2024,TRUE,three_year_total,"2022,2023,2024",TRUE,TRUE,27,37,35,,,27,,,0,73.0,21.6,5.4,0.0,,,,,,37,32,153,0,10,,,,,,10,,,0,0,,20,,,,,0,0,,0,,23,0,,0,15,,13,,,13,,,,,,0
16580,CHAMPAIGN-URBANA,2025,TRUE,three_year_total,"2023,2024,2025",TRUE,TRUE,26,31,29,,0,26,,0,0,83.9,16.1,0.0,0.0,,,,,,31,26,164,0,,,10,,,,,,10,0,0,,17,,,,,0,0,,0,,19,,,0,15,,,,,10,,,,,0,0
16620,CHARLESTON,2018,TRUE,three_year_total,2018,TRUE,TRUE,24,12,,,0,,,0,0,66.7,33.3,0.0,0.0,,,,,,12,12,29,0,,,0,,0,,,,0,0,0,,,,0,,0,0,0,0,0,,11,0,0,0,,,,0,0,,,,,,,0
16620,CHARLESTON,2019,TRUE,three_year_total,"2018,2019",TRUE,TRUE,25,28,22,,,22,,,0,78.6,17.9,3.6,0.0,,,,,,27,16,66,0,,,0,,,13,,,0,,0,13,24,,0,,0,0,0,,0,,26,0,,0,14,,,,0,,,,,,,0
16620,CHARLESTON,2020,TRUE,three_year_total,"2018,2019,2020",TRUE,TRUE,23,42,32,,,34,,,0,81.0,14.3,4.8,0.0,,,,,,41,23,94,0,,,0,,,24,,,0,,0,24,37,,,,0,0,0,,0,,40,0,,0,21,,14,,0,10,11,,,,,0
16620,CHARLESTON,2021,TRUE,three_year_total,"2019,2020,2021",TRUE,TRUE,20,59,47,,,44,11,,0,74.6,18.6,6.8,0.0,,,,,,57,31,106,0,,,0,12,,37,,,0,,0,36,56,,,0,0,0,0,,0,0,56,0,,0,30,,17,,,22,,10,,,,0
16620,CHARLESTON,2022,TRUE,three_year_total,"2020,2021,2022",TRUE,TRUE,20,58,44,,,40,13,,0,69.0,22.4,8.6,0.0,,,,,,56,36,117,0,,,0,13,,33,,,0,0,0,31,54,,,0,0,0,0,,0,0,53,0,,0,27,,20,,,24,,,,,,0
16620,CHARLESTON,2023,TRUE,three_year_total,"2021,2022,2023",TRUE,TRUE,19,57,47,,,37,15,,0,64.9,26.3,8.8,0.0,,,,,,55,37,116,0,,,0,14,,28,,,0,0,0,26,51,,,0,0,0,0,,0,0,49,,,0,26,10,16,,,25,,,,,0,0
16620,CHARLESTON,2024,TRUE,three_year_total,"2022,2023,2024",TRUE,TRUE,26,42,36,,,29,,,0,69.0,21.4,9.5,0.0,,,,,,40,29,99,,,,,,,19,,,,0,,18,34,,,0,0,0,0,,0,0,33,,,0,17,,15,,,13,,,,,0,0
16620,CHARLESTON,2025,TRUE,three_year_total,"2023,2024,2025",TRUE,TRUE,25,40,33,,,27,,,0,67.5,22.5,10.0,0.0,,,,,,39,29,80,,,,,,,16,,,,0,,16,32,,,0,0,0,0,,0,0,33,,,0,16,10,13,,,13,,,,,0,0
16700,CHARLESTON-NORTH CHARLESTON,2018,TRUE,three_year_total,2018,TRUE,TRUE,26,43,38,,,30,10,,0,69.8,23.3,7.0,0.0,,,,,,43,41,88,0,16,,,,,,16,,,0,,,32,,,0,0,0,,,0,,38,0,,0,24,,,,,21,,,,,0,0
16700,CHARLESTON-NORTH CHARLESTON,2019,TRUE,three_year_total,"2018,2019",TRUE,TRUE,20,92,81,,,63,22,,0,68.5,23.9,7.6,0.0,,,,,,92,90,187,,28,26,,,12,10,28,23,,0,,,71,,,0,0,,,,0,,85,0,,0,48,13,26,,,45,16,14,,,0,0
16700,CHARLESTON-NORTH CHARLESTON,2020,TRUE,single_year,2020,TRUE,TRUE,20,72,62,,,42,23,,,58.3,31.9,8.3,1.4,114000,78750,175750,405000,3.25,72,67,71,0,26,11,,13,,,25,,,0,0,,56,,0,0,0,0,,,0,,59,0,12,0,36,,21,,,31,15,11,,,,0
16700,CHARLESTON-NORTH CHARLESTON,2021,TRUE,single_year,2021,TRUE,TRUE,16,95,79,,,59,24,12,0,62.1,25.3,12.6,0.0,127500,84250,180250,505000,2.99,94,91,126,,30,25,,19,11,,30,24,,0,0,,66,12,,0,0,0,,12,0,,74,,16,0,43,17,28,,10,42,28,,,,0,
16700,CHARLESTON-NORTH CHARLESTON,2022,TRUE,single_year,2022,TRUE,TRUE,23,67,59,,,51,13,,0,76.1,19.4,4.5,0.0,143000,99500,231750,545000,4.275,66,66,90,,31,13,,10,,,31,11,,0,,,56,,,0,0,0,0,,0,,53,,,0,29,16,18,,,31,16,,,,,
16700,CHARLESTON-NORTH CHARLESTON,2023,TRUE,single_year,2023,TRUE,TRUE,26,52,41,,,39,,,0,75.0,7.7,17.3,0.0,179000,102000,322500,590000,6.5,51,48,78,,17,11,,,,,17,,,,,,34,,,0,0,0,0,,0,,40,,10,0,28,,11,,,20,12,,,,0,
16700,CHARLESTON-NORTH CHARLESTON,2024,TRUE,single_year,2024,TRUE,TRUE,22,67,57,,,50,11,,0,74.6,16.4,9.0,0.0,191500,112000,251000,635000,6.875,66,62,59,0,24,,16,,,,22,,14,0,0,,51,,,0,0,0,,,0,,51,,,0,30,13,19,,,32,18,,,,,0
16700,CHARLESTON-NORTH CHARLESTON,2025,TRUE,single_year,2025,TRUE,TRUE,24,61,54,,,48,,,0,78.7,11.5,9.8,0.0,205500,102500,348000,685000,6.625,60,48,50,,23,,,,,18,23,,,0,,18,45,,,0,0,0,0,,0,,46,0,,0,29,10,20,,,25,13,,,,,
16740,CHARLOTTE-CONCORD-GASTONIA,2018,TRUE,three_year_total,2018,TRUE,TRUE,22,39,36,,,25,12,,0,64.1,30.8,5.1,0.0,,,,,,37,36,164,,11,,,,,,11,,,0,0,,29,,,0,0,0,0,,0,,31,,,0,18,10,10,,,10,10,10,,,0,0
16740,CHARLOTTE-CONCORD-GASTONIA,2019,TRUE,three_year_total,"2018,2019",TRUE,TRUE,20,80,73,,,51,26,,0,63.8,32.5,3.8,0.0,,,,,,77,73,324,,23,16,,17,,,23,15,,,0,,63,,,0,0,0,0,,0,,68,,,0,41,15,21,,,26,21,14,,,0,0
16740,CHARLOTTE-CONCORD-GASTONIA,2020,TRUE,single_year,2020,TRUE,TRUE,19,53,41,,,34,16,,0,64.2,30.2,5.7,0.0,76000,57000,129500,215000,3.375,52,53,168,,16,,,13,,,16,,,0,0,,30,13,,0,0,0,0,,0,,42,,,0,25,12,11,,,19,11,10,,0,0,0
16740,CHARLOTTE-CONCORD-GASTONIA,2021,TRUE,single_year,2021,TRUE,TRUE,19,69,60,,,40,21,,0,58.0,30.4,11.6,0.0,82000,59500,130500,295000,2.989,67,68,241,,15,16,,18,,10,14,16,,0,,,36,19,,,0,0,,,0,,52,,11,0,38,16,10,,,29,12,10,10,,0,
16740,CHARLOTTE-CONCORD-GASTONIA,2022,TRUE,single_year,2022,TRUE,TRUE,21,67,59,,,39,23,,0,58.2,34.3,7.5,0.0,89000,70000,133000,325000,5.25,65,66,183,,12,17,,16,,10,11,16,,0,,,38,19,,0,0,0,,,0,,45,,12,0,27,24,12,,,31,11,,,,,
16740,CHARLOTTE-CONCORD-GASTONIA,2023,TRUE,single_year,2023,TRUE,TRUE,18,66,61,,,37,20,,0,56.1,30.3,13.6,0.0,102500,72500,141750,355000,6.75,66,66,161,,15,,,15,,12,15,,,0,,10,38,10,,,0,0,0,13,0,,48,0,10,0,27,17,20,,,23,12,14,,,,0
16740,CHARLOTTE-CONCORD-GASTONIA,2024,TRUE,single_year,2024,TRUE,TRUE,18,81,72,,,58,19,,0,71.6,23.5,4.9,0.0,111000,78500,153750,345000,6.75,80,78,126,0,,13,24,14,,14,,11,23,0,,14,41,22,,0,0,,0,14,0,,62,,,0,38,21,18,,,41,15,,,,,0
16740,CHARLOTTE-CONCORD-GASTONIA,2025,TRUE,single_year,2025,TRUE,TRUE,16,87,81,,,61,20,,0,70.1,23.0,6.9,0.0,122500,85250,166250,385000,6.624,86,83,140,0,17,,22,14,,19,16,,21,0,,17,45,18,,,0,0,,18,0,10,57,,16,0,35,20,27,,,35,20,11,,,,0
16820,CHARLOTTESVILLE,2018,TRUE,three_year_total,2018,TRUE,TRUE,23,13,13,0,0,10,,,0,76.9,15.4,7.7,0.0,,,,,,13,12,28,0,,,,,,,,,,0,0,,12,0,0,0,0,0,0,,0,,10,0,,0,,,,,0,,,,0,,0,0
16820,CHARLOTTESVILLE,2019,TRUE,three_year_total,"2018,2019",TRUE,TRUE,26,24,22,,0,16,,,,66.7,20.8,8.3,4.2,,,,,,24,22,51,0,,,,,,,,,,0,0,,22,0,0,0,0,0,0,,0,,19,0,,0,,,,,,11,,,,,0,0
16820,CHARLOTTESVILLE,2020,TRUE,three_year_total,"2018,2019,2020",TRUE,TRUE,23,32,29,,0,22,,,,68.8,18.8,9.4,3.1,,,,,,32,30,65,0,12,,,,,,12,,,0,0,,29,0,0,0,0,0,0,,0,,25,0,,0,,11,11,,,14,,,,,,0
16820,CHARLOTTESVILLE,2021,TRUE,three_year_total,"2019,2020,2021",TRUE,TRUE,26,34,28,,,21,10,,,61.8,29.4,5.9,2.9,,,,,,34,33,62,0,,,,,,,,,,0,,,31,0,0,0,0,0,0,,0,,28,0,,0,,11,10,,,15,,,,,,0
16820,CHARLOTTESVILLE,2022,TRUE,three_year_total,"2020,2021,2022",TRUE,TRUE,23,36,32,,,23,12,,0,63.9,33.3,2.8,0.0,,,,,,36,36,70,0,11,,,11,,,11,,,0,,,27,,0,0,0,0,,,0,,27,0,,0,11,10,11,,,16,,,,,,0
16820,CHARLOTTESVILLE,2023,TRUE,three_year_total,"2021,2022,2023",TRUE,TRUE,22,34,31,,,23,11,0,0,67.6,32.4,0.0,0.0,,,,,,34,34,68,0,11,,,10,,,11,,,0,,,25,,0,0,0,0,,,0,,27,0,,0,12,,10,,,16,,,,,0,0
16820,CHARLOTTESVILLE,2024,TRUE,three_year_total,"2022,2023,2024",TRUE,TRUE,25,23,23,0,0,18,,0,0,78.3,21.7,0.0,0.0,,,,,,23,22,69,0,10,,,,,,10,,,0,,,14,,0,0,0,0,,,0,0,17,0,,0,,,,,,,,,,,,0
16820,CHARLOTTESVILLE,2025,TRUE,three_year_total,"2023,2024,2025",TRUE,TRUE,27,17,15,,0,16,,0,0,94.1,5.9,0.0,0.0,,,,,,17,15,56,,,0,,0,,,,0,,0,,,14,,0,0,0,0,,,0,0,13,,,0,,,,,,,,,,,,0
16860,CHATTANOOGA,2018,TRUE,single_year,2018,TRUE,TRUE,20,54,49,,,30,22,,0,55.6,40.7,3.7,0.0,53000,36000,78000,125000,4.875,53,46,144,,12,11,,13,,,12,,,0,0,,44,,0,0,0,0,0,,0,,47,0,,0,30,11,,,,18,16,,,,0,0
16860,CHATTANOOGA,2019,TRUE,three_year_total,"2018,2019",TRUE,TRUE,14,94,86,,,43,43,,0,45.7,45.7,8.5,0.0,,,,,,91,79,292,,14,15,,26,17,18,14,11,,0,0,14,73,10,0,0,0,0,,10,0,,79,,11,0,49,19,18,,,34,25,12,,,,0
16860,CHATTANOOGA,2020,TRUE,three_year_total,"2018,2019,2020",TRUE,TRUE,12,133,122,,,61,61,11,0,45.9,45.9,8.3,0.0,,,,,,129,110,423,,18,17,10,36,23,29,18,13,,0,0,21,105,13,,0,0,0,,12,0,,113,,13,0,71,26,27,,12,48,35,16,13,,,
16860,CHATTANOOGA,2021,TRUE,single_year,2021,TRUE,TRUE,20,64,62,,,28,34,,0,43.8,53.1,3.1,0.0,58500,44000,95250,200000,3.125,64,60,193,0,,12,,29,,,,12,,0,0,,48,,,0,0,0,,,0,,49,,11,0,36,15,10,,10,25,11,,,,0,0
16860,CHATTANOOGA,2022,TRUE,three_year_total,"2020,2021,2022",TRUE,TRUE,16,147,137,,,72,68,,0,49.0,46.3,4.8,0.0,,,,,,146,131,526,,22,22,12,51,14,26,22,21,,0,0,22,109,14,,,,,,15,0,,119,,18,0,82,31,28,,23,58,27,14,16,,,
16860,CHATTANOOGA,2023,TRUE,three_year_total,"2021,2022,2023",TRUE,TRUE,15,155,143,,,79,69,,0,51.0,44.5,4.5,0.0,,,,,,153,142,525,0,26,29,,53,15,23,26,25,,0,,23,111,14,,,,,,21,0,13,119,,21,0,87,35,26,,21,62,28,18,15,,,0
16860,CHATTANOOGA,2024,TRUE,single_year,2024,TRUE,TRUE,18,55,49,0,,41,10,,0,74.5,18.2,7.3,0.0,108000,71000,161000,285000,6.75,54,51,125,0,13,,19,,,,13,,18,0,0,,45,,0,0,0,0,0,,0,,38,0,11,0,27,,16,,,22,12,,,,,0
16860,CHATTANOOGA,2025,TRUE,single_year,2025,TRUE,TRUE,20,70,67,,,57,13,0,0,81.4,18.6,0.0,0.0,90500,68250,129750,265000,6.875,70,58,158,,12,,22,,,18,11,,21,0,0,18,57,,,,0,0,,,0,,50,,,0,25,11,30,,,25,16,10,,,,0
16940,CHEYENNE,2018,TRUE,three_year_total,2018,TRUE,TRUE,23,12,,0,,,,,0,25.0,25.0,50.0,0.0,,,,,,12,12,42,,,0,0,,,0,,0,0,0,0,0,10,0,,0,0,0,0,,0,,10,0,,0,,,,,,,0,,,,0,0
16940,CHEYENNE,2019,TRUE,three_year_total,"2018,2019",TRUE,TRUE,27,22,15,0,,,,,0,36.4,27.3,36.4,0.0,,,,,,22,21,72,,,,0,,,,,,0,0,0,,18,0,,0,0,0,0,,0,,16,,,0,11,,,,,,,,,,0,0
16940,CHEYENNE,2020,TRUE,three_year_total,"2018,2019,2020",TRUE,TRUE,22,39,25,,12,13,13,13,0,33.3,33.3,33.3,0.0,,,,,,39,34,124,,,,0,11,12,,,,0,0,0,,30,,,,0,0,0,,0,,28,,,0,22,,,,,12,14,,,,0,0
16940,CHEYENNE,2021,TRUE,three_year_total,"2019,2020,2021",TRUE,TRUE,25,36,24,,,12,13,11,0,33.3,36.1,30.6,0.0,,,,,,36,31,129,,,,,,13,,,,,0,0,,27,,0,,0,0,0,,0,,24,,,0,20,,,,,10,15,,,,0,0
16940,CHEYENNE,2022,TRUE,three_year_total,"2020,2021,2022",TRUE,TRUE,27,30,19,,,,11,11,0,26.7,36.7,36.7,0.0,,,,,,30,26,123,,,,,,14,,,,,0,0,,21,,,,0,0,0,,0,,21,0,,0,18,,,,,12,,,,,0,0
16940,CHEYENNE,2023,TRUE,three_year_total,"2021,2022,2023",TRUE,TRUE,30,24,16,,,,,,0,33.3,29.2,37.5,0.0,,,,,,24,22,88,0,,,,,12,,,,,0,0,,17,,,0,0,0,0,,0,,16,0,,0,,,,,,,,,,,,0
16940,CHEYENNE,2024,TRUE,three_year_total,"2022,2023,2024",TRUE,TRUE,29,34,24,,,17,,,0,50.0,26.5,23.5,0.0,,,,,,33,28,67,,,,,,,,,,,0,0,,24,,,0,0,0,0,,0,,23,0,,0,12,,10,,,12,,,,,,
16940,CHEYENNE,2025,TRUE,three_year_total,"2023,2024,2025",TRUE,TRUE,22,43,26,,13,22,10,11,0,51.2,23.3,25.6,0.0,,,,,,42,37,89,,,,11,,,,,,,0,0,,32,0,,0,0,0,0,,0,,30,0,11,0,16,,13,,,11,13,,,,,
16974,CHICAGO-NAPERVILLE-ARLINGTON HEIGHTS,2018,TRUE,single_year,2018,FALSE,TRUE,5,3099,2288,573,238,1319,1664,116,0,42.6,53.7,3.7,0.0,77000,57000,107000,265000,4.875,3089,3017,1244,171,668,305,416,1048,536,126,650,248,288,,67,57,1843,762,173,,,,41,267,0,1071,1742,46,240,0,1481,899,607,112,172,1282,882,454,225,68,15,
16984,CHICAGO-NAPERVILLE-SCHAUMBURG,2019,TRUE,single_year,2019,FALSE,TRUE,3,3418,2546,621,251,1382,1912,124,0,40.4,55.9,3.6,0.0,77000,58500,110000,285000,4.25,3403,3376,1117,318,590,397,487,1249,548,147,574,315,356,13,70,54,1962,851,162,13,,,44,377,0,1246,1790,56,326,0,1650,1004,607,157,221,1437,935,488,252,70,13,
16984,CHICAGO-NAPERVILLE-SCHAUMBURG,2020,TRUE,single_year,2020,FALSE,TRUE,3,3488,2575,636,277,1179,2130,179,0,33.8,61.1,5.1,0.0,80000,61000,111000,315000,3.25,3480,3443,934,231,606,359,325,1540,583,75,587,282,181,12,81,36,1778,1053,156,15,,,65,412,0,1065,1975,70,378,0,1682,1108,578,120,230,1612,927,411,218,76,11,
16984,CHICAGO-NAPERVILLE-SCHAUMBURG,2021,TRUE,single_year,2021,FALSE,TRUE,3,4631,3287,973,371,1670,2763,198,0,36.1,59.7,4.3,0.0,83000,63000,116000,355000,3,4604,4591,1366,390,1020,561,302,2047,605,96,995,444,79,25,84,43,2275,1232,239,42,,21,68,745,0,1481,2494,83,572,,2160,1452,786,233,322,2023,1264,624,275,98,21,
16984,CHICAGO-NAPERVILLE-SCHAUMBURG,2022,TRUE,single_year,2022,FALSE,TRUE,2,3819,2809,715,295,1515,2130,174,0,39.7,55.8,4.6,0.0,94000,70000,131000,355000,5,3805,3750,1250,254,789,547,339,1597,443,104,765,455,141,19,71,64,1835,1041,201,28,,13,55,642,0,1222,2072,79,446,0,1759,1206,672,182,271,1523,1047,586,285,89,16,
16984,CHICAGO-NAPERVILLE-SCHAUMBURG,2023,TRUE,single_year,2023,FALSE,TRUE,3,3103,2329,568,206,1399,1564,140,0,45.1,50.4,4.5,0.0,104000,79000,148000,365000,6.75,3084,3043,916,188,645,377,442,1067,489,83,628,310,275,35,95,56,1521,759,182,24,,14,55,546,0,1171,1527,60,344,,1482,925,557,139,240,1271,869,448,192,64,18,
16984,CHICAGO-NAPERVILLE-SCHAUMBURG,2024,TRUE,single_year,2024,FALSE,TRUE,4,3158,2245,624,289,1988,1057,113,0,63.0,33.5,3.6,0.0,113000,83000,162250,385000,6.875,3140,3087,960,223,524,352,1057,723,403,99,513,313,965,34,94,69,1550,742,193,37,,18,50,562,,1230,1526,72,328,,1478,933,637,110,229,1272,898,427,235,73,23,
16984,CHICAGO-NAPERVILLE-SCHAUMBURG,2025,TRUE,single_year,2025,FALSE,TRUE,2,2618,1881,511,226,1652,847,119,0,63.1,32.4,4.5,0.0,121000,91000,174000,415000,6.75,2593,2547,1180,174,445,282,851,574,359,107,430,247,780,33,81,81,1245,649,146,24,0,,62,483,0,898,1352,60,308,0,1193,757,535,133,177,993,744,420,193,73,16,
17020,CHICO,2018,TRUE,three_year_total,2018,TRUE,TRUE,25,17,15,,,12,,,0,70.6,23.5,5.9,0.0,,,,,,17,17,28,0,,,,,,0,,,,0,0,0,11,0,,0,0,0,0,,0,0,11,,,0,,,,,,,,,,0,0,0
17020,CHICO,2019,TRUE,three_year_total,"2018,2019",TRUE,TRUE,22,40,35,,,24,14,,0,60.0,35.0,5.0,0.0,,,,,,40,40,63,0,16,,,,,,16,,,0,0,0,32,0,,0,0,0,0,,0,,26,,,0,16,,15,,,12,,,,,0,0
17020,CHICO,2020,TRUE,three_year_total,"2018,2019,2020",TRUE,TRUE,19,63,56,,,39,20,,0,61.9,31.7,6.3,0.0,,,,,,63,63,101,,25,13,,13,,,25,12,,0,0,0,50,0,,0,0,0,,,0,,43,,,0,27,11,21,,,20,16,13,,,,0
17020,CHICO,2021,TRUE,three_year_total,"2019,2020,2021",TRUE,TRUE,19,82,70,,,48,27,,0,58.5,32.9,8.5,0.0,,,,,,81,82,113,,32,16,,16,,,32,15,,0,0,0,68,,,0,0,0,,,0,16,58,,,0,41,19,20,,,23,20,18,,,,0
17020,CHICO,2022,TRUE,three_year_total,"2020,2021,2022",TRUE,TRUE,19,78,67,,,46,25,,0,59.0,32.1,9.0,0.0,,,,,,77,78,110,,29,16,11,13,,,29,15,,0,0,0,61,,,,0,0,,,0,12,55,,,0,40,19,17,,,24,21,13,,,,0
17020,CHICO,2023,TRUE,three_year_total,"2021,2022,2023",TRUE,TRUE,20,69,56,,,41,22,,0,59.4,31.9,8.7,0.0,,,,,,68,69,89,,26,13,10,10,,,26,12,,0,0,,52,,,,0,0,,,0,11,48,,,0,40,15,13,,,21,20,12,,,,0
17020,CHICO,2024,TRUE,three_year_total,"2022,2023,2024",TRUE,TRUE,20,59,46,,,38,19,,0,64.4,32.2,3.4,0.0,,,,,,59,59,70,,18,15,11,11,,,18,15,,0,0,,46,,,,0,0,,,0,,41,,,0,34,11,12,,,21,17,10,,0,,0
17020,CHICO,2025,TRUE,three_year_total,"2023,2024,2025",TRUE,TRUE,20,63,47,,,45,17,,0,71.4,27.0,1.6,0.0,,,,,,63,63,61,,20,15,13,12,,,20,14,10,0,0,,48,,,,0,0,,,0,,46,,,0,30,13,17,,,23,16,10,,,,0
17140,CINCINNATI,2018,TRUE,single_year,2018,TRUE,TRUE,7,655,562,35,58,439,192,24,0,67.0,29.3,3.7,0.0,71000,47000,114000,195000,4.375,647,633,467,,356,37,44,120,67,31,352,31,27,,,20,493,93,21,0,,0,,42,0,,591,,54,0,276,130,225,24,34,187,134,110,108,60,22,0
17140,CINCINNATI,2019,TRUE,single_year,2019,FALSE,TRUE,5,716,641,26,49,527,172,17,0,73.6,24.0,2.4,0.0,79000,53000,128000,235000,4,709,691,481,26,414,57,45,125,45,30,411,50,34,0,,25,556,91,18,,0,0,,45,0,14,652,,45,0,267,156,260,33,47,201,119,123,127,70,28,
17140,CINCINNATI,2020,TRUE,single_year,2020,FALSE,TRUE,7,617,533,34,50,403,197,17,0,65.3,31.9,2.8,0.0,72500,49250,115000,205000,3.157,610,602,450,16,294,63,39,163,37,21,292,58,29,,,12,446,98,11,0,0,,,53,0,,548,,61,0,258,140,188,31,74,214,118,81,77,37,14,
17140,CINCINNATI,2021,TRUE,single_year,2021,FALSE,TRUE,5,663,562,46,55,357,288,18,0,53.8,43.4,2.7,0.0,71000,49000,115000,225000,3,653,653,710,23,273,59,29,230,38,34,271,52,11,,,17,433,138,23,,0,0,,61,0,23,575,,62,0,300,162,170,31,85,224,147,84,68,38,17,0
17140,CINCINNATI,2022,TRUE,single_year,2022,FALSE,TRUE,8,601,515,47,39,379,205,17,0,63.1,34.1,2.8,0.0,85000,56000,127000,265000,4.25,595,592,601,13,288,59,51,147,32,24,282,50,31,,,11,415,97,15,,,,,62,0,24,506,,65,0,240,152,174,35,61,201,124,83,85,32,14,
17140,CINCINNATI,2023,TRUE,single_year,2023,FALSE,TRUE,8,508,445,21,42,369,121,18,0,72.6,23.8,3.5,0.0,102000,68000,161000,305000,6.75,505,499,459,14,273,43,47,98,34,13,269,42,38,,,,357,72,13,,0,,,55,0,25,422,,55,0,183,110,180,35,42,156,106,65,63,57,18,
17140,CINCINNATI,2024,TRUE,single_year,2024,FALSE,TRUE,4,603,537,31,35,480,110,13,0,79.6,18.2,2.2,0.0,110000,75000,177750,325000,7.25,598,594,421,10,323,33,107,75,48,17,320,27,101,,14,14,438,79,24,,0,,,53,0,33,498,13,59,0,220,134,222,27,47,171,139,89,87,48,22,0
17140,CINCINNATI,2025,TRUE,single_year,2025,FALSE,TRUE,6,705,609,40,56,574,103,28,0,81.4,14.6,4.0,0.0,118000,82000,180250,355000,7,696,697,472,19,385,49,128,75,50,18,384,39,122,,,17,497,105,11,,0,,,78,0,28,570,12,95,0,253,150,257,45,68,194,136,92,109,75,27,
17300,CLARKSVILLE,2018,TRUE,three_year_total,2018,TRUE,TRUE,21,25,11,,13,,,16,0,28.0,8.0,64.0,0.0,,,,,,24,22,57,,,0,0,,14,,,0,0,0,0,,16,,,0,0,0,0,,0,0,22,0,,0,15,,,0,,11,,,,,,0
17300,CLARKSVILLE,2019,TRUE,three_year_total,"2018,2019",TRUE,TRUE,19,54,26,,24,15,,33,0,27.8,11.1,61.1,0.0,,,,,,53,46,139,,,0,0,,27,16,,0,0,0,0,,37,,,0,0,0,,,0,,45,0,,0,31,10,10,,10,21,,,,,,0
17300,CLARKSVILLE,2020,TRUE,three_year_total,"2018,2019,2020",TRUE,TRUE,18,79,37,,36,22,,48,0,27.8,11.4,60.8,0.0,,,,,,78,66,257,,,,0,,36,26,,,0,0,0,14,56,12,,0,0,,,,0,,67,0,,0,48,13,14,,14,30,11,10,,,,0
17300,CLARKSVILLE,2021,TRUE,three_year_total,"2019,2020,2021",TRUE,TRUE,14,80,39,10,31,21,11,48,0,26.2,13.8,60.0,0.0,,,,,,80,68,345,,,,,,34,25,,,0,0,0,12,55,12,0,0,0,,,11,0,,62,0,13,0,49,14,12,,14,30,15,,,,0,0
17300,CLARKSVILLE,2022,TRUE,three_year_total,"2020,2021,2022",TRUE,TRUE,18,66,34,,23,24,,34,0,36.4,12.1,51.5,0.0,,,,,,66,54,353,,,,,,23,20,,,,0,0,12,46,10,0,0,0,,0,,0,,53,0,10,0,36,14,13,,,23,15,,,,0,0
17300,CLARKSVILLE,2023,TRUE,three_year_total,"2021,2022,2023",TRUE,TRUE,18,71,42,12,17,22,10,39,0,31.0,14.1,54.9,0.0,,,,,,71,63,298,,10,,,,26,17,,,,0,0,,43,13,,0,0,0,,12,0,,53,,12,0,34,18,16,,,25,19,,,,,0
17300,CLARKSVILLE,2024,TRUE,three_year_total,"2022,2023,2024",TRUE,TRUE,19,78,57,,13,30,,39,0,38.5,11.5,50.0,0.0,,,,,,78,66,211,,,,11,,25,25,,,,0,0,15,48,11,,0,0,0,,13,0,,60,,12,0,29,18,25,,,25,22,,,,,0
17300,CLARKSVILLE,2025,TRUE,three_year_total,"2023,2024,2025",TRUE,TRUE,17,101,71,12,18,30,14,57,0,29.7,13.9,56.4,0.0,,,,,,99,91,177,,,,12,,39,30,,,,0,0,15,52,19,,,0,0,,22,0,,66,,25,0,44,21,28,,13,35,26,12,,,,
17410,CLEVELAND,2024,TRUE,single_year,2024,TRUE,TRUE,6,496,443,37,16,337,123,36,0,67.9,24.8,7.3,0.0,79000,58000,111500,195000,6.875,491,466,1026,,92,57,144,96,65,42,90,53,135,,22,31,287,104,21,,0,,,77,0,47,371,13,65,0,265,131,73,27,81,218,77,66,34,16,,0
17410,CLEVELAND,2025,TRUE,single_year,2025,TRUE,TRUE,6,528,465,48,15,359,136,33,0,68.0,25.8,6.2,0.0,86000,62500,131000,215000,6.625,523,486,1103,,90,51,166,110,57,54,88,47,158,11,10,45,323,111,11,,0,0,,77,0,45,410,,67,,279,140,79,30,87,211,98,65,39,21,,0
17420,CLEVELAND,2018,TRUE,three_year_total,2018,TRUE,TRUE,18,,,0,,,,0,0,75.0,25.0,0.0,0.0,,,,,,,,32,0,,0,0,,0,,,0,0,0,0,,,0,0,0,0,0,0,0,0,0,,0,0,0,,0,,0,0,,0,0,,0,0,0
17420,CLEVELAND,2019,TRUE,three_year_total,"2018,2019",TRUE,TRUE,24,13,10,,,,,0,0,69.2,30.8,0.0,0.0,,,,,,13,,58,0,,,0,,,,,,0,0,0,,12,0,0,0,0,0,0,,0,0,11,0,,0,,0,,,,,,,,,0,0
17420,CLEVELAND,2020,TRUE,three_year_total,"2018,2019,2020",TRUE,TRUE,25,22,18,,,14,,,0,63.6,31.8,4.5,0.0,,,,,,22,14,88,0,,,0,,,,,,0,0,0,,19,,0,0,0,0,0,,0,0,19,0,,0,,,11,,,,,,,,,0
17420,CLEVELAND,2021,TRUE,three_year_total,"2019,2020,2021",TRUE,TRUE,21,30,27,,0,18,10,,0,60.0,33.3,6.7,0.0,,,,,,30,23,84,0,10,,0,,,,10,,0,0,0,,25,,,0,0,0,0,,0,,26,0,,0,10,,14,,,11,,,,,,0
17420,CLEVELAND,2022,TRUE,three_year_total,"2020,2021,2022",TRUE,TRUE,25,34,32,,0,19,12,,0,55.9,35.3,8.8,0.0,,,,,,34,28,90,0,,,,,,,,,,0,0,,28,,,0,0,0,0,,0,,28,0,,0,14,,11,,,13,,,,,,0
17420,CLEVELAND,2023,TRUE,three_year_total,"2021,2022,2023",TRUE,TRUE,24,36,31,,,18,14,,0,50.0,38.9,11.1,0.0,,,,,,36,27,85,0,,,,,,13,,,,0,0,,28,,,0,0,0,0,,0,,28,0,,0,17,,10,,,14,,,,,0,0
17420,CLEVELAND,2024,TRUE,three_year_total,"2022,2023,2024",TRUE,TRUE,22,41,36,,,21,17,,0,51.2,41.5,7.3,0.0,,,,,,41,27,86,0,,,,11,,19,,,,0,0,13,32,,0,,0,0,0,,0,,32,0,,0,20,,10,,,13,,,,,0,0
17420,CLEVELAND,2025,TRUE,three_year_total,"2023,2024,2025",TRUE,TRUE,26,32,28,,,17,13,,0,53.1,40.6,6.2,0.0,,,,,,32,21,85,0,,,,,,16,,,,0,,12,25,,0,,0,0,0,,0,,26,0,,0,14,,,,,11,,,,,,0
17460,CLEVELAND-ELYRIA,2018,TRUE,single_year,2018,TRUE,TRUE,9,451,416,31,,209,221,21,0,46.3,49.0,4.7,0.0,57500,42000,76250,125000,4.75,444,426,411,,73,79,48,146,64,41,70,70,33,,,27,339,63,12,,0,,,34,0,24,377,,44,0,249,111,69,22,61,215,78,43,39,11,,0
17460,CLEVELAND-ELYRIA,2019,TRUE,single_year,2019,TRUE,TRUE,8,462,412,41,,217,233,12,0,47.0,50.4,2.6,0.0,58000,44000,81750,135000,4.25,458,444,580,14,90,76,49,188,32,27,88,69,32,,,17,340,62,12,0,0,,,45,0,39,380,,39,0,260,111,71,20,55,226,79,52,36,,,0
17460,CLEVELAND-ELYRIA,2020,TRUE,single_year,2020,TRUE,TRUE,10,500,467,25,,241,230,29,0,48.2,46.0,5.8,0.0,61000,47000,84000,145000,3.245,491,472,608,,90,87,51,201,32,39,89,83,37,,,27,350,86,,0,0,,,52,0,34,415,,48,0,309,110,49,32,69,260,78,38,37,13,,
17460,CLEVELAND-ELYRIA,2021,TRUE,single_year,2021,TRUE,TRUE,9,638,582,41,15,291,316,31,0,45.6,49.5,4.9,0.0,63000,45000,89000,175000,3.125,627,637,957,,139,143,24,276,44,12,137,132,11,,,,414,114,19,0,,,,83,0,50,496,,85,0,344,176,81,37,100,287,108,64,54,20,,0
17460,CLEVELAND-ELYRIA,2022,TRUE,single_year,2022,TRUE,TRUE,8,559,500,40,19,260,259,40,0,46.5,46.3,7.2,0.0,67000,46000,99750,195000,5.125,546,559,915,,110,122,55,203,56,13,104,113,30,,11,0,331,118,17,,,,,86,0,38,435,,83,0,333,140,50,36,70,275,98,60,36,16,,0
17460,CLEVELAND-ELYRIA,2023,TRUE,single_year,2023,TRUE,TRUE,11,446,408,26,12,229,186,31,0,51.3,41.7,7.0,0.0,75000,56000,110000,205000,6.75,444,445,852,,93,74,82,141,46,10,91,67,60,,,,276,78,10,,,,,72,0,35,347,,58,,244,123,56,23,70,209,73,41,32,13,,0
17660,COEUR D'ALENE,2018,TRUE,three_year_total,2018,TRUE,TRUE,14,25,22,,,11,14,0,0,44.0,56.0,0.0,0.0,,,,,,24,25,30,0,,,,12,0,0,,,0,0,0,0,24,0,,0,0,0,0,0,0,0,25,0,0,0,12,,,0,,17,,,,0,0,0
17660,COEUR D'ALENE,2019,TRUE,three_year_total,"2018,2019",TRUE,TRUE,20,42,38,,,18,23,,0,42.9,54.8,2.4,0.0,,,,,,41,41,72,0,,,,18,,,,,,0,0,,39,0,,,0,0,0,,0,0,41,0,,0,20,10,12,0,,23,,,,0,0,0
17660,COEUR D'ALENE,2020,TRUE,three_year_total,"2018,2019,2020",TRUE,TRUE,21,60,55,,,25,33,,0,41.7,55.0,3.3,0.0,,,,,,58,59,102,0,14,12,,21,,,14,,,0,0,,54,0,,,0,0,0,,0,0,55,0,,0,29,14,16,,,32,,,,,,
17660,COEUR D'ALENE,2021,TRUE,three_year_total,"2019,2020,2021",TRUE,TRUE,21,46,44,,0,21,23,,0,45.7,50.0,4.3,0.0,,,,,,45,45,109,0,14,,,12,,,13,,,0,0,,38,0,,,0,0,0,,0,0,39,0,,0,19,12,12,,,17,,,,,,
17660,COEUR D'ALENE,2022,TRUE,three_year_total,"2020,2021,2022",TRUE,TRUE,16,42,40,,0,21,20,,0,50.0,47.6,2.4,0.0,,,,,,41,42,96,0,15,11,,10,,,14,,0,0,0,,31,0,,0,0,0,0,,0,0,32,0,10,0,15,10,12,,,14,13,,,,,
17660,COEUR D'ALENE,2023,TRUE,three_year_total,"2021,2022,2023",TRUE,TRUE,18,35,34,,0,20,14,,0,57.1,40.0,2.9,0.0,,,,,,35,35,71,0,15,,,11,0,,14,,,0,0,,25,0,,0,0,0,0,,0,0,26,0,,0,,,15,,,10,12,,0,,,0
17660,COEUR D'ALENE,2024,TRUE,three_year_total,"2022,2023,2024",TRUE,TRUE,17,38,37,,0,24,11,,0,63.2,28.9,7.9,0.0,,,,,,38,38,54,0,16,,,,,,16,,,0,0,,26,0,0,0,0,0,0,12,0,0,27,0,11,0,,,17,,,11,11,,,,0,0
17660,COEUR D'ALENE,2025,TRUE,three_year_total,"2023,2024,2025",TRUE,TRUE,18,43,40,,,30,,,0,69.8,18.6,11.6,0.0,,,,,,43,43,42,0,23,,,,,,21,,,0,0,0,31,0,0,0,0,0,,11,0,0,31,,11,0,11,,18,,11,11,10,,,,0,0
17780,COLLEGE STATION-BRYAN,2018,TRUE,three_year_total,2018,TRUE,TRUE,23,22,17,0,,15,,,0,68.2,18.2,13.6,0.0,,,,,,22,21,110,0,,,0,,,,,,0,0,0,,16,,,,0,0,0,,0,,18,0,,0,15,,,0,0,13,,,,,0,0
17780,COLLEGE STATION-BRYAN,2019,TRUE,three_year_total,"2018,2019",TRUE,TRUE,27,47,38,0,,30,,,0,63.8,19.1,17.0,0.0,,,,,,46,44,195,,15,,,,10,,15,,,0,,,31,,,,0,0,0,,0,,35,,,0,30,,,,,24,,,,,0,0
17780,COLLEGE STATION-BRYAN,2020,TRUE,three_year_total,"2018,2019,2020",TRUE,TRUE,22,66,53,0,13,36,19,11,0,54.5,28.8,16.7,0.0,,,,,,65,62,284,,18,,,14,14,,18,,,0,,,47,,,,0,0,,,0,,50,,,0,38,10,14,,,36,,,,,0,0
17780,COLLEGE STATION-BRYAN,2021,TRUE,three_year_total,"2019,2020,2021",TRUE,TRUE,22,73,62,,,34,26,13,0,46.6,35.6,17.8,0.0,,,,,,72,70,307,,19,,,21,14,,19,,,0,,,56,,,,0,0,,,0,,59,,,0,42,14,13,,16,34,,10,,,0,0
17780,COLLEGE STATION-BRYAN,2022,TRUE,three_year_total,"2020,2021,2022",TRUE,TRUE,22,60,50,,,27,25,,0,45.0,41.7,13.3,0.0,,,,,,60,59,332,0,19,,,22,,,19,,,0,,,49,,,,0,0,,,0,,53,0,,0,36,11,12,,12,26,,13,,,0,0
17780,COLLEGE STATION-BRYAN,2023,TRUE,three_year_total,"2021,2022,2023",TRUE,TRUE,21,55,45,,,33,17,,0,60.0,30.9,9.1,0.0,,,,,,55,52,289,0,23,,,14,,,23,,,0,,,45,,,,0,0,,,0,,51,0,,0,32,11,12,0,11,18,,11,,,0,0
17780,COLLEGE STATION-BRYAN,2024,TRUE,three_year_total,"2022,2023,2024",TRUE,TRUE,22,48,36,,11,34,12,,0,70.8,25.0,4.2,0.0,,,,,,48,41,223,,20,,,,,,20,,,0,0,,37,0,,0,0,0,,,0,,38,0,,0,23,10,14,,,11,11,,,,,0
17780,COLLEGE STATION-BRYAN,2025,TRUE,three_year_total,"2023,2024,2025",TRUE,TRUE,21,49,39,,,34,11,,0,69.4,22.4,8.2,0.0,,,,,,49,42,177,,18,,,,,10,18,,,0,0,,35,,,0,0,0,0,,0,,32,0,,0,20,11,16,,10,12,12,,,,,0
17820,COLORADO SPRINGS,2018,TRUE,single_year,2018,TRUE,TRUE,21,54,38,,13,17,19,18,0,31.5,35.2,33.3,0.0,70500,60000,93000,310000,4.625,54,53,160,0,,,,13,18,,,,,0,0,,41,,0,,0,0,0,,0,,39,,,0,29,10,10,,,25,13,,,,,0
17820,COLORADO SPRINGS,2019,TRUE,single_year,2019,TRUE,TRUE,22,63,44,,14,22,19,22,0,34.9,30.2,34.9,0.0,90000,64000,123500,365000,3.75,63,59,127,,14,,,,22,,13,,0,0,0,,45,,,,,,,10,0,,44,,14,0,28,14,16,,,26,15,,,,,0
17820,COLORADO SPRINGS,2020,TRUE,single_year,2020,TRUE,TRUE,15,90,53,18,19,29,25,36,0,32.2,27.8,40.0,0.0,88000,69000,120250,425000,2.875,88,86,134,,15,11,,20,31,,14,10,,0,0,,61,,,0,0,0,,22,0,,66,,18,0,48,11,23,,,46,14,12,,,0,
17820,COLORADO SPRINGS,2021,TRUE,single_year,2021,TRUE,TRUE,16,111,75,18,18,43,26,42,0,38.7,23.4,37.8,0.0,90500,72000,119250,465000,2.875,108,111,181,,27,18,,19,38,,26,15,,,0,0,69,,,,0,,,23,0,14,76,,18,0,56,19,26,10,,59,23,12,,,,
17820,COLORADO SPRINGS,2022,TRUE,single_year,2022,TRUE,TRUE,17,62,43,10,,26,16,20,0,41.9,25.8,32.3,0.0,111000,81500,149000,505000,4.816,62,62,126,,18,10,,10,17,,17,,0,0,0,,45,,,0,0,0,,12,0,,45,,11,0,27,15,16,,,27,14,,,,,0
17820,COLORADO SPRINGS,2023,TRUE,single_year,2023,TRUE,TRUE,18,78,55,,14,34,14,30,0,43.6,17.9,38.5,0.0,117000,94250,160000,505000,6.313,78,68,50,,21,11,10,,17,12,20,,,0,0,,55,,,0,0,0,,,0,,56,,10,0,27,18,29,,,30,22,,,,,0
17820,COLORADO SPRINGS,2024,TRUE,single_year,2024,TRUE,TRUE,19,66,48,,15,32,18,16,0,48.5,27.3,24.2,0.0,118000,95000,154000,520000,6.625,65,63,49,,15,,18,10,14,,13,,12,0,0,,45,,,,0,0,,11,0,,46,,12,0,34,12,13,,,32,11,,,,,
17820,COLORADO SPRINGS,2025,TRUE,single_year,2025,TRUE,TRUE,23,62,37,,21,33,,25,0,53.2,6.5,40.3,0.0,125500,96500,169250,555000,6.25,62,60,70,,10,,15,,22,,,,15,0,0,,42,,,,0,,,11,0,10,41,,,0,35,,18,,,34,,,0,,,0
17860,COLUMBIA,2018,TRUE,three_year_total,2018,TRUE,TRUE,21,30,30,0,0,12,16,,0,40.0,53.3,6.7,0.0,,,,,,30,25,80,0,,,,,,11,,,0,0,0,,26,,0,,0,0,0,,0,,26,0,,0,17,,,0,,14,,,,,0,0
17860,COLUMBIA,2019,TRUE,three_year_total,"2018,2019",TRUE,TRUE,21,64,64,0,0,32,27,,0,50.0,42.2,7.8,0.0,,,,,,64,51,180,,14,,,13,,22,14,,,0,0,13,51,,,,0,0,,,0,,53,,,0,31,,22,,,25,19,,,,0,0
17860,COLUMBIA,2020,TRUE,three_year_total,"2018,2019,2020",TRUE,TRUE,17,103,100,,,52,39,12,0,50.5,37.9,11.7,0.0,,,,,,103,86,281,,24,12,,20,10,31,24,,,0,0,17,78,,,,0,0,,,0,,89,,10,0,56,16,28,,19,39,27,,,,0,0
17860,COLUMBIA,2021,TRUE,three_year_total,"2019,2020,2021",TRUE,TRUE,17,105,101,,,57,35,13,0,54.3,33.3,12.4,0.0,,,,,,103,91,351,,24,17,,24,,25,24,14,,,0,14,70,10,,,0,0,,13,0,,89,,12,0,58,15,26,,18,37,31,,,,0,
17860,COLUMBIA,2022,TRUE,three_year_total,"2020,2021,2022",TRUE,TRUE,17,110,104,,,62,37,11,0,56.4,33.6,10.0,0.0,,,,,,107,95,411,,27,21,,27,,24,26,17,,,0,15,77,13,,0,0,0,,12,0,,96,,10,0,64,20,22,,28,39,23,,,,,
17860,COLUMBIA,2023,TRUE,three_year_total,"2021,2022,2023",TRUE,TRUE,19,102,96,,,64,31,,0,62.7,30.4,6.9,0.0,,,,,,99,78,411,,22,17,,24,,29,21,14,,,0,24,73,,,0,0,0,,13,0,,84,,11,0,49,17,30,,23,34,20,,,,,
17860,COLUMBIA,2024,TRUE,three_year_total,"2022,2023,2024",TRUE,TRUE,16,106,100,,,72,28,,0,67.9,26.4,5.7,0.0,,,,,,104,72,355,,24,13,10,16,,36,22,,,0,,34,79,13,,0,0,0,,,0,,88,,10,0,45,20,38,,23,39,13,11,,10,,0
17860,COLUMBIA,2025,TRUE,three_year_total,"2023,2024,2025",TRUE,TRUE,13,101,95,,,67,24,10,0,66.3,23.8,9.9,0.0,,,,,,98,65,334,0,17,,13,11,12,40,15,,10,0,,36,72,13,,0,0,0,,11,0,,80,,15,0,39,17,39,,11,38,20,10,,11,,
17900,COLUMBIA,2018,TRUE,three_year_total,2018,TRUE,TRUE,27,25,23,,0,17,,,0,68.0,24.0,8.0,0.0,,,,,,25,25,65,0,,,,,,,,,,0,0,,14,,,0,0,0,0,,0,,20,0,,0,14,,,,,12,,,,,,0
17900,COLUMBIA,2019,TRUE,three_year_total,"2018,2019",TRUE,TRUE,21,66,49,,,32,22,12,0,48.5,33.3,18.2,0.0,,,,,,66,66,132,,16,10,,17,13,,15,,,0,,,39,16,,0,0,0,,,0,,52,,11,0,38,13,,,10,31,,,,,,0
17900,COLUMBIA,2020,TRUE,three_year_total,"2018,2019,2020",TRUE,TRUE,14,95,73,11,11,42,34,19,0,44.2,35.8,20.0,0.0,,,,,,94,93,213,,19,14,,28,20,,18,13,,0,,,53,24,,0,0,0,,13,0,,77,,14,0,55,18,15,,14,41,15,,10,,,0
17900,COLUMBIA,2021,TRUE,three_year_total,"2019,2020,2021",TRUE,TRUE,14,107,78,10,19,39,43,25,0,36.4,40.2,23.4,0.0,,,,,,106,105,252,,20,,,38,24,12,19,,,0,,,57,29,,0,0,0,,16,0,,85,,16,0,64,19,15,,12,50,16,12,10,,,0
17900,COLUMBIA,2022,TRUE,three_year_total,"2020,2021,2022",TRUE,TRUE,15,98,81,,14,37,39,22,0,37.8,39.8,22.4,0.0,,,,,,97,96,295,,17,12,,35,20,11,17,11,,0,,,43,32,,0,,0,,17,0,,79,0,14,0,55,21,14,,,42,23,12,,,,0
17900,COLUMBIA,2023,TRUE,three_year_total,"2021,2022,2023",TRUE,TRUE,13,101,85,,13,48,35,18,0,47.5,34.7,17.8,0.0,,,,,,100,100,288,,18,16,,32,18,14,18,15,,0,,,43,31,,0,,0,,19,0,,73,0,22,0,49,22,17,13,,40,26,16,,,0,0
17900,COLUMBIA,2024,TRUE,three_year_total,"2022,2023,2024",TRUE,TRUE,10,94,84,,,56,25,13,0,59.6,26.6,13.8,0.0,,,,,,93,90,246,,12,15,13,22,17,15,12,14,13,0,,13,42,29,,0,,0,,18,0,,70,0,20,0,42,20,20,12,11,29,31,14,,,0,0
17900,COLUMBIA,2025,TRUE,three_year_total,"2023,2024,2025",TRUE,TRUE,9,104,87,,10,70,16,18,0,67.3,15.4,17.3,0.0,,,,,,103,97,207,,14,11,23,14,20,22,14,10,22,0,,20,53,28,,0,0,0,,18,0,,73,0,25,0,52,18,23,11,14,27,27,21,,,,0
17980,COLUMBUS,2018,TRUE,three_year_total,2018,TRUE,TRUE,27,,,0,,,,,0,44.4,22.2,33.3,0.0,,,,,,,,35,,,,0,,,,,,0,0,0,,,0,0,0,0,0,0,,0,0,,0,,0,,,0,,0,,0,,,0,0,0
17980,COLUMBUS,2019,TRUE,three_year_total,"2018,2019",TRUE,TRUE,25,21,12,,,,,,0,33.3,28.6,38.1,0.0,,,,,,20,20,71,,,,0,,,,,,0,0,0,,14,,0,0,0,0,0,,0,,16,0,,0,16,,,,,15,0,,,,0,0
17980,COLUMBUS,2020,TRUE,three_year_total,"2018,2019,2020",TRUE,TRUE,24,33,20,,,,,15,0,27.3,27.3,45.5,0.0,,,,,,32,32,97,,,,0,,12,,,,0,0,0,,18,10,0,0,0,0,,,0,,26,0,,0,22,,,,,22,,,,,0,0
17980,COLUMBUS,2021,TRUE,three_year_total,"2019,2020,2021",TRUE,TRUE,24,39,23,,,,13,17,0,23.1,33.3,43.6,0.0,,,,,,39,37,135,,,,,10,12,,,,0,0,0,,18,13,,0,0,0,,,0,,27,0,,0,24,,,,,23,,,,,0,0
17980,COLUMBUS,2022,TRUE,three_year_total,"2020,2021,2022",TRUE,TRUE,23,35,26,,,,11,15,0,25.7,31.4,42.9,0.0,,,,,,35,33,154,,0,,,,12,,0,,0,0,,,13,12,,0,0,0,,,0,,22,0,,0,18,10,,,,18,,,,0,,0
17980,COLUMBUS,2023,TRUE,three_year_total,"2021,2022,2023",TRUE,TRUE,23,40,30,,,14,11,15,0,35.0,27.5,37.5,0.0,,,,,,40,36,177,,,,,,15,,,,,0,,,16,11,,0,0,0,0,12,0,,25,0,11,0,22,10,,,,15,,,,,,0
17980,COLUMBUS,2024,TRUE,three_year_total,"2022,2023,2024",TRUE,TRUE,25,34,24,,,14,,12,0,41.2,23.5,35.3,0.0,,,,,,34,32,154,,,,,,15,,,,,0,,,11,10,,0,0,0,0,11,0,,23,0,10,0,19,,,,,12,,,,,,0
17980,COLUMBUS,2025,TRUE,three_year_total,"2023,2024,2025",TRUE,TRUE,19,49,28,,15,20,,22,0,40.8,14.3,44.9,0.0,,,,,,49,46,152,,,,11,,19,10,,,10,0,,,20,12,,0,0,0,0,15,0,,28,0,14,0,32,,,,,16,17,,,,0,0
18020,COLUMBUS,2018,TRUE,three_year_total,2018,TRUE,TRUE,23,,,0,,,,0,0,80.0,20.0,0.0,0.0,,,,,,,,11,0,,,0,0,,,,,0,0,0,,,,0,0,0,0,0,0,0,0,,0,,0,,0,,0,,,0,0,0,,0,0
18020,COLUMBUS,2019,TRUE,three_year_total,"2018,2019",TRUE,TRUE,26,,,0,,,,0,0,57.1,42.9,0.0,0.0,,,,,,,,19,0,,,0,,,,,,0,0,0,,,,0,0,0,0,0,0,0,0,,0,,0,,0,,0,,,,,0,,0,0
18020,COLUMBUS,2020,TRUE,three_year_total,"2018,2019,2020",TRUE,TRUE,24,10,,0,,,,0,0,60.0,40.0,0.0,0.0,,,,,,10,,24,0,,,0,,,,,,0,0,0,,,,0,0,0,0,0,0,0,0,,0,,0,,0,,0,,,,,0,,0,0
18020,COLUMBUS,2021,TRUE,three_year_total,"2019,2020,2021",TRUE,TRUE,22,,,0,,,,,0,44.4,44.4,11.1,0.0,,,,,,,,29,0,,0,0,,,0,,0,0,0,0,0,,,0,0,0,0,0,0,0,0,,0,0,0,,,0,0,,,,,0,,0,0
18020,COLUMBUS,2022,TRUE,three_year_total,"2020,2021,2022",TRUE,TRUE,21,14,13,0,,10,,,0,71.4,21.4,7.1,0.0,,,,,,14,14,28,0,,,0,,,0,,,0,0,0,0,11,,0,0,0,0,0,,0,0,12,,,0,,,,,,,,0,0,,0,0
18020,COLUMBUS,2023,TRUE,three_year_total,"2021,2022,2023",TRUE,TRUE,25,16,15,0,,11,,,0,68.8,25.0,6.2,0.0,,,,,,16,16,32,0,,,,,,0,,,,0,0,0,14,,0,0,0,0,0,,0,,13,,,0,,,,,,,,,0,,0,0
18020,COLUMBUS,2024,TRUE,three_year_total,"2022,2023,2024",TRUE,TRUE,21,17,17,0,0,14,,0,0,82.4,17.6,0.0,0.0,,,,,,17,17,19,0,11,,,,0,0,11,,,0,0,0,15,,0,0,0,0,0,,0,,13,,,0,,,,,,,,,,,0,0
18020,COLUMBUS,2025,TRUE,three_year_total,"2023,2024,2025",TRUE,TRUE,21,13,11,,0,11,,0,0,84.6,15.4,0.0,0.0,,,,,,13,13,24,0,,,,,,0,,,,0,,0,12,0,0,0,0,0,0,,0,,11,0,0,0,,,,0,,,0,,,,0,0
18140,COLUMBUS,2018,TRUE,single_year,2018,TRUE,TRUE,10,331,305,,17,236,86,,0,71.3,26.0,2.7,0.0,83000,57000,130500,255000,4.5,327,314,377,,167,26,28,57,30,23,166,25,20,0,,17,258,24,,0,,0,,39,0,,284,,42,0,137,62,102,30,26,116,61,52,38,29,,0
18140,COLUMBUS,2019,TRUE,single_year,2019,FALSE,TRUE,6,381,353,12,16,269,97,15,0,70.6,25.5,3.9,0.0,85000,56000,126000,265000,4.125,371,367,410,17,185,43,31,72,27,23,185,38,24,0,,15,284,38,12,,0,0,,39,0,,324,,42,0,156,61,138,26,26,132,66,49,57,31,18,
18140,COLUMBUS,2020,TRUE,single_year,2020,TRUE,TRUE,9,378,349,,21,232,130,16,0,61.4,34.4,4.2,0.0,83000,59000,131250,295000,3.125,372,367,489,,142,55,20,117,21,23,142,51,13,10,0,16,277,43,,,,0,,44,0,,322,,47,0,183,66,103,26,34,141,75,51,47,15,10,
18140,COLUMBUS,2021,TRUE,single_year,2021,TRUE,TRUE,9,378,349,13,16,226,128,24,0,59.8,33.9,6.3,0.0,84000,60000,127000,330000,3,369,372,568,,136,61,16,123,28,14,135,59,,13,,,253,47,17,0,,0,,55,0,12,310,,53,0,189,72,85,32,46,167,68,34,31,23,,
18140,COLUMBUS,2022,TRUE,single_year,2022,TRUE,TRUE,10,330,306,,18,237,86,,0,71.8,26.1,2.1,0.0,100000,68000,147000,345000,4.5,325,328,523,,145,41,32,73,34,,144,36,23,10,21,,207,43,12,,0,0,,61,0,,269,,48,0,119,76,100,35,34,128,65,42,25,25,10,
18140,COLUMBUS,2023,TRUE,single_year,2023,TRUE,TRUE,6,297,274,11,12,199,85,13,0,67.0,28.6,4.4,0.0,112000,72750,181000,375000,6.625,292,284,394,,130,21,35,69,28,14,129,17,27,,,13,195,39,16,0,0,0,,43,0,11,243,,39,0,129,55,88,25,31,106,45,43,34,23,14,
18140,COLUMBUS,2024,TRUE,single_year,2024,TRUE,TRUE,8,355,327,10,18,295,47,13,0,83.1,13.2,3.7,0.0,126000,87500,190000,375000,7.125,347,350,400,,157,23,96,38,32,,157,22,90,,15,,230,38,19,,0,0,,63,0,15,273,,64,0,172,54,107,22,33,131,73,40,37,29,11,
18140,COLUMBUS,2025,TRUE,single_year,2025,TRUE,TRUE,8,374,350,14,10,292,62,20,0,78.1,16.6,5.3,0.0,115000,80000,176000,365000,6.894,369,368,426,,146,24,92,50,49,13,146,22,87,,22,,243,40,18,,0,,,61,0,16,299,,57,0,161,72,115,26,46,119,73,58,34,32,11,
18580,CORPUS CHRISTI,2018,TRUE,three_year_total,2018,TRUE,TRUE,30,10,,,,,,,0,50.0,40.0,10.0,0.0,,,,,,10,,32,0,,,0,,,,,,0,0,0,0,,0,0,,0,0,,,0,,,,,0,,,,,0,,,,,0,0,0
18580,CORPUS CHRISTI,2019,TRUE,three_year_total,"2018,2019",TRUE,TRUE,27,18,14,,,10,,,0,55.6,33.3,11.1,0.0,,,,,,18,14,65,,,,0,,,,,,0,0,0,,14,0,0,,0,0,,,0,,10,,,0,,,,,0,,,,,0,0,0
18580,CORPUS CHRISTI,2020,TRUE,three_year_total,"2018,2019,2020",TRUE,TRUE,29,28,20,,,14,,,0,50.0,28.6,21.4,0.0,,,,,,28,24,97,,,,,,,,,,,0,0,,18,,,,0,0,,,0,,17,,,0,13,,,,0,13,,,,0,0,0
18580,CORPUS CHRISTI,2021,TRUE,three_year_total,"2019,2020,2021",TRUE,TRUE,26,33,21,,11,14,,11,0,42.4,24.2,33.3,0.0,,,,,,31,28,109,,,,,,10,,,,,0,0,,25,,,0,0,0,0,,0,,20,,,0,14,,,,,15,,,,,0,0
18580,CORPUS CHRISTI,2022,TRUE,three_year_total,"2020,2021,2022",TRUE,TRUE,24,36,23,,11,14,10,12,0,38.9,27.8,33.3,0.0,,,,,,34,34,106,,,,,,10,,,,,0,0,,25,,,0,0,0,0,,0,,19,,,0,15,,,,,14,11,,,,0,0
18580,CORPUS CHRISTI,2023,TRUE,three_year_total,"2021,2022,2023",TRUE,TRUE,22,41,29,,,16,11,14,0,39.0,26.8,34.1,0.0,,,,,,38,36,101,,,,,,14,,,,,0,0,,32,,0,0,0,0,0,,0,12,21,,,0,19,,10,,,11,18,,,,0,0
18580,CORPUS CHRISTI,2024,TRUE,three_year_total,"2022,2023,2024",TRUE,TRUE,21,42,30,,,22,,13,0,52.4,16.7,31.0,0.0,,,,,,41,37,86,0,,,,,10,,,,,0,0,,28,,0,,0,0,0,11,0,11,20,,10,0,20,,12,,,14,16,,,,0,0
18580,CORPUS CHRISTI,2025,TRUE,three_year_total,"2023,2024,2025",TRUE,TRUE,19,55,40,,10,32,10,13,0,58.2,18.2,23.6,0.0,,,,,,54,48,89,,11,,10,,13,,11,,,0,,,36,,,,0,0,0,11,0,17,24,,13,0,34,,11,,,19,17,,,,0,0
18700,CORVALLIS,2018,TRUE,three_year_total,2018,TRUE,TRUE,23,,,,0,,,0,0,57.1,42.9,0.0,0.0,,,,,,,,12,0,,0,,,0,0,,0,,0,0,0,,0,0,0,0,0,0,,0,0,,0,,0,,,,0,0,,,,0,,0,0
18700,CORVALLIS,2019,TRUE,three_year_total,"2018,2019",TRUE,TRUE,25,20,15,,,11,,,0,55.0,35.0,10.0,0.0,,,,,,20,19,27,0,,0,,,,,,0,,0,0,,15,0,,0,0,0,,,0,0,17,0,,0,,,,,,,,,0,,0,0
18700,CORVALLIS,2020,TRUE,three_year_total,"2018,2019,2020",TRUE,TRUE,26,27,20,,,18,,,0,66.7,25.9,7.4,0.0,,,,,,27,26,38,0,13,0,,,,,13,0,,0,,,21,0,,0,0,0,,,0,0,21,,,0,,,11,,,,,,,,,0
18700,CORVALLIS,2021,TRUE,three_year_total,"2019,2020,2021",TRUE,TRUE,24,35,28,,,21,12,,0,60.0,34.3,5.7,0.0,,,,,,35,34,47,0,13,,,12,,,13,,,0,,,26,0,,0,0,0,,,0,,25,,,0,12,,16,,,14,10,,,,,0
18700,CORVALLIS,2022,TRUE,three_year_total,"2020,2021,2022",TRUE,TRUE,21,37,31,,,19,15,,0,51.4,40.5,8.1,0.0,,,,,,36,37,43,0,13,,,11,,0,12,,,0,,0,24,0,,0,0,0,,,0,,23,,,0,11,,18,,,17,11,,,0,,0
18700,CORVALLIS,2023,TRUE,three_year_total,"2021,2022,2023",TRUE,TRUE,22,40,36,,,18,19,,0,45.0,47.5,7.5,0.0,,,,,,39,40,40,0,12,,,14,,0,11,,,0,,0,26,,,0,0,0,,,0,,26,,,0,14,,19,,,23,10,,,0,,0
18700,CORVALLIS,2024,TRUE,three_year_total,"2022,2023,2024",TRUE,TRUE,22,34,32,,,20,11,,0,58.8,32.4,8.8,0.0,,,,,,32,34,33,0,17,,,,,0,16,,,0,0,0,22,,,0,0,0,,,0,,20,,,0,12,,14,,,17,10,,,0,0,
18700,CORVALLIS,2025,TRUE,three_year_total,"2023,2024,2025",TRUE,TRUE,23,31,28,,,25,,,0,80.6,16.1,3.2,0.0,,,,,,30,31,30,0,17,,,,,0,17,,,0,0,0,19,,,0,0,0,,,0,,14,,,0,15,,11,,,14,,0,,0,0,
18880,CRESTVIEW-FORT WALTON BEACH-DESTIN,2018,TRUE,three_year_total,2018,TRUE,TRUE,24,10,,,,,,,0,20.0,40.0,40.0,0.0,,,,,,10,,39,0,0,0,0,,,,0,0,0,0,0,,,,0,0,0,0,0,,0,0,,0,,0,,,0,,,,,,0,,0,0
18880,CRESTVIEW-FORT WALTON BEACH-DESTIN,2019,TRUE,three_year_total,"2018,2019",TRUE,TRUE,24,26,21,,,15,,,0,57.7,15.4,26.9,0.0,,,,,,25,21,76,,,0,0,,,10,,0,0,0,,,17,,0,0,0,0,0,,0,,21,0,,0,10,,,,,,,,,,0,0
18880,CRESTVIEW-FORT WALTON BEACH-DESTIN,2020,TRUE,three_year_total,"2018,2019,2020",TRUE,TRUE,24,43,34,,,20,,16,0,46.5,16.3,37.2,0.0,,,,,,42,38,110,,,,,,14,11,,,0,0,,,32,,0,,0,0,0,,0,,33,0,,0,22,,12,,,12,,,,,0,0
18880,CRESTVIEW-FORT WALTON BEACH-DESTIN,2021,TRUE,three_year_total,"2019,2020,2021",TRUE,TRUE,22,52,39,,,26,,21,0,50.0,9.6,40.4,0.0,,,,,,51,47,114,,14,,,,20,,14,,0,,,,39,,0,,0,0,0,,0,,35,0,14,0,28,,14,,,14,15,,,,0,0
18880,CRESTVIEW-FORT WALTON BEACH-DESTIN,2022,TRUE,three_year_total,"2020,2021,2022",TRUE,TRUE,22,43,31,,,17,,21,0,39.5,11.6,48.8,0.0,,,,,,43,42,121,,10,,,,18,,10,,0,,0,,32,,0,,0,0,0,,0,,28,0,12,0,28,,,,,12,18,,,,0,0
18880,CRESTVIEW-FORT WALTON BEACH-DESTIN,2023,TRUE,three_year_total,"2021,2022,2023",TRUE,TRUE,22,40,30,,,19,,16,0,47.5,12.5,40.0,0.0,,,,,,40,37,118,,10,,,,13,,10,,,,0,,29,,0,0,0,0,0,10,0,,29,0,10,0,21,,,,,10,15,,,,,0
18880,CRESTVIEW-FORT WALTON BEACH-DESTIN,2024,TRUE,three_year_total,"2022,2023,2024",TRUE,TRUE,27,33,29,,,20,,10,0,60.6,9.1,30.3,0.0,,,,,,33,28,98,0,,,,,,,,,,0,0,,26,0,,0,0,0,,,0,,25,,,0,16,,10,,,,10,,,,,0
18880,CRESTVIEW-FORT WALTON BEACH-DESTIN,2025,TRUE,three_year_total,"2023,2024,2025",TRUE,TRUE,26,37,31,,,22,,12,0,59.5,8.1,32.4,0.0,,,,,,37,31,83,0,11,,,,,10,11,,,0,0,,31,0,,,0,0,,,0,,29,,,0,15,,15,,,,,,,,,0
19060,CUMBERLAND,2018,TRUE,three_year_total,2018,TRUE,TRUE,21,12,12,0,0,,,0,0,58.3,41.7,0.0,0.0,,,,,,12,10,19,0,,,0,,,,,,0,0,0,,10,,0,,0,0,0,0,0,0,12,0,0,0,,,,0,,,,,0,,,0
19060,CUMBERLAND,2019,TRUE,three_year_total,"2018,2019",TRUE,TRUE,23,21,19,,0,,12,0,0,42.9,57.1,0.0,0.0,,,,,,21,19,29,0,,,0,,,,,,0,0,0,,16,,,,0,0,0,,0,0,20,0,,0,13,,,0,,,,,0,,,0
19060,CUMBERLAND,2020,TRUE,three_year_total,"2018,2019,2020",TRUE,TRUE,24,34,31,,,12,20,,0,35.3,58.8,5.9,0.0,,,,,,34,32,45,0,,,0,14,,,,,0,0,,,26,,,,0,0,0,,0,0,32,,,0,22,,,0,,10,11,,,,,0
19060,CUMBERLAND,2021,TRUE,three_year_total,"2019,2020,2021",TRUE,TRUE,23,43,37,,,14,26,,0,32.6,60.5,7.0,0.0,,,,,,43,43,74,0,,,0,18,12,,,,0,0,,,34,,,0,0,,0,,0,,39,,,0,23,11,,0,,15,11,,,,,0
19060,CUMBERLAND,2022,TRUE,three_year_total,"2020,2021,2022",TRUE,TRUE,24,48,43,,,18,25,,0,37.5,52.1,10.4,0.0,,,,,,48,47,98,0,,,,16,12,,,,,0,,,42,,,0,0,,0,,0,,43,,,0,22,15,11,0,,15,11,,,,,0
19060,CUMBERLAND,2023,TRUE,three_year_total,"2021,2022,2023",TRUE,TRUE,23,49,43,,,21,23,,0,42.9,46.9,10.2,0.0,,,,,,49,46,109,,,10,,15,,,,10,,0,0,,43,,,0,0,,,,0,,44,0,,0,23,14,12,0,,16,,,,,0,0
19124,DALLAS-PLANO-IRVING,2018,TRUE,single_year,2018,TRUE,TRUE,14,85,79,,,56,23,,0,65.9,27.1,7.1,0.0,91500,70000,135750,295000,4.75,84,84,250,,40,13,,12,,,39,12,,0,0,,52,,10,0,0,0,,14,0,14,52,,16,0,38,16,21,10,,30,16,17,16,,0,0
19124,DALLAS-PLANO-IRVING,2019,TRUE,single_year,2019,TRUE,TRUE,20,96,87,,,49,42,,0,51.0,43.8,5.2,0.0,104000,73000,140500,315000,4,95,91,229,,22,17,14,33,,,22,14,,,,,58,17,,,0,0,,12,0,11,66,,17,0,42,17,28,,,48,16,12,,,,
19124,DALLAS-PLANO-IRVING,2020,TRUE,single_year,2020,TRUE,TRUE,13,133,121,,,71,49,13,0,53.4,36.8,9.8,0.0,107000,81000,159000,345000,3.125,133,127,221,,39,24,,39,15,11,39,20,,0,,,76,17,,0,0,0,,29,0,15,85,,29,0,53,33,33,14,,64,26,14,16,,,0
19124,DALLAS-PLANO-IRVING,2021,TRUE,single_year,2021,TRUE,TRUE,12,145,130,,10,81,50,14,0,55.9,34.5,9.7,0.0,103000,74500,184500,365000,3.25,143,145,354,,52,20,,40,19,,52,18,,,,,61,34,17,0,0,,,28,0,17,100,,24,0,69,37,27,12,12,58,37,24,10,,0,0
19124,DALLAS-PLANO-IRVING,2022,TRUE,single_year,2022,TRUE,TRUE,13,136,124,,,78,42,16,0,57.4,30.9,11.8,0.0,129000,90000,175500,405000,4.875,135,132,274,,51,22,,32,16,10,51,19,0,0,,,64,26,13,0,0,,,27,0,17,92,,23,0,59,29,32,16,,61,32,13,12,,,
19124,DALLAS-PLANO-IRVING,2023,TRUE,single_year,2023,TRUE,TRUE,15,134,121,,12,83,44,,0,61.9,32.8,5.2,0.0,157000,109000,268500,475000,6.99,131,123,203,,49,19,,33,12,12,47,17,,,,12,67,25,10,,,0,,25,0,26,81,,23,0,55,25,42,12,,57,36,17,11,,,
19124,DALLAS-PLANO-IRVING,2024,TRUE,single_year,2024,TRUE,TRUE,10,157,137,,13,107,39,11,0,68.2,24.8,7.0,0.0,163000,129500,272000,505000,6.624,155,145,214,,38,12,48,31,12,16,37,10,44,,,14,69,31,26,0,0,0,,30,0,30,100,,24,,65,39,39,14,12,59,46,19,10,,,
19124,DALLAS-PLANO-IRVING,2025,TRUE,single_year,2025,TRUE,TRUE,10,173,157,,,105,48,20,0,60.7,27.7,11.6,0.0,154000,103000,263500,525000,6.575,171,161,230,,45,13,33,40,25,17,44,13,30,,,13,82,36,12,,0,0,,40,0,34,105,,30,0,85,34,42,12,12,54,47,28,19,,,0
19140,DALTON,2018,TRUE,three_year_total,2018,TRUE,TRUE,19,,,0,0,,,0,0,20.0,80.0,0.0,0.0,,,,,,,,,0,0,,0,,,0,0,,0,0,0,0,,0,0,,0,0,0,0,0,,,0,0,0,,,0,0,0,,,0,0,0,0,0
19140,DALTON,2019,TRUE,three_year_total,"2018,2019",TRUE,TRUE,24,14,11,0,,,10,0,0,28.6,71.4,0.0,0.0,,,,,,14,14,24,,,,0,,,0,,,0,0,0,0,10,,0,,0,0,,,0,,,0,,0,,,,,,,,,0,0,0,0
19140,DALTON,2020,TRUE,three_year_total,"2018,2019,2020",TRUE,TRUE,26,23,18,,,,16,,0,26.1,69.6,4.3,0.0,,,,,,23,23,32,,,,0,15,,,,,0,0,0,,16,,,,0,0,,,0,12,,,,0,15,,,,,13,,,0,0,0,0
19140,DALTON,2021,TRUE,three_year_total,"2019,2020,2021",TRUE,TRUE,25,33,26,,,13,19,,0,39.4,57.6,3.0,0.0,,,,,,33,33,47,,,,,18,,,,,0,0,0,,25,,,0,0,0,,,0,18,11,,,0,21,,,,,16,,,,0,0,0
19140,DALTON,2022,TRUE,three_year_total,"2020,2021,2022",TRUE,TRUE,25,39,33,,,16,22,,0,41.0,56.4,2.6,0.0,,,,,,39,38,44,,,,,20,,,,,0,0,0,,30,,,0,0,,0,,0,24,10,,,0,24,,,,,16,,,,0,0,0
19140,DALTON,2023,TRUE,three_year_total,"2021,2022,2023",TRUE,TRUE,22,47,43,,,18,28,,0,38.3,59.6,2.1,0.0,,,,,,47,46,56,0,,,,24,0,,,,,0,0,,36,,,0,0,,0,,0,31,12,0,,0,29,11,,,,21,,,,0,0,0
19140,DALTON,2024,TRUE,three_year_total,"2022,2023,2024",TRUE,TRUE,23,64,61,0,,24,37,,0,37.5,57.8,4.7,0.0,,,,,,64,63,61,,,10,,31,,,,,,0,0,,46,,,,0,,,,0,41,16,,,0,35,13,13,,11,27,16,,,,0,0
19140,DALTON,2025,TRUE,three_year_total,"2023,2024,2025",TRUE,TRUE,20,70,66,,,28,39,,0,40.0,55.7,4.3,0.0,,,,,,70,69,91,,,11,13,32,,,,,12,0,0,,52,,,,0,0,,10,0,44,20,,,0,42,10,16,,12,31,17,,,,0,0
19180,DANVILLE,2018,TRUE,three_year_total,2018,TRUE,TRUE,14,,,0,0,,0,0,0,100.0,0.0,0.0,0.0,,,,,,,,,0,,0,0,0,0,,,0,0,0,0,,,0,0,0,0,0,0,0,0,0,,0,0,0,0,0,,0,0,0,0,0,,0,0,0
19180,DANVILLE,2019,TRUE,three_year_total,"2018,2019",TRUE,TRUE,13,,,0,0,,0,0,0,100.0,0.0,0.0,0.0,,,,,,,,21,0,,0,0,0,0,,,0,0,0,0,,,0,0,0,0,0,0,0,0,0,,0,0,0,0,0,,0,0,0,0,0,,0,0,0
19180,DANVILLE,2020,TRUE,three_year_total,"2018,2019,2020",TRUE,TRUE,19,,,0,0,,,0,0,80.0,20.0,0.0,0.0,,,,,,,,34,0,,0,0,,0,,,0,0,0,0,,,0,0,0,0,0,0,0,0,0,,0,0,0,,,,0,0,,0,,,0,0,0
19180,DANVILLE,2021,TRUE,three_year_total,"2019,2020,2021",TRUE,TRUE,20,,,0,0,,,0,0,62.5,37.5,0.0,0.0,,,,,,,,35,0,0,0,0,,,,0,0,0,0,0,,,0,0,0,0,0,0,0,0,0,,0,0,0,,,,0,,,0,,0,,,0
19180,DANVILLE,2022,TRUE,three_year_total,"2020,2021,2022",TRUE,TRUE,25,12,11,,0,,,0,0,66.7,33.3,0.0,0.0,,,,,,12,,37,,,0,0,,,,,0,0,0,0,,10,,0,0,0,0,0,,0,0,11,0,,0,,,,,,,,,,,,0
19180,DANVILLE,2023,TRUE,three_year_total,"2021,2022,2023",TRUE,TRUE,29,12,11,,0,,,0,0,75.0,25.0,0.0,0.0,,,,,,12,,45,,,,0,,,,,,0,0,0,,,,0,0,0,0,0,,0,0,,0,,0,,,,,,,,,,,,0
19300,DAPHNE-FAIRHOPE-FOLEY,2018,TRUE,three_year_total,2018,TRUE,TRUE,19,,,0,0,,,0,0,57.1,42.9,0.0,0.0,,,,,,,,20,0,,0,0,,0,,,0,0,0,0,,,0,0,0,0,0,0,0,0,0,,0,0,0,,0,,0,0,,,0,0,,,0
19300,DAPHNE-FAIRHOPE-FOLEY,2019,TRUE,three_year_total,"2018,2019",TRUE,TRUE,25,11,,,0,,,0,0,72.7,27.3,0.0,0.0,,,,,,10,,38,,,0,0,,0,,,0,0,0,0,,,0,0,0,0,0,0,,0,0,,0,,0,,,,,0,,,,0,,,
19300,DAPHNE-FAIRHOPE-FOLEY,2020,TRUE,three_year_total,"2018,2019,2020",TRUE,TRUE,24,19,17,,0,14,,,0,73.7,21.1,5.3,0.0,,,,,,18,14,61,,,,0,,,,,,0,0,0,,16,0,0,0,0,0,0,,0,0,16,0,,0,,,,,0,,,,0,,,
19300,DAPHNE-FAIRHOPE-FOLEY,2021,TRUE,three_year_total,"2019,2020,2021",TRUE,TRUE,27,28,26,,0,21,,,0,75.0,14.3,10.7,0.0,,,,,,27,24,84,,10,,,,,,,,,0,0,,24,0,0,,0,0,0,,0,0,25,0,,0,,12,,,,,,,,,,
19300,DAPHNE-FAIRHOPE-FOLEY,2022,TRUE,three_year_total,"2020,2021,2022",TRUE,TRUE,25,26,26,0,0,19,,,0,73.1,15.4,11.5,0.0,,,,,,26,23,99,0,,,,,,,,,,0,0,,23,0,0,,0,0,0,,0,0,24,0,,0,,11,,,,,,,,,,0
19300,DAPHNE-FAIRHOPE-FOLEY,2023,TRUE,three_year_total,"2021,2022,2023",TRUE,TRUE,24,24,24,0,0,19,,,0,79.2,12.5,8.3,0.0,,,,,,23,22,94,0,10,,,,,,,,,0,0,,22,0,0,,0,0,0,,0,0,23,0,,0,,,,,,,,,,,0,0
19300,DAPHNE-FAIRHOPE-FOLEY,2024,TRUE,three_year_total,"2022,2023,2024",TRUE,TRUE,23,20,20,0,0,19,0,,0,95.0,0.0,5.0,0.0,,,,,,19,17,71,0,,,,0,,,,,,0,0,,18,0,0,0,0,0,0,,0,0,17,0,,0,,,,,,,,,,,,0
19300,DAPHNE-FAIRHOPE-FOLEY,2025,TRUE,three_year_total,"2023,2024,2025",TRUE,TRUE,23,38,37,,0,35,,,0,92.1,2.6,5.3,0.0,,,,,,37,33,73,0,21,,,,,,20,,,0,0,,36,0,0,0,0,0,0,,0,0,34,0,,0,,,25,,,,,,,,,0
19340,DAVENPORT-MOLINE-ROCK ISLAND,2018,TRUE,three_year_total,2018,TRUE,TRUE,24,28,25,0,,15,10,,0,53.6,35.7,10.7,0.0,,,,,,28,23,138,0,,,,,,,,,,0,,,25,,0,0,0,0,0,,0,,22,0,,0,18,,,,,10,,,,0,0,0
19340,DAVENPORT-MOLINE-ROCK ISLAND,2019,TRUE,three_year_total,"2018,2019",TRUE,TRUE,18,64,58,0,,33,25,,0,51.6,39.1,9.4,0.0,,,,,,64,53,278,,,,,20,,17,,,,0,,11,58,,0,0,0,0,0,,0,,52,0,,0,39,11,13,,10,30,13,,,0,0,0
19340,DAVENPORT-MOLINE-ROCK ISLAND,2020,TRUE,three_year_total,"2018,2019,2020",TRUE,TRUE,14,91,82,,,45,36,10,0,49.5,39.6,11.0,0.0,,,,,,91,75,428,,13,10,,29,,22,13,,,0,,16,79,,0,0,0,0,0,,0,13,72,0,,0,54,15,18,,13,38,21,,10,,0,0
19340,DAVENPORT-MOLINE-ROCK ISLAND,2021,TRUE,three_year_total,"2019,2020,2021",TRUE,TRUE,16,105,94,,,50,42,13,0,47.6,40.0,12.4,0.0,,,,,,105,82,453,,18,,10,30,13,27,18,,,0,,23,86,,,0,0,0,0,,0,12,88,,,0,59,21,22,,15,43,24,,11,,,0
19340,DAVENPORT-MOLINE-ROCK ISLAND,2022,TRUE,three_year_total,"2020,2021,2022",TRUE,TRUE,14,115,99,,,61,40,14,0,53.0,34.8,12.2,0.0,,,,,,115,85,470,0,13,,11,27,24,32,13,,,0,,30,86,14,,0,0,0,,12,0,10,98,,,0,67,19,24,,20,35,32,12,,,,0
19340,DAVENPORT-MOLINE-ROCK ISLAND,2023,TRUE,single_year,2023,TRUE,TRUE,22,52,46,,,32,18,,0,61.5,34.6,3.8,0.0,64000,49250,85750,145000,6.75,52,38,157,0,,,,13,,16,,,,0,,14,38,,,0,0,0,,,0,,43,0,,0,22,19,10,,11,17,10,,,,,0
19340,DAVENPORT-MOLINE-ROCK ISLAND,2024,TRUE,single_year,2024,TRUE,TRUE,16,66,51,,,49,12,,0,74.2,18.2,7.6,0.0,81500,63250,122750,145000,6.5,66,41,146,,,,11,10,,27,,,11,0,,25,45,12,0,0,0,0,0,,0,10,48,0,,0,32,15,13,,10,22,13,10,,,,0
19340,DAVENPORT-MOLINE-ROCK ISLAND,2025,TRUE,single_year,2025,TRUE,TRUE,19,75,58,,,49,23,,0,65.3,30.7,4.0,0.0,68000,51250,97500,165000,6.125,74,59,158,,10,,15,20,,17,10,,13,,,16,54,10,,0,0,0,,,0,10,54,,,0,46,15,11,,14,20,19,,,,,0
19380,DAYTON,2018,TRUE,single_year,2018,TRUE,TRUE,13,210,189,,16,163,31,16,0,77.6,14.8,7.6,0.0,85000,58000,115750,225000,4.25,210,200,213,0,143,,,27,16,13,143,,,0,0,11,189,,,0,0,0,,,0,,196,,,0,57,43,103,,11,47,32,32,41,35,12,0
19430,DAYTON-KETTERING-BEAVERCREEK,2019,TRUE,single_year,2019,TRUE,TRUE,12,171,156,,11,129,27,15,0,75.4,15.8,8.8,0.0,87000,62000,118500,245000,4,170,165,206,,107,15,,24,13,10,106,15,,0,,,144,10,,0,0,0,,12,0,,155,,12,0,56,31,76,,,38,23,27,31,30,17,0
19430,DAYTON-KETTERING-BEAVERCREEK,2020,TRUE,single_year,2020,TRUE,TRUE,14,187,162,,19,136,40,11,0,72.7,21.4,5.9,0.0,82000,59000,128000,255000,3,185,180,200,,116,13,,36,10,10,116,10,,0,,,159,11,,0,,,,,0,,173,,10,0,59,43,82,,14,45,31,25,29,27,16,0
19430,DAYTON-KETTERING-BEAVERCREEK,2021,TRUE,single_year,2021,TRUE,TRUE,8,185,166,,10,128,41,16,0,69.2,22.2,8.6,0.0,65000,47000,99000,215000,3,183,178,272,,105,15,,38,12,11,104,15,,,0,,136,15,,0,0,0,0,30,0,,155,0,26,0,70,54,44,17,18,54,25,28,22,24,14,0
19430,DAYTON-KETTERING-BEAVERCREEK,2022,TRUE,single_year,2022,TRUE,TRUE,11,187,169,,14,132,45,10,0,70.6,24.1,5.3,0.0,86000,59000,125000,255000,4.25,185,184,252,,118,13,,29,14,,118,11,0,0,0,,140,18,,0,,0,,19,0,,161,,19,0,71,44,64,,13,43,42,25,25,25,14,0
19430,DAYTON-KETTERING-BEAVERCREEK,2023,TRUE,single_year,2023,TRUE,TRUE,16,160,137,,16,124,24,12,0,77.5,15.0,7.5,0.0,103000,69750,152500,305000,6.75,160,156,216,,108,,,18,13,11,108,,,0,,,122,16,,,,0,,16,0,,135,,15,0,55,36,60,,12,45,27,18,26,23,,0
19430,DAYTON-KETTERING-BEAVERCREEK,2024,TRUE,single_year,2024,TRUE,TRUE,10,197,163,,27,159,28,10,0,80.7,14.2,5.1,0.0,96000,69000,138000,325000,7.5,197,194,213,,128,11,19,22,11,,127,11,16,0,,,151,17,,0,,0,,21,0,10,165,,14,0,71,51,66,,14,47,51,22,28,21,14,0
19430,DAYTON-KETTERING-BEAVERCREEK,2025,TRUE,single_year,2025,TRUE,TRUE,16,186,167,,14,162,10,12,,87.1,5.4,6.5,1.1,114000,81000,163000,375000,7.25,186,183,228,,139,,21,,10,,136,,19,0,,,149,13,,,0,,,15,0,,156,,21,0,56,34,88,,11,38,37,22,30,29,19,0
19460,DECATUR,2018,TRUE,three_year_total,2018,FALSE,FALSE,0,0,0,0,0,0,0,0,0,,,,,,,,,,0,0,13,0,0,0,0,0,0,0,0,0,0,0,0,0,0,0,0,0,0,0,0,0,0,0,0,0,0,0,0,0,0,0,0,0,0,0,0,0,0,0
19460,DECATUR,2019,TRUE,three_year_total,"2018,2019",FALSE,FALSE,0,0,0,0,0,0,0,0,0,,,,,,,,,,0,0,27,0,0,0,0,0,0,0,0,0,0,0,0,0,0,0,0,0,0,0,0,0,0,0,0,0,0,0,0,0,0,0,0,0,0,0,0,0,0,0
19460,DECATUR,2020,TRUE,three_year_total,"2018,2019,2020",TRUE,TRUE,11,,,0,0,,0,0,0,100.0,0.0,0.0,0.0,,,,,,,,49,0,0,,0,0,0,0,0,,0,0,0,0,,0,0,0,0,0,0,0,0,0,,0,0,0,0,,0,0,0,0,0,,0,0,0,0
19460,DECATUR,2021,TRUE,three_year_total,"2019,2020,2021",TRUE,TRUE,17,,,,0,,0,0,0,100.0,0.0,0.0,0.0,,,,,,,,61,0,0,,0,0,0,,0,,0,0,0,,,0,0,0,0,0,0,0,0,0,,0,0,0,,,0,0,0,0,,,0,,0,0
19460,DECATUR,2022,TRUE,three_year_total,"2020,2021,2022",TRUE,TRUE,22,,,,0,,0,0,0,100.0,0.0,0.0,0.0,,,,,,,,59,0,,,0,0,0,,,,0,0,0,,,,0,0,0,0,0,0,0,0,,0,0,0,,,,0,0,,,,0,,0,0
19460,DECATUR,2023,TRUE,three_year_total,"2021,2022,2023",TRUE,TRUE,27,11,,,,,,,0,81.8,9.1,9.1,0.0,,,,,,10,,50,0,,0,0,,,,,0,0,0,0,,,,0,0,0,0,0,,0,0,10,0,,0,,,,,,,,,,,0,0
19460,DECATUR,2024,TRUE,three_year_total,"2022,2023,2024",TRUE,TRUE,23,14,10,0,,10,,,0,71.4,14.3,14.3,0.0,,,,,,13,11,35,0,,0,,,,,,0,0,0,0,,11,,0,0,0,0,0,,0,0,13,0,,0,,,,,,,,,,,0,0
19460,DECATUR,2025,TRUE,three_year_total,"2023,2024,2025",TRUE,TRUE,24,15,10,0,,11,,,0,73.3,13.3,13.3,0.0,,,,,,15,14,42,0,,0,,,,,,0,,0,0,,13,,0,0,0,0,0,,0,0,14,0,,0,,,,,,,,,,,0,0
19500,DECATUR,2018,TRUE,three_year_total,2018,TRUE,TRUE,10,,,0,0,,0,0,0,100.0,0.0,0.0,0.0,,,,,,,0,11,0,0,0,0,0,0,,0,0,0,0,0,,,0,0,0,0,0,0,0,0,0,,0,0,0,0,0,,0,0,0,,0,0,0,0,0
19500,DECATUR,2019,TRUE,three_year_total,"2018,2019",TRUE,TRUE,17,,,0,0,,,0,0,66.7,33.3,0.0,0.0,,,,,,,,16,0,0,,0,,0,,0,,0,0,0,,,0,0,0,0,0,0,0,0,0,,0,0,0,,0,,0,0,,,0,0,0,0,0
19500,DECATUR,2020,TRUE,three_year_total,"2018,2019,2020",TRUE,TRUE,20,,,0,0,,,0,0,75.0,25.0,0.0,0.0,,,,,,,,32,0,,,0,,0,,,,0,0,0,,,0,0,0,0,0,0,0,0,0,,0,0,0,,0,,0,0,,,0,0,,0,0
19500,DECATUR,2021,TRUE,three_year_total,"2019,2020,2021",TRUE,TRUE,20,,,0,0,,,0,0,75.0,25.0,0.0,0.0,,,,,,,,29,0,,,0,,0,0,,,0,0,0,0,,0,0,0,0,0,0,0,0,0,,0,0,0,,,,0,,,,0,0,,0,0
19500,DECATUR,2022,TRUE,three_year_total,"2020,2021,2022",TRUE,TRUE,19,,,0,0,,0,0,0,100.0,0.0,0.0,0.0,,,,,,,,36,0,,,0,0,0,,,,0,0,0,,,0,0,0,0,0,0,0,0,0,,0,0,0,,,,0,,,0,0,0,,0,0
19500,DECATUR,2023,TRUE,three_year_total,"2021,2022,2023",TRUE,TRUE,20,,,,0,,,0,0,60.0,40.0,0.0,0.0,,,,,,,,36,0,0,,0,,0,,0,,0,0,0,,,0,0,0,0,0,0,,0,0,,0,0,0,,,0,0,,,,0,0,0,0,0
19500,DECATUR,2024,TRUE,three_year_total,"2022,2023,2024",TRUE,TRUE,21,,,,0,,,0,0,60.0,40.0,0.0,0.0,,,,,,,,49,0,0,0,,,0,,0,0,,0,0,,,0,0,0,0,0,0,,0,0,,0,0,0,,,,0,0,,,,0,0,0,0
19500,DECATUR,2025,TRUE,three_year_total,"2023,2024,2025",TRUE,TRUE,24,,,,0,,,0,0,60.0,40.0,0.0,0.0,,,,,,,,49,0,,0,,,0,,,0,,0,0,,,0,0,0,0,0,0,,0,0,,0,0,0,,,,0,0,,,,0,,0,0
19660,DELTONA-DAYTONA BEACH-ORMOND BEACH,2018,TRUE,three_year_total,2018,TRUE,TRUE,23,34,31,,,13,18,,0,38.2,52.9,8.8,0.0,,,,,,34,31,76,0,12,,0,13,,,11,,0,0,0,0,28,,0,0,0,0,,,0,,28,,,0,17,,,,,,,,,,,0
19660,DELTONA-DAYTONA BEACH-ORMOND BEACH,2019,TRUE,three_year_total,"2018,2019",TRUE,TRUE,17,79,70,,,33,38,,0,41.8,48.1,10.1,0.0,,,,,,79,73,154,,26,10,,25,,,23,,,0,0,,62,,0,0,0,0,,14,0,,58,,12,0,37,15,19,,,17,16,17,10,12,,0
19660,DELTONA-DAYTONA BEACH-ORMOND BEACH,2020,TRUE,three_year_total,"2018,2019,2020",TRUE,TRUE,12,118,104,,,51,56,11,0,43.2,47.5,9.3,0.0,,,,,,118,109,245,,35,15,,40,10,12,32,11,,0,0,,93,,,0,0,0,,17,0,13,87,,17,0,56,21,31,10,,29,22,23,18,14,,0
19660,DELTONA-DAYTONA BEACH-ORMOND BEACH,2021,TRUE,single_year,2021,TRUE,TRUE,12,65,58,,,31,24,10,0,47.7,36.9,15.4,0.0,73000,59000,93000,305000,2.999,65,63,193,0,18,12,,22,,,18,11,0,0,0,,41,10,0,0,0,0,,12,0,,43,0,14,0,32,13,14,,,18,16,13,11,,,0
19660,DELTONA-DAYTONA BEACH-ORMOND BEACH,2022,TRUE,single_year,2022,TRUE,TRUE,21,53,44,,,29,18,,0,54.7,34.0,11.3,0.0,86000,67000,120000,335000,4.375,53,51,150,,21,,,13,,,21,,0,0,0,,39,,,0,0,0,0,,0,,34,,,0,21,15,14,,,18,14,10,,,,0
19660,DELTONA-DAYTONA BEACH-ORMOND BEACH,2023,TRUE,single_year,2023,TRUE,TRUE,20,55,46,,,24,22,,0,43.6,40.0,16.4,0.0,110000,84000,150000,405000,6.75,55,55,125,0,19,,,17,,,17,,,0,0,,35,,,0,0,0,,12,0,,30,,14,0,27,,14,,,13,12,12,,,0,0
19660,DELTONA-DAYTONA BEACH-ORMOND BEACH,2024,TRUE,single_year,2024,TRUE,TRUE,18,60,45,10,,36,18,,0,60.0,30.0,10.0,0.0,113500,97500,175250,405000,6.625,60,60,109,,14,,18,10,,,13,,15,0,,0,41,10,,0,0,0,0,,0,15,35,,,0,27,23,,,,15,18,12,,,,0
19660,DELTONA-DAYTONA BEACH-ORMOND BEACH,2025,TRUE,single_year,2025,TRUE,TRUE,18,53,43,,,29,13,11,0,54.7,24.5,20.8,0.0,130000,92000,192000,405000,6.499,53,53,84,0,10,,15,,10,,10,,10,0,,,34,,,0,0,0,,10,0,,36,,11,0,19,10,17,,,14,13,,,0,,0
19740,DENVER-AURORA-CENTENNIAL,2018,TRUE,single_year,2018,TRUE,TRUE,16,101,89,,,71,23,,0,70.3,22.8,6.9,0.0,100000,76500,135750,455000,4.75,100,96,281,,39,23,,14,,13,38,19,,0,0,,81,0,,0,0,0,,14,0,11,69,,18,0,45,20,30,,,51,18,,10,,,0
19740,DENVER-AURORA-CENTENNIAL,2019,TRUE,single_year,2019,TRUE,TRUE,12,208,108,93,,142,54,12,0,68.3,26.0,5.8,0.0,110000,79000,157000,425000,4,205,204,278,13,93,34,23,32,21,,91,30,11,,,,165,,,,0,0,,30,0,18,158,,29,0,73,44,79,12,,88,53,34,16,10,0,
19740,DENVER-AURORA-CENTENNIAL,2020,TRUE,single_year,2020,TRUE,TRUE,11,436,126,297,13,317,87,31,,72.7,20.0,7.1,0.2,117000,85000,158750,455000,3.125,430,434,295,10,181,73,70,52,54,,177,64,56,,,,328,18,,,0,0,,70,0,52,318,,64,0,147,101,159,29,17,173,120,66,32,20,,
19740,DENVER-AURORA-CENTENNIAL,2021,TRUE,single_year,2021,TRUE,TRUE,7,432,124,286,22,332,73,26,,76.9,16.9,6.0,0.2,126000,89000,182000,525000,3,429,432,423,12,201,74,66,54,37,0,196,66,54,,,0,337,,13,,0,0,11,62,0,53,316,10,53,0,168,71,170,23,17,183,125,66,24,13,,
19740,DENVER-AURORA-CENTENNIAL,2022,TRUE,single_year,2022,TRUE,TRUE,12,314,127,175,12,244,49,21,0,77.7,15.6,6.7,0.0,140500,104000,200250,565000,5,304,313,260,,157,55,51,31,18,,150,50,36,,,,226,12,15,,,0,,52,0,38,220,,51,0,112,61,113,28,,137,91,38,23,10,,
19740,DENVER-AURORA-CENTENNIAL,2023,TRUE,single_year,2023,FALSE,TRUE,9,261,105,140,16,200,48,13,0,76.6,18.4,5.0,0.0,168000,125750,242250,585000,6.75,260,258,124,0,131,46,35,31,15,,125,43,24,,,,200,,14,0,0,0,,32,0,28,200,,27,0,92,51,106,12,13,104,63,40,23,12,,
19740,DENVER-AURORA-CENTENNIAL,2024,TRUE,single_year,2024,TRUE,TRUE,13,169,132,17,20,134,27,,0,79.3,16.0,4.7,0.0,174000,122000,235000,645000,6.625,167,167,141,,53,35,54,14,,,51,30,49,0,,,122,,10,,0,0,,29,0,28,107,,27,0,68,31,53,17,15,80,43,17,,,,0
19740,DENVER-AURORA-CENTENNIAL,2025,TRUE,single_year,2025,TRUE,TRUE,15,188,137,29,22,140,40,,0,74.5,21.3,4.3,0.0,166000,131000,235000,655000,6.5,185,183,142,,61,33,52,19,14,,58,29,43,,,,130,,,,0,,,37,0,29,126,,29,0,79,45,54,10,14,82,45,23,10,,,
19780,DES MOINES-WEST DES MOINES,2018,TRUE,three_year_total,2018,TRUE,TRUE,22,32,29,,,27,,,0,84.4,12.5,3.1,0.0,,,,,,31,32,144,0,13,,,,,0,13,,,0,,0,28,,0,0,0,0,,0,0,0,31,0,,0,16,,10,,,,10,,,,,0
19780,DES MOINES-WEST DES MOINES,2019,TRUE,three_year_total,"2018,2019",TRUE,TRUE,21,68,62,,,54,11,,0,79.4,16.2,4.4,0.0,,,,,,67,63,269,,21,16,,11,,,21,16,,,,,58,,,0,0,0,,,0,,61,0,,0,36,17,14,,11,19,16,,12,,,0
19780,DES MOINES-WEST DES MOINES,2020,TRUE,three_year_total,"2018,2019,2020",TRUE,TRUE,20,101,93,,,71,23,,0,70.3,22.8,6.9,0.0,,,,,,100,96,399,,24,23,12,20,16,,24,23,,,,,80,,,,0,0,,,0,,87,0,,0,53,26,19,,21,35,20,,13,,,0
19780,DES MOINES-WEST DES MOINES,2021,TRUE,single_year,2021,TRUE,TRUE,22,54,44,,,32,19,,0,59.3,35.2,5.6,0.0,65000,45500,95250,195000,3.188,54,52,156,,12,10,,13,,,12,,,0,,,42,,,0,0,0,,,0,,43,0,,0,25,14,12,,15,23,,,,,0,0
19780,DES MOINES-WEST DES MOINES,2022,TRUE,single_year,2022,TRUE,TRUE,20,67,57,,,33,25,,0,49.3,37.3,13.4,0.0,70000,53000,88000,205000,5.25,67,62,154,,,15,,18,16,,,12,,0,,,43,,0,0,0,0,,16,0,,45,,17,0,35,16,,,13,27,10,11,,,,0
19780,DES MOINES-WEST DES MOINES,2023,TRUE,three_year_total,"2021,2022,2023",TRUE,TRUE,7,168,142,10,16,96,59,13,0,57.1,35.1,7.7,0.0,,,,,,168,155,444,,31,33,15,45,28,16,30,29,,0,15,13,118,11,,0,0,0,,31,0,21,116,,28,0,80,47,29,12,34,71,22,18,14,,,0
19780,DES MOINES-WEST DES MOINES,2024,TRUE,single_year,2024,TRUE,TRUE,20,59,52,,,34,21,,0,57.6,35.6,6.8,0.0,78000,64250,107000,225000,6.625,58,49,163,0,,11,11,13,,11,,,10,0,,10,40,,,0,0,0,0,,0,,47,0,,0,34,10,13,,,17,14,,,,,
19780,DES MOINES-WEST DES MOINES,2025,TRUE,single_year,2025,TRUE,TRUE,23,64,53,,,48,14,,0,75.0,21.9,3.1,0.0,79000,68000,107000,235000,6.5,63,51,147,,,,21,11,,14,,,20,0,,12,40,,,,0,0,,14,0,,42,,13,0,32,,18,,,26,12,13,,,,
19804,DETROIT-DEARBORN-LIVONIA,2018,TRUE,single_year,2018,TRUE,TRUE,13,177,168,,,121,51,,0,68.4,28.8,2.8,0.0,47000,31000,72000,105000,4.795,168,175,102,,47,36,26,40,25,,45,34,22,,16,,95,20,30,,0,0,,28,0,,149,,21,0,90,45,29,13,12,67,47,29,13,,,0
19804,DETROIT-DEARBORN-LIVONIA,2019,TRUE,single_year,2019,TRUE,TRUE,11,211,197,10,,149,58,,0,70.6,27.5,1.9,0.0,53000,34000,78250,115000,4.5,208,210,118,,50,52,33,40,34,,49,49,29,0,21,,103,29,37,,,0,0,39,0,10,173,,27,0,122,48,24,17,22,99,45,35,,,,0
19804,DETROIT-DEARBORN-LIVONIA,2020,TRUE,single_year,2020,TRUE,TRUE,12,165,147,,,105,50,10,0,63.6,30.3,6.1,0.0,53000,35000,80000,135000,3.25,157,157,129,,44,33,16,45,22,,44,31,14,,13,,72,26,24,0,0,0,0,43,0,,117,,39,0,100,39,,18,14,62,44,32,,,,0
19804,DETROIT-DEARBORN-LIVONIA,2021,TRUE,single_year,2021,TRUE,TRUE,14,268,250,12,,185,77,,0,69.0,28.7,2.2,0.0,51000,35000,83000,145000,3.138,261,266,179,,86,85,,70,16,,83,82,,,11,,118,50,54,0,,,,41,0,15,210,,42,0,154,60,27,27,28,103,63,46,20,,,0
19804,DETROIT-DEARBORN-LIVONIA,2022,TRUE,single_year,2022,FALSE,TRUE,7,290,264,14,12,168,112,10,0,57.9,38.6,3.4,0.0,60000,42000,87000,170000,5,279,288,217,0,75,67,26,96,22,,73,63,22,,,,113,66,48,0,,,,59,0,12,223,0,55,0,162,73,24,31,23,118,66,45,28,10,0,0
19804,DETROIT-DEARBORN-LIVONIA,2023,TRUE,single_year,2023,TRUE,TRUE,8,286,263,13,10,167,107,12,0,58.4,37.4,4.2,0.0,66000,46000,96000,175000,6.781,277,286,239,,55,71,42,85,32,,53,66,38,,,0,92,81,58,,0,0,0,53,0,26,216,,42,,166,80,13,27,28,112,65,43,22,14,,0
19804,DETROIT-DEARBORN-LIVONIA,2024,TRUE,single_year,2024,TRUE,TRUE,9,321,296,15,10,210,95,16,0,65.4,29.6,5.0,0.0,70000,52000,108250,195000,6.749,318,319,342,,64,44,100,78,28,,64,41,92,,,,106,85,60,,0,,,64,0,16,251,0,54,0,170,98,27,26,19,135,83,40,30,12,,0
19804,DETROIT-DEARBORN-LIVONIA,2025,TRUE,single_year,2025,TRUE,TRUE,10,287,265,13,,193,79,15,0,67.2,27.5,5.2,0.0,70500,52250,100000,185000,6.625,282,286,311,,46,42,101,65,22,11,42,40,96,,,,93,82,45,,0,,,56,0,26,213,,45,0,148,86,26,27,27,101,76,37,31,13,,0
20020,DOTHAN,2018,TRUE,three_year_total,2018,TRUE,TRUE,16,,,0,0,,0,0,0,100.0,0.0,0.0,0.0,,,,,,,,,0,,0,0,0,0,,,0,0,0,0,,,0,0,0,0,0,0,0,0,0,,0,0,0,,0,,0,0,0,0,,,0,0,0
20020,DOTHAN,2019,TRUE,three_year_total,"2018,2019",TRUE,TRUE,20,,,,0,,0,0,0,100.0,0.0,0.0,0.0,,,,,,,,21,0,,0,0,0,0,,,0,0,0,0,,,0,0,0,0,0,0,0,0,0,,0,0,0,,0,,0,0,,,,,,,0
20020,DOTHAN,2020,TRUE,three_year_total,"2018,2019,2020",TRUE,TRUE,16,12,10,,,12,0,0,0,100.0,0.0,0.0,0.0,,,,,,12,,31,0,,0,0,0,0,,,0,0,0,0,,12,0,0,0,0,0,0,0,0,0,12,0,0,0,,,,0,0,,,,,,,0
20020,DOTHAN,2021,TRUE,three_year_total,"2019,2020,2021",TRUE,TRUE,21,11,,,,10,,0,0,90.9,9.1,0.0,0.0,,,,,,11,,32,0,,,0,0,,,,,0,0,0,,11,0,0,0,0,0,0,0,0,0,11,0,0,0,,,,0,0,,,,,,,0
20020,DOTHAN,2022,TRUE,three_year_total,"2020,2021,2022",TRUE,TRUE,25,,,0,,,,0,0,87.5,12.5,0.0,0.0,,,,,,,,29,0,,,0,0,,,,,0,0,0,,,0,0,0,0,0,0,0,0,0,,0,0,0,,,,0,,0,,,,,,0
20020,DOTHAN,2023,TRUE,three_year_total,"2021,2022,2023",TRUE,TRUE,25,,,,0,,,0,0,83.3,16.7,0.0,0.0,,,,,,,,35,0,,,0,0,,,,,0,0,0,,,0,0,0,0,0,0,0,0,0,,0,0,0,,,,0,,0,,,,,,0
20020,DOTHAN,2024,TRUE,three_year_total,"2022,2023,2024",TRUE,TRUE,25,,,,0,,0,0,0,100.0,0.0,0.0,0.0,,,,,,,,42,0,,,0,0,,,,,0,0,,,,0,0,0,0,0,0,0,0,0,,,0,0,,,,0,,,0,0,,,,0
20020,DOTHAN,2025,TRUE,three_year_total,"2023,2024,2025",TRUE,TRUE,27,,,,0,,0,,0,87.5,0.0,12.5,0.0,,,,,,,,59,0,,0,0,0,,,,0,0,0,,,,,0,0,,0,0,0,0,0,,,0,0,,,,0,0,,,,,,,0
20100,DOVER,2018,TRUE,three_year_total,2018,TRUE,TRUE,24,,,0,0,,,,0,50.0,33.3,16.7,0.0,,,,,,,,,0,,0,,0,,0,,0,,0,0,0,,,,0,0,0,0,0,0,0,,0,0,0,,,,0,0,,,,,0,0,0
20100,DOVER,2019,TRUE,three_year_total,"2018,2019",TRUE,TRUE,29,11,,,0,,,,0,54.5,27.3,18.2,0.0,,,,,,11,10,24,,,0,,,,,,0,,0,,,,,,0,0,0,0,,0,0,10,0,,0,,,,,,,,,,0,0,0
20100,DOVER,2020,TRUE,three_year_total,"2018,2019,2020",TRUE,TRUE,30,17,13,,0,,,,0,47.1,41.2,11.8,0.0,,,,,,17,16,29,,,,,,,,,,,0,,,10,,,0,0,0,0,,0,,13,0,,0,,,,,,,,,,0,0,0
20100,DOVER,2021,TRUE,three_year_total,"2019,2020,2021",TRUE,TRUE,23,23,12,,,11,11,,0,47.8,47.8,4.3,0.0,,,,,,23,21,35,,,,0,10,,,,,0,0,,,14,,0,0,0,0,0,,0,,16,0,,0,12,,,,,12,,0,,,0,0
20100,DOVER,2022,TRUE,three_year_total,"2020,2021,2022",TRUE,TRUE,25,25,14,,,13,12,0,0,52.0,48.0,0.0,0.0,,,,,,25,23,33,,,,,10,,,,,,0,,,15,,0,0,,0,0,,0,,18,0,,0,13,,,0,,11,,,,,0,0
20100,DOVER,2023,TRUE,three_year_total,"2021,2022,2023",TRUE,TRUE,27,25,14,,,12,12,,0,48.0,48.0,4.0,0.0,,,,,,25,23,49,,,,,10,,,,,,0,,,14,,0,0,,0,0,,0,,18,0,,0,11,,,,,10,,,,,0,0
20100,DOVER,2024,TRUE,three_year_total,"2022,2023,2024",TRUE,TRUE,33,19,15,,,,,,0,47.4,47.4,5.3,0.0,,,,,,19,18,46,0,,,,,,,,,,0,0,,,,0,0,,0,,,0,,13,,,0,,,,,,,,,,,0,0
20100,DOVER,2025,TRUE,three_year_total,"2023,2024,2025",TRUE,TRUE,29,23,21,,,12,10,,0,52.2,43.5,4.3,0.0,,,,,,23,23,45,0,,,,,,,,,,0,,,13,,0,0,0,0,,,0,,16,,,0,,,,,,,,,,0,0,0
20220,DUBUQUE,2018,TRUE,three_year_total,2018,TRUE,TRUE,23,19,18,,0,15,,0,0,78.9,21.1,0.0,0.0,,,,,,19,19,39,0,,,,,,,,,,0,,,16,0,0,0,0,0,0,,0,0,16,0,,0,13,,,,,,,,0,,0,0
20220,DUBUQUE,2019,TRUE,three_year_total,"2018,2019",TRUE,TRUE,27,25,20,,,20,,0,0,80.0,20.0,0.0,0.0,,,,,,24,25,96,,,,,,,,,,,0,,,21,0,0,0,0,0,0,,0,0,21,0,,0,15,,,,,,,,,,0,
20220,DUBUQUE,2020,TRUE,three_year_total,"2018,2019,2020",TRUE,TRUE,27,33,28,,,27,,0,0,81.8,18.2,0.0,0.0,,,,,,31,30,144,,,,,,,,,,,0,,,28,0,0,0,0,0,0,,0,,27,0,,0,17,,,,,14,,,,,0,
20220,DUBUQUE,2021,TRUE,three_year_total,"2019,2020,2021",TRUE,TRUE,26,30,25,,,22,,0,0,73.3,26.7,0.0,0.0,,,,,,28,24,173,,,10,,,,,,,,0,,,25,,0,0,0,0,0,,0,,25,0,,0,15,,,,,13,,,,0,0,
20220,DUBUQUE,2022,TRUE,three_year_total,"2020,2021,2022",TRUE,TRUE,27,37,34,,,30,,0,0,81.1,18.9,0.0,0.0,,,,,,35,29,195,,,,,,,,,,,0,,,30,,,0,0,0,0,,0,,32,0,,0,20,,11,,,15,,,,,0,0
20220,DUBUQUE,2023,TRUE,three_year_total,"2021,2022,2023",TRUE,TRUE,26,35,32,,,27,,,0,77.1,20.0,2.9,0.0,,,,,,34,29,201,,,10,,,,,,,,0,,,28,,,0,0,0,0,,0,0,31,0,,0,20,,10,,,11,,,,,0,0
20220,DUBUQUE,2024,TRUE,three_year_total,"2022,2023,2024",TRUE,TRUE,27,28,24,0,,24,,,0,85.7,7.1,7.1,0.0,,,,,,27,24,162,,,,,,,,,,,0,,,21,,,0,0,0,0,,0,0,24,0,,0,16,,,,,11,,,,,0,0
20220,DUBUQUE,2025,TRUE,three_year_total,"2023,2024,2025",TRUE,TRUE,28,23,21,0,,17,,,0,73.9,17.4,8.7,0.0,,,,,,23,20,120,0,,,,,,,,,,0,0,,16,,,,0,0,,,0,0,20,0,,0,13,,,,,,,,,,0,0
20260,DULUTH,2018,TRUE,three_year_total,2018,TRUE,TRUE,22,49,39,,,36,10,,0,73.5,20.4,6.1,0.0,,,,,,49,41,95,0,12,,,,10,,12,,,0,,,44,,,0,0,0,,,0,0,46,0,,0,31,,10,,12,16,,,,,0,0
20260,DULUTH,2019,TRUE,single_year,2019,TRUE,TRUE,20,62,55,,,44,14,,0,71.0,22.6,6.5,0.0,50500,38500,75000,135000,4.125,62,53,111,,15,,,10,,17,15,,,0,,14,53,,,,0,0,0,,0,0,55,0,,0,29,19,10,,,27,17,,,,0,0
20260,DULUTH,2020,TRUE,single_year,2020,TRUE,TRUE,21,50,44,,,29,18,,0,58.0,36.0,6.0,0.0,50000,42000,82750,155000,3.25,50,44,117,0,,,,15,,,,,,0,,,47,,,,0,0,0,0,0,0,48,0,,0,32,10,,0,10,14,14,,,,0,0
20260,DULUTH,2021,TRUE,three_year_total,"2019,2020,2021",TRUE,TRUE,9,160,142,12,,106,44,10,0,66.2,27.5,6.2,0.0,,,,,,160,143,392,,43,23,13,36,17,28,43,23,11,0,,24,142,,,,0,0,0,12,0,,143,0,15,0,85,37,30,,25,60,41,16,12,,0,0
20260,DULUTH,2022,TRUE,three_year_total,"2020,2021,2022",TRUE,TRUE,13,146,131,,,96,41,,0,65.8,28.1,6.2,0.0,,,,,,145,135,366,,46,25,11,34,15,15,46,25,,0,,13,131,,,,0,0,,11,0,,128,0,16,0,84,25,31,,24,51,34,15,15,,0,0
20260,DULUTH,2023,TRUE,three_year_total,"2021,2022,2023",TRUE,TRUE,14,135,123,,,95,32,,0,70.4,23.7,5.9,0.0,,,,,,133,130,316,,49,29,12,26,12,,49,29,,0,,,114,0,,,0,0,,17,0,,110,0,22,0,77,22,26,10,23,54,25,13,13,,,0
20260,DULUTH,2024,TRUE,single_year,2024,TRUE,TRUE,22,53,45,,,36,14,,0,67.9,26.4,5.7,0.0,73000,61000,115000,205000,6.99,53,50,81,,,,16,,11,,,,15,0,,,45,,,0,0,0,0,,0,,45,0,,0,29,,12,,11,16,11,,,,0,0
20260,DULUTH,2025,TRUE,three_year_total,"2023,2024,2025",TRUE,TRUE,13,132,118,10,,93,31,,0,70.5,23.5,6.1,0.0,,,,,,131,128,213,,26,24,34,21,20,,26,24,31,0,,,110,,,,0,0,0,13,0,,113,0,16,0,77,21,26,,28,48,25,15,10,,,0
20500,DURHAM-CHAPEL HILL,2018,TRUE,three_year_total,2018,TRUE,TRUE,26,21,20,,0,12,,0,0,57.1,42.9,0.0,0.0,,,,,,21,21,89,0,,,,,,,,,,0,0,,14,,,0,0,0,0,,0,,16,0,,0,14,,,,,,,,,,0,0
20500,DURHAM-CHAPEL HILL,2019,TRUE,three_year_total,"2018,2019",TRUE,TRUE,26,39,36,,,20,16,,0,51.3,41.0,7.7,0.0,,,,,,39,39,163,,,10,,11,,,,10,,0,0,,26,,,,0,0,0,,0,,27,,,0,25,,,,,22,,,,,0,0
20500,DURHAM-CHAPEL HILL,2020,TRUE,three_year_total,"2018,2019,2020",TRUE,TRUE,25,56,51,,,30,20,,0,53.6,35.7,10.7,0.0,,,,,,56,56,240,,,15,,14,,,,15,,0,,,36,,,,0,0,0,,0,,43,,,0,33,,10,,,29,10,,,,0,0
20500,DURHAM-CHAPEL HILL,2021,TRUE,three_year_total,"2019,2020,2021",TRUE,TRUE,20,73,65,,,43,21,,0,58.9,28.8,12.3,0.0,,,,,,73,71,257,,12,23,,17,,,12,21,,0,,,44,13,,,0,0,0,14,0,,54,,11,0,35,15,15,,,39,,12,,,,0
20500,DURHAM-CHAPEL HILL,2022,TRUE,three_year_total,"2020,2021,2022",TRUE,TRUE,17,74,63,,,48,16,10,0,64.9,21.6,13.5,0.0,,,,,,74,72,252,,18,21,,14,,10,18,19,,0,,,42,17,,,0,0,0,13,0,,58,0,11,0,31,17,20,,,35,,11,,,,0
20500,DURHAM-CHAPEL HILL,2023,TRUE,three_year_total,"2021,2022,2023",TRUE,TRUE,17,76,66,,,52,17,,0,68.4,22.4,9.2,0.0,,,,,,76,73,219,,19,20,,16,,15,19,18,,0,,13,42,20,,,0,0,0,11,0,,59,0,11,0,30,19,21,,,37,11,,,,,0
20500,DURHAM-CHAPEL HILL,2024,TRUE,three_year_total,"2022,2023,2024",TRUE,TRUE,19,68,53,11,,51,13,,0,75.0,19.1,5.9,0.0,,,,,,68,67,167,,21,10,,13,,10,21,10,,0,,,34,20,,,0,0,,,0,,53,0,10,0,27,17,19,,,30,20,,,,,0
20500,DURHAM-CHAPEL HILL,2025,TRUE,three_year_total,"2023,2024,2025",TRUE,TRUE,15,73,62,,,58,13,,0,79.5,17.8,2.7,0.0,,,,,,73,71,160,,22,10,16,11,,10,22,10,14,0,,10,36,16,,,0,0,,11,0,,57,0,10,0,29,17,20,,,28,25,10,,,,0
20524,DUTCHESS COUNTY-PUTNAM COUNTY,2018,TRUE,single_year,2018,TRUE,TRUE,15,92,68,22,,56,34,,0,60.9,37.0,2.2,0.0,85000,55000,120250,230000,4.75,92,82,52,,28,16,14,23,,,28,11,,,,,71,12,,0,0,0,0,,0,20,69,0,,0,41,28,22,,,31,31,18,,0,0,0
20580,EAGLE PASS,2024,TRUE,three_year_total,2024,TRUE,TRUE,23,,,,,,,0,0,25.0,75.0,0.0,0.0,,,,,,,,,,0,0,,,,0,0,0,,0,0,0,,0,0,0,0,0,0,0,0,,0,0,0,0,,,,0,,,,0,0,,0,0
20580,EAGLE PASS,2025,TRUE,three_year_total,"2024,2025",TRUE,TRUE,23,15,,,,,10,,0,26.7,66.7,6.7,0.0,,,,,,15,15,,,,,,,,0,,,,0,0,0,14,0,0,0,0,0,0,,0,15,0,0,0,0,,,,0,,,,0,0,,0,0
20700,EAST STROUDSBURG,2018,TRUE,three_year_total,2018,TRUE,TRUE,23,18,16,,,,10,,0,38.9,55.6,5.6,0.0,,,,,,18,18,19,0,,,0,,,,,,0,,0,0,12,,0,0,0,0,0,,0,,12,0,,0,10,,,,,,,,0,0,0,0
20700,EAST STROUDSBURG,2019,TRUE,three_year_total,"2018,2019",TRUE,TRUE,28,33,29,,,13,18,,0,39.4,54.5,6.1,0.0,,,,,,33,32,34,0,,,,16,,,,,,,0,,18,,0,0,,0,,,0,,24,0,,0,17,,,,,10,,,,,,0
20700,EAST STROUDSBURG,2020,TRUE,three_year_total,"2018,2019,2020",TRUE,TRUE,27,47,40,,,19,25,,0,40.4,53.2,6.4,0.0,,,,,,47,45,66,0,,,,21,,,,,,,,,30,,0,0,,0,,,0,,33,0,,0,25,,10,,,17,10,,,,,0
20700,EAST STROUDSBURG,2021,TRUE,three_year_total,"2019,2020,2021",TRUE,TRUE,22,54,48,,,27,24,,0,50.0,44.4,5.6,0.0,,,,,,54,50,80,0,13,,,21,,,13,,,0,,,35,,0,,,0,,10,0,12,33,0,,0,27,15,,,,19,11,11,,,,0
20700,EAST STROUDSBURG,2022,TRUE,three_year_total,"2020,2021,2022",TRUE,TRUE,18,62,52,,,34,24,,0,54.8,38.7,6.5,0.0,,,,,,62,56,96,0,13,13,,20,,,13,12,0,0,,,37,,,,,,0,14,0,16,33,0,13,0,31,18,10,,,23,19,10,,,,0
20700,EAST STROUDSBURG,2023,TRUE,three_year_total,"2021,2022,2023",TRUE,TRUE,20,56,45,,,34,19,,0,60.7,33.9,5.4,0.0,,,,,,56,51,77,,14,13,,16,,,14,12,,0,,,31,,,,0,,0,14,0,13,29,0,14,0,27,18,,,,18,19,,,,0,0
20740,EAU CLAIRE,2018,TRUE,three_year_total,2018,TRUE,TRUE,24,31,30,,0,21,,,0,67.7,29.0,3.2,0.0,,,,,,31,28,79,,10,,,,,,10,,,,0,,28,,0,0,0,0,0,,0,0,29,0,,0,14,10,,,,12,,,,,,0
20740,EAU CLAIRE,2019,TRUE,three_year_total,"2018,2019",TRUE,TRUE,19,72,66,,,48,22,,0,66.7,30.6,2.8,0.0,,,,,,72,67,154,,18,12,10,13,11,,18,11,,,,,62,,,0,0,0,,,0,0,64,,,0,33,17,19,,14,29,11,,10,,,0
20740,EAU CLAIRE,2020,TRUE,three_year_total,"2018,2019,2020",TRUE,TRUE,15,113,102,,,77,29,,0,68.1,25.7,6.2,0.0,,,,,,113,103,274,,28,19,18,18,15,15,28,18,14,,,12,95,,,0,0,0,,,0,0,101,,11,0,56,19,32,,23,43,17,,15,,,0
20740,EAU CLAIRE,2021,TRUE,three_year_total,"2019,2020,2021",TRUE,TRUE,10,130,118,,,84,36,10,0,64.6,27.7,7.7,0.0,,,,,,127,117,301,,31,22,16,27,16,18,31,20,13,0,,15,106,,,0,0,0,,14,0,0,112,,16,0,60,17,42,11,29,51,21,10,11,,0,
20740,EAU CLAIRE,2022,TRUE,three_year_total,"2020,2021,2022",TRUE,TRUE,10,132,121,,,92,27,13,0,69.7,20.5,9.8,0.0,,,,,,127,114,293,,35,25,18,21,11,22,34,22,16,0,,19,111,,,0,0,0,,12,0,0,119,,12,0,57,15,49,11,29,53,19,10,14,,0,
20740,EAU CLAIRE,2023,TRUE,three_year_total,"2021,2022,2023",TRUE,TRUE,13,113,106,,,78,25,10,0,69.0,22.1,8.8,0.0,,,,,,107,97,235,,31,19,13,22,10,18,30,16,13,,,16,96,,,0,0,0,,11,0,0,100,,11,0,47,18,38,10,25,47,18,,10,,,
20740,EAU CLAIRE,2024,TRUE,three_year_total,"2022,2023,2024",TRUE,TRUE,19,104,95,,,77,18,,0,74.0,17.3,8.7,0.0,,,,,,100,86,189,,23,15,22,15,,21,22,13,21,,,18,88,,,,0,0,,,0,,91,,,0,52,13,31,,23,40,20,,11,0,,
20740,EAU CLAIRE,2025,TRUE,three_year_total,"2023,2024,2025",TRUE,TRUE,22,86,77,,,65,15,,0,75.6,17.4,7.0,0.0,,,,,,84,68,181,,18,,20,14,,21,18,,19,,,18,69,,,,0,0,0,,0,,73,,,0,48,14,18,,20,30,17,,,,,
20940,EL CENTRO,2018,TRUE,three_year_total,2018,TRUE,TRUE,23,14,11,,,,,,0,14.3,64.3,21.4,0.0,,,,,,14,12,21,,,,,,,0,,,0,0,0,0,13,0,0,0,0,0,0,,0,12,,0,0,0,,,,0,0,,,,,,0,0
20940,EL CENTRO,2019,TRUE,three_year_total,"2018,2019",TRUE,TRUE,21,27,20,,,,19,,0,14.8,70.4,14.8,0.0,,,,,,27,25,42,,,,,12,,,,,0,0,0,0,24,0,0,0,0,,0,,0,23,,0,0,0,,14,,0,0,11,,,,,0,0
20940,EL CENTRO,2020,TRUE,three_year_total,"2018,2019,2020",TRUE,TRUE,21,36,24,,,,27,,0,13.9,75.0,11.1,0.0,,,,,,36,34,54,,,,,18,,,,,0,0,0,0,31,0,0,0,0,,0,,0,31,,0,,0,17,15,,0,,15,10,,,,0,0
20940,EL CENTRO,2021,TRUE,three_year_total,"2019,2020,2021",TRUE,TRUE,22,38,24,,,,27,,0,23.7,71.1,5.3,0.0,,,,,,38,38,52,0,,,,18,,,,,0,0,0,0,28,0,,0,0,,0,,0,30,,0,,0,17,14,,,,18,11,,,,0,0
20940,EL CENTRO,2022,TRUE,three_year_total,"2020,2021,2022",TRUE,TRUE,23,38,23,11,,,24,,0,23.7,63.2,13.2,0.0,,,,,,38,38,44,,,,,20,,,,,0,0,0,0,29,0,,0,0,0,0,,0,29,,0,,0,20,,,,,15,,,,,0,0
20940,EL CENTRO,2023,TRUE,three_year_total,"2021,2022,2023",TRUE,TRUE,19,40,25,11,,11,21,,0,27.5,52.5,20.0,0.0,,,,,,40,40,42,,10,,,18,,,,,0,0,0,0,29,0,,0,0,0,0,10,0,28,,0,,0,21,,10,,,16,,,,,0,0
20940,EL CENTRO,2024,TRUE,three_year_total,"2022,2023,2024",TRUE,TRUE,24,36,17,10,,12,16,,0,33.3,44.4,22.2,0.0,,,,,,36,36,30,,,,,13,,,,,,0,0,0,27,0,0,0,0,,0,,0,23,,,,0,23,,,,,14,,,,,0,0
20940,EL CENTRO,2025,TRUE,three_year_total,"2023,2024,2025",TRUE,TRUE,24,35,17,,10,13,16,,0,37.1,45.7,17.1,0.0,,,,,,35,35,28,,,,,12,,,,,,0,0,0,26,0,0,0,0,,0,,0,23,,,,0,22,,,,,19,,,,,0,0
20994,ELGIN,2018,TRUE,single_year,2018,TRUE,TRUE,16,88,78,,,46,38,,0,52.3,43.2,4.5,0.0,57000,44000,76000,155000,4.99,88,86,107,0,22,,12,23,16,,22,,11,0,,,73,,0,,0,0,0,,0,41,38,,,0,57,20,10,,10,36,18,12,,,0,0
20994,ELGIN,2019,TRUE,single_year,2019,TRUE,TRUE,15,93,80,10,,44,49,0,0,47.3,52.7,0.0,0.0,56000,47000,70000,185000,4.375,93,90,111,,12,11,23,33,,,11,,19,0,,,81,,,0,0,0,0,,0,57,29,0,,0,51,22,16,,13,42,19,,,,0,0
20994,ELGIN,2020,TRUE,single_year,2020,TRUE,TRUE,12,100,77,14,,40,52,,0,40.0,52.0,8.0,0.0,57500,49000,74250,195000,3.313,100,100,79,,17,14,15,39,14,,15,13,11,0,,0,80,,,0,0,0,0,12,0,49,42,0,,0,51,31,13,,13,39,19,21,,,0,
20994,ELGIN,2021,TRUE,single_year,2021,TRUE,TRUE,15,151,121,15,15,60,82,,0,39.7,54.3,6.0,0.0,64000,51000,84000,215000,3.125,151,150,126,,24,24,13,71,16,,23,22,,,,,108,11,,,0,0,,24,0,74,61,,14,0,80,38,27,,30,58,31,17,,,,0
20994,ELGIN,2022,TRUE,single_year,2022,TRUE,TRUE,11,125,99,16,10,56,63,,0,44.8,50.4,4.8,0.0,72000,59000,92000,235000,5.125,125,125,103,,24,18,18,53,10,,24,18,13,0,,0,98,,,,0,0,0,16,0,55,56,,12,0,73,37,13,,23,52,21,18,,,0,0
20994,ELGIN,2023,TRUE,single_year,2023,TRUE,TRUE,19,107,90,,,65,36,,0,60.7,33.6,5.6,0.0,80000,65000,95000,245000,6.75,105,104,91,,20,17,24,30,13,,19,16,20,,,,87,,,,0,0,,,0,63,35,,,0,65,26,13,,16,43,25,14,,,0,
20994,ELGIN,2024,TRUE,single_year,2024,TRUE,TRUE,17,101,84,,11,79,20,,0,78.2,19.8,2.0,0.0,92500,74750,124500,295000,6.99,100,96,88,,10,11,55,11,,,10,,54,0,,,74,,,,0,0,,15,0,59,32,,,0,55,22,21,,19,34,21,11,14,,,0
20994,ELGIN,2025,TRUE,single_year,2025,TRUE,TRUE,23,72,59,,,48,20,,0,66.7,27.8,5.6,0.0,90000,68000,117500,280000,6.75,72,69,90,,,,27,17,,,,,26,,,,56,,,,0,0,,,0,52,15,,,0,37,17,18,0,12,26,12,14,,,,0
21060,ELIZABETHTOWN,2018,TRUE,three_year_total,2018,TRUE,TRUE,20,20,18,0,,14,,,0,70.0,10.0,20.0,0.0,,,,,,20,11,52,,,0,0,,,12,,0,0,0,,11,18,,0,0,0,0,0,0,0,0,19,0,,0,,,,0,,,,,,,0,0
21060,ELIZABETHTOWN,2019,TRUE,three_year_total,"2018,2019",TRUE,TRUE,19,41,36,0,,29,,,0,70.7,12.2,17.1,0.0,,,,,,41,16,107,,,0,0,,,29,,0,0,0,,26,35,,,0,0,0,0,0,0,,37,0,,0,18,10,12,,,15,,,,,0,0
21060,ELIZABETHTOWN,2020,TRUE,three_year_total,"2018,2019,2020",TRUE,TRUE,21,59,53,,,44,,10,0,74.6,8.5,16.9,0.0,,,,,,58,22,155,,,0,,,,42,,0,0,0,,38,51,,,0,0,0,0,,0,,53,0,,0,24,10,24,,,19,,,13,,,0
21060,ELIZABETHTOWN,2021,TRUE,three_year_total,"2019,2020,2021",TRUE,TRUE,22,55,49,,,43,,,0,78.2,7.3,14.5,0.0,,,,,,54,16,160,0,,0,,,,41,,0,0,0,,38,47,,,0,0,0,0,,0,,47,0,,0,21,,26,,,17,,,16,,,0
21060,ELIZABETHTOWN,2022,TRUE,three_year_total,"2020,2021,2022",TRUE,TRUE,21,57,50,,,49,,,0,86.0,3.5,10.5,0.0,,,,,,56,17,180,0,,0,,,,41,,0,,0,,40,51,,0,0,0,0,0,,0,,49,0,,0,18,,30,,,12,13,,15,,,0
21060,ELIZABETHTOWN,2023,TRUE,three_year_total,"2021,2022,2023",TRUE,TRUE,22,56,49,,,49,,,0,87.5,5.4,7.1,0.0,,,,,,56,18,200,0,,,,,,39,,0,,0,,39,50,,0,0,0,0,,,0,,50,0,,0,14,11,28,,,12,14,,10,,,0
21060,ELIZABETHTOWN,2024,TRUE,three_year_total,"2022,2023,2024",TRUE,TRUE,24,51,43,,,46,,,0,90.2,3.9,5.9,0.0,,,,,,51,17,188,,,,,,,35,,,,0,0,35,47,,0,0,0,0,,,0,,47,0,,0,15,11,23,,,,14,10,,,,0
21060,ELIZABETHTOWN,2025,TRUE,three_year_total,"2023,2024,2025",TRUE,TRUE,22,52,44,,,44,,,0,84.6,7.7,7.7,0.0,,,,,,51,24,161,,10,,,,,30,10,,,0,0,30,46,,0,0,0,0,,,0,0,47,,,0,16,14,20,,,13,13,11,,,,
21140,ELKHART-GOSHEN,2018,TRUE,three_year_total,2018,TRUE,TRUE,22,12,11,0,,,,,0,75.0,16.7,8.3,0.0,,,,,,12,,22,0,,,0,,,,,,0,0,0,,12,0,0,0,0,0,0,0,0,0,12,0,0,0,,,,0,0,,,,,,,0
21140,ELKHART-GOSHEN,2019,TRUE,three_year_total,"2018,2019",TRUE,TRUE,23,25,22,,,19,,,0,76.0,16.0,8.0,0.0,,,,,,25,18,46,0,,,,,,,,,,0,0,,25,0,0,0,0,0,0,0,0,,24,0,0,0,,,11,0,,10,,,,,,0
21140,ELKHART-GOSHEN,2020,TRUE,three_year_total,"2018,2019,2020",TRUE,TRUE,24,37,33,,,27,,,0,73.0,21.6,5.4,0.0,,,,,,37,30,62,,12,,,,,,12,,,0,0,,35,0,0,0,0,0,0,,0,,32,0,,0,14,,13,,,12,,,,,,0
21140,ELKHART-GOSHEN,2021,TRUE,three_year_total,"2019,2020,2021",TRUE,TRUE,22,38,33,,,27,,,0,71.1,23.7,5.3,0.0,,,,,,38,34,71,,,12,,,,,,11,,0,0,,34,,0,0,0,0,0,,0,,29,0,,0,18,,14,,16,10,,,,0,0,0
21140,ELKHART-GOSHEN,2022,TRUE,three_year_total,"2020,2021,2022",TRUE,TRUE,23,33,30,,0,23,,,0,69.7,27.3,3.0,0.0,,,,,,33,33,79,,,12,,,,0,,11,,0,0,0,28,,0,0,0,0,,,0,,21,,,0,16,,,,15,,,,,0,0,0
21140,ELKHART-GOSHEN,2023,TRUE,three_year_total,"2021,2022,2023",TRUE,TRUE,22,37,33,,,26,10,,0,70.3,27.0,2.7,0.0,,,,,,37,35,77,,,12,,,,,,12,,0,0,,33,,0,0,0,0,,,0,11,23,,,0,19,,10,,13,14,,,,0,0,0
21140,ELKHART-GOSHEN,2024,TRUE,three_year_total,"2022,2023,2024",TRUE,TRUE,19,46,40,,,33,12,,0,71.7,26.1,2.2,0.0,,,,,,46,43,62,,,,14,11,,,,,14,0,0,,40,,0,0,0,0,,,0,15,26,,,0,24,12,10,0,11,14,10,,,,0,0
21140,ELKHART-GOSHEN,2025,TRUE,three_year_total,"2023,2024,2025",TRUE,TRUE,17,56,50,,,42,13,,0,75.0,23.2,1.8,0.0,,,,,,56,52,54,,,,21,11,,,,,20,0,0,,49,,0,0,0,0,0,,0,22,30,0,,0,32,12,12,0,13,17,13,,,,0,0
21300,ELMIRA,2018,TRUE,three_year_total,2018,TRUE,TRUE,24,18,16,,,12,,,0,66.7,22.2,11.1,0.0,,,,,,17,18,25,0,,,,,,0,,,,0,0,0,15,,0,0,0,0,0,,0,0,16,,,0,11,,,,,,,0,,,0,0
21300,ELMIRA,2019,TRUE,three_year_total,"2018,2019",TRUE,TRUE,28,35,32,,,23,,,0,65.7,25.7,8.6,0.0,,,,,,34,34,57,0,,,,,,,,,,0,,,29,,0,0,0,0,0,,0,,30,,,0,24,,,,,,10,,,,0,0
21300,ELMIRA,2020,TRUE,three_year_total,"2018,2019,2020",TRUE,TRUE,25,47,42,,,31,13,,0,66.0,27.7,6.4,0.0,,,,,,45,46,91,,,,12,15,,,,,12,,,,39,,0,0,0,0,,,0,,41,,,0,29,10,,,10,13,12,,,,0,
21300,ELMIRA,2021,TRUE,three_year_total,"2019,2020,2021",TRUE,TRUE,27,50,43,,,27,22,,0,54.0,44.0,2.0,0.0,,,,,,49,48,113,,,,,24,,,,,,,,,39,,0,0,0,0,,,0,,43,0,,0,29,12,,,12,18,,,,,0,
21300,ELMIRA,2022,TRUE,three_year_total,"2020,2021,2022",TRUE,TRUE,24,49,43,,,26,23,0,0,53.1,46.9,0.0,0.0,,,,,,48,47,126,,,,,26,0,,,,,,0,,33,,0,0,0,0,,,0,,40,0,,0,21,17,,,10,19,,,,,0,
21300,ELMIRA,2023,TRUE,three_year_total,"2021,2022,2023",TRUE,TRUE,29,50,43,,,24,25,,0,48.0,50.0,2.0,0.0,,,,,,49,48,130,0,,,,25,,,,,,,,,30,,,0,,0,,,,,37,,,,24,17,,,12,19,,,,0,0,0
21300,ELMIRA,2024,TRUE,three_year_total,"2022,2023,2024",TRUE,TRUE,28,42,36,,,25,16,,0,59.5,38.1,2.4,0.0,,,,,,41,41,117,0,,,,17,,,,,,,,,23,,,0,,0,,10,,,27,,10,,20,14,,,,17,,,,0,0,0
21300,ELMIRA,2025,TRUE,three_year_total,"2023,2024,2025",TRUE,TRUE,31,41,35,,,25,15,,0,61.0,36.6,2.4,0.0,,,,,,40,40,100,0,,,,15,,,,,,0,,,27,,,,,0,,,,,28,,,,23,13,,,,19,,,,0,,0
21340,EL PASO,2018,TRUE,three_year_total,2018,TRUE,TRUE,22,38,28,,,12,16,10,0,31.6,42.1,26.3,0.0,,,,,,38,38,48,,,,,13,13,0,,,,0,0,0,34,,,0,0,0,0,,0,29,,0,,0,24,,,,,19,,,,,0,0
21340,EL PASO,2019,TRUE,single_year,2019,TRUE,TRUE,21,58,48,,,22,19,17,0,37.9,32.8,29.3,0.0,65500,47250,90000,170000,4.375,58,58,48,,,,,16,17,,,,,0,,,50,,,0,0,0,,,0,41,12,,,0,38,10,10,0,,29,11,,,0,0,0
21340,EL PASO,2020,TRUE,three_year_total,"2018,2019,2020",TRUE,TRUE,13,144,112,15,17,44,54,46,0,30.6,37.5,31.9,0.0,,,,,,144,144,132,,19,16,10,47,47,,19,14,,0,,,120,,,0,0,0,,,0,105,26,,10,0,86,27,28,,15,70,24,18,12,,,0
21340,EL PASO,2021,TRUE,single_year,2021,TRUE,TRUE,17,64,49,,,17,27,20,0,26.6,42.2,31.2,0.0,74000,50500,102500,225000,2.99,63,64,52,,12,,,22,16,,12,,,0,0,0,44,,,0,0,0,,13,0,37,14,,11,0,37,14,10,,,34,14,,,,0,0
21340,EL PASO,2022,TRUE,single_year,2022,TRUE,TRUE,18,60,41,10,,19,19,22,0,31.7,31.7,36.7,0.0,93000,70500,115500,250000,4.813,59,60,71,,10,,,16,20,,10,,,0,0,,41,,,0,0,0,,,0,39,13,,,0,33,13,12,,,31,14,,,0,0,0
21340,EL PASO,2023,TRUE,single_year,2023,TRUE,TRUE,24,51,45,,,13,28,10,0,25.5,54.9,19.6,0.0,82000,59000,126500,225000,6.625,51,51,36,,,,,15,14,,,,,0,,0,38,,0,,0,0,,,0,39,,,,0,22,17,11,,,26,,,,,0,0
21340,EL PASO,2024,TRUE,three_year_total,"2022,2023,2024",TRUE,TRUE,10,150,116,16,18,43,64,43,0,28.7,42.7,28.7,0.0,,,,,,149,150,155,,16,17,19,44,44,10,15,12,14,0,,,110,12,,,0,0,,21,0,107,25,,14,0,79,38,29,,18,71,34,16,,,0,0
21340,EL PASO,2025,TRUE,single_year,2025,TRUE,TRUE,20,66,41,16,,30,10,26,0,45.5,15.2,39.4,0.0,107500,85750,154250,285000,6.5,64,66,53,,,,18,,23,,,,15,0,,,45,,0,0,0,0,,16,0,45,,,12,0,32,11,17,,,35,14,,,,,0
21420,ENID,2018,TRUE,three_year_total,2018,TRUE,TRUE,11,,,0,0,,0,0,0,100.0,0.0,0.0,0.0,,,,,,,0,,0,0,0,0,0,0,,0,0,0,0,0,,,0,0,0,0,0,0,0,0,0,0,0,,0,0,0,,0,0,0,,0,0,0,0,0
21420,ENID,2019,TRUE,three_year_total,"2018,2019",TRUE,TRUE,19,,,0,0,,0,,0,80.0,0.0,20.0,0.0,,,,,,,,19,0,,0,0,0,,,,0,0,0,0,,,0,0,0,0,0,0,0,0,0,,0,,0,,0,,0,0,0,,0,0,,,0
21420,ENID,2020,TRUE,three_year_total,"2018,2019,2020",TRUE,TRUE,19,,,0,0,,0,,0,80.0,0.0,20.0,0.0,,,,,,,,21,0,,0,0,0,,,,0,0,0,0,,,0,0,0,0,0,0,0,0,0,,0,,0,,0,,0,0,0,,0,0,,,0
21420,ENID,2021,TRUE,three_year_total,"2019,2020,2021",TRUE,TRUE,22,13,13,0,0,10,,,0,76.9,15.4,7.7,0.0,,,,,,13,,24,0,,0,0,,,,,0,0,0,0,,12,0,0,,0,0,0,0,0,,,0,0,0,,,,0,,,,,,,,0
21420,ENID,2022,TRUE,three_year_total,"2020,2021,2022",TRUE,TRUE,20,12,12,0,0,10,,0,0,83.3,16.7,0.0,0.0,,,,,,12,,27,0,,,0,,0,,,,0,0,0,,11,0,0,,0,0,0,0,0,,,0,0,0,,,0,0,,,,,,,0,0
21420,ENID,2023,TRUE,three_year_total,"2021,2022,2023",TRUE,TRUE,22,16,16,0,0,13,,0,0,81.2,18.8,0.0,0.0,,,,,,16,,39,0,,,0,,,,,,0,0,0,,14,,0,,0,0,0,0,0,,10,0,0,0,,,,0,,,,,,,0,0
21420,ENID,2024,TRUE,three_year_total,"2022,2023,2024",TRUE,TRUE,25,,,,0,,,0,0,88.9,11.1,0.0,0.0,,,,,,,,48,0,,,0,0,,,,,0,0,0,,,,0,0,0,0,0,0,0,,,0,0,0,,,,0,0,,,,0,,0,0
21420,ENID,2025,TRUE,three_year_total,"2023,2024,2025",TRUE,TRUE,28,14,12,,,12,,,0,85.7,7.1,7.1,0.0,,,,,,12,,47,0,,,0,0,,,,,0,0,0,,10,,0,0,0,0,0,,0,,,0,,0,,,,,,,,,,,0,
21500,ERIE,2018,TRUE,three_year_total,2018,TRUE,TRUE,23,27,23,,0,16,10,,0,59.3,37.0,3.7,0.0,,,,,,27,27,57,0,,,,,,,,,,0,,,23,,0,,0,0,,0,0,0,27,0,0,0,18,,,0,,,,,,0,0,0
21500,ERIE,2019,TRUE,single_year,2019,TRUE,TRUE,19,57,51,,,33,20,,0,57.9,35.1,7.0,0.0,44000,35000,68000,85000,4.375,57,57,49,0,12,,15,14,,,12,,14,,,,49,,0,0,0,0,0,,0,,49,0,,0,36,14,,,10,22,14,,,,0,0
21500,ERIE,2020,TRUE,three_year_total,"2018,2019,2020",TRUE,TRUE,16,132,110,16,,71,54,,0,53.8,40.9,5.3,0.0,,,,,,131,132,176,,33,11,25,39,15,,32,10,22,,,,113,10,,,0,0,,,0,,119,0,,0,79,33,17,,25,52,25,20,,,0,0
21500,ERIE,2021,TRUE,single_year,2021,TRUE,TRUE,20,69,61,,,34,26,,0,49.3,37.7,13.0,0.0,44500,34000,68000,105000,3,66,68,83,,17,15,,21,,,17,12,,0,0,,55,,0,0,0,0,,,0,,56,0,,0,39,13,11,,,26,15,,,,0,
21500,ERIE,2022,TRUE,single_year,2022,TRUE,TRUE,21,52,47,,,31,21,0,0,59.6,40.4,0.0,0.0,52000,40000,71500,105000,5.25,51,52,90,,11,13,,19,,0,11,12,,0,,0,40,,0,,,0,,,0,,44,0,,0,30,,10,,13,20,,,,,0,
21500,ERIE,2023,TRUE,three_year_total,"2021,2022,2023",TRUE,TRUE,13,161,144,12,,90,60,11,0,55.9,37.3,6.8,0.0,,,,,,157,160,247,,40,31,20,52,,10,40,27,17,,,,124,10,,,,,,19,0,13,130,0,18,0,92,31,24,14,30,55,27,26,11,,0,
21500,ERIE,2024,TRUE,three_year_total,"2022,2023,2024",TRUE,TRUE,18,123,111,10,,77,43,,0,62.6,35.0,2.4,0.0,,,,,,122,122,255,,27,19,28,40,,,27,18,26,,,,91,,,,,,,14,0,12,99,0,12,0,71,26,18,,30,40,18,19,,,0,
21500,ERIE,2025,TRUE,single_year,2025,TRUE,TRUE,19,55,50,,,38,17,0,0,69.1,30.9,0.0,0.0,66000,48000,96500,135000,6.75,55,55,78,0,,,21,14,,,,,21,,0,0,40,10,,0,0,0,,,0,,48,,,0,28,15,11,,11,20,12,,,,0,0
21660,EUGENE-SPRINGFIELD,2018,TRUE,single_year,2018,TRUE,TRUE,19,55,53,0,,30,21,,0,54.5,38.2,7.3,0.0,72000,50250,89750,275000,4.75,54,54,73,0,19,14,,14,,,19,,,0,0,,40,,,0,,0,,11,0,,44,0,10,0,16,19,12,,,19,11,,,,,0
21660,EUGENE-SPRINGFIELD,2019,TRUE,single_year,2019,TRUE,TRUE,19,66,63,,,33,27,,0,50.0,40.9,9.1,0.0,62500,53000,86250,275000,4.125,66,65,85,0,23,,,16,,,23,,,0,0,,52,0,,0,0,0,,12,0,,47,,14,0,25,13,21,,,19,20,11,,,,0
21660,EUGENE-SPRINGFIELD,2020,TRUE,single_year,2020,TRUE,TRUE,17,80,75,,,40,34,,0,50.0,42.5,7.5,0.0,80000,59500,116500,325000,3.25,79,80,65,,29,11,,29,,,27,11,0,0,,0,56,,,0,0,0,,19,0,,49,,22,0,40,15,20,,,18,20,22,,,0,0
21660,EUGENE-SPRINGFIELD,2021,TRUE,single_year,2021,TRUE,TRUE,17,108,103,,,61,39,,0,56.5,36.1,7.4,0.0,80500,58750,114500,355000,3.125,104,108,110,,39,19,,28,15,,38,18,0,0,,0,73,,,,0,0,,27,,,70,,29,0,41,30,26,11,,35,33,13,10,,,0
21660,EUGENE-SPRINGFIELD,2022,TRUE,single_year,2022,TRUE,TRUE,16,55,50,,0,34,17,,0,61.8,30.9,7.3,0.0,107000,76500,161500,435000,5.5,55,55,62,,19,13,,14,,0,19,12,,0,,0,46,0,0,0,0,0,,,0,,42,0,,0,14,14,22,,,17,13,,,,0,0
21660,EUGENE-SPRINGFIELD,2023,TRUE,single_year,2023,TRUE,TRUE,21,55,52,,,28,22,,0,50.9,40.0,9.1,0.0,107000,81000,134750,435000,6.688,54,54,44,,13,10,,18,,,13,,,0,,,41,0,0,0,,0,,11,0,,38,,10,0,21,16,16,,,22,11,,,,0,
21660,EUGENE-SPRINGFIELD,2024,TRUE,single_year,2024,TRUE,TRUE,19,62,52,,,39,18,,0,62.9,29.0,8.1,0.0,115500,92750,170500,440000,6.625,60,62,58,,22,,15,13,,0,21,,11,0,0,0,47,0,0,,0,,,12,0,,43,0,13,0,31,13,14,,,23,,,,,,
21660,EUGENE-SPRINGFIELD,2025,TRUE,single_year,2025,TRUE,TRUE,19,60,54,,,33,25,,0,55.0,41.7,3.3,0.0,112500,90000,175250,440000,6.49,60,60,48,,20,,10,22,0,,19,,,0,0,0,43,,,0,,0,0,10,0,11,39,,,0,25,16,15,,,17,19,,,,,0
21780,EVANSVILLE,2018,TRUE,three_year_total,2018,TRUE,TRUE,23,,,0,0,,,0,0,83.3,16.7,0.0,0.0,,,,,,,,77,0,,,,0,0,0,,,0,0,0,0,,,0,0,0,0,,0,0,0,,,0,0,,,,0,0,,,,0,,0,0
21780,EVANSVILLE,2019,TRUE,three_year_total,"2018,2019",TRUE,TRUE,27,24,22,,0,17,,0,0,70.8,29.2,0.0,0.0,,,,,,24,21,166,0,,,,,0,,,,,0,0,,18,,0,0,0,0,,,0,0,19,,,0,,,,,,,,,,,,0
21780,EVANSVILLE,2020,TRUE,three_year_total,"2018,2019,2020",TRUE,TRUE,24,43,38,,,30,13,0,0,69.8,30.2,0.0,0.0,,,,,,42,38,229,0,13,,,,0,,12,,,0,0,,33,,0,0,0,0,,,0,,32,,,0,19,,11,,,15,,,,,,
21780,EVANSVILLE,2021,TRUE,three_year_total,"2019,2020,2021",TRUE,TRUE,18,51,45,,,31,19,,0,60.8,37.3,2.0,0.0,,,,,,50,45,248,0,12,10,,16,,,11,,,0,0,,38,,0,0,0,0,0,12,0,,36,0,12,0,29,,10,,11,18,,,,0,,
21780,EVANSVILLE,2022,TRUE,three_year_total,"2020,2021,2022",TRUE,TRUE,23,51,42,,,28,18,,0,54.9,35.3,9.8,0.0,,,,,,50,47,245,0,15,,,15,,,14,,,0,0,,40,,0,0,0,0,0,,0,,37,0,,0,34,,,,11,18,,,,,,
21780,EVANSVILLE,2023,TRUE,three_year_total,"2021,2022,2023",TRUE,TRUE,23,46,39,,,28,13,,0,60.9,28.3,10.9,0.0,,,,,,46,43,247,0,17,,,11,,,16,,,0,0,,36,,,0,0,0,0,,0,,37,0,,0,26,,10,,,19,,,,,,0
21780,EVANSVILLE,2024,TRUE,three_year_total,"2022,2023,2024",TRUE,TRUE,23,46,38,,,30,11,,0,65.2,23.9,10.9,0.0,,,,,,46,43,216,0,18,,,,,,17,,,0,0,,39,,,0,0,0,0,,0,,42,0,,0,20,11,14,,,17,,,,,,0
21780,EVANSVILLE,2025,TRUE,three_year_total,"2023,2024,2025",TRUE,TRUE,24,45,39,,,32,10,,0,71.1,22.2,6.7,0.0,,,,,,45,42,168,0,17,,,,,,17,,,0,0,,36,,,0,0,0,,,0,,38,,,0,20,10,14,,,15,,,,,0,0
21794,EVERETT,2024,TRUE,single_year,2024,TRUE,TRUE,21,79,66,,,68,,,0,86.1,8.9,5.1,0.0,193000,147500,272500,765000,6.875,75,78,65,,53,,11,,,,52,,,0,0,,45,,11,,0,0,,16,0,,50,,19,0,17,13,36,13,,21,19,16,10,,,
21794,EVERETT,2025,TRUE,three_year_total,"2024,2025",TRUE,TRUE,16,123,104,12,,103,14,,0,83.7,11.4,4.9,0.0,,,,,,119,122,140,,74,12,23,,,,73,10,19,0,0,,69,,20,,0,,,21,0,11,85,,26,0,40,20,49,14,,40,33,20,12,,,
21820,FAIRBANKS-COLLEGE,2018,TRUE,single_year,2018,TRUE,TRUE,17,79,59,10,10,21,26,32,0,26.6,32.9,40.5,0.0,75000,59500,98000,245000,4.5,79,59,32,,,,,10,17,37,,,0,0,0,10,47,,,,0,,,15,0,,61,0,15,0,36,20,18,,,45,15,,,,0,0
21820,FAIRBANKS-COLLEGE,2019,TRUE,single_year,2019,TRUE,TRUE,16,90,68,,13,27,27,36,0,30.0,30.0,40.0,0.0,75000,63000,98750,255000,3.933,90,72,28,12,13,,,18,22,25,13,,,0,0,,59,,,,0,,,11,0,,68,,15,0,41,17,25,,13,45,16,11,,,0,0
21820,FAIRBANKS-COLLEGE,2020,TRUE,single_year,2020,TRUE,TRUE,19,84,71,,,24,25,35,0,28.6,29.8,41.7,0.0,78000,61000,95000,275000,3,84,65,22,,,,10,16,25,23,,,,0,0,,57,,,,0,0,,14,0,,62,,15,0,36,19,20,,16,44,16,,,,0,0
21820,FAIRBANKS-COLLEGE,2021,TRUE,single_year,2021,TRUE,TRUE,15,139,121,,10,43,47,49,0,30.9,33.8,35.3,0.0,77500,63000,102000,295000,2.75,136,113,36,,10,11,,32,43,34,,10,,0,,14,90,,,10,0,,,18,0,,104,,25,0,69,30,26,14,20,60,39,,,,0,0
21820,FAIRBANKS-COLLEGE,2022,TRUE,single_year,2022,TRUE,TRUE,15,141,114,20,,33,47,61,0,23.4,33.3,43.3,0.0,87000,70000,108500,315000,4.75,140,123,33,,10,,13,34,50,26,,,,0,0,,79,,,,,,,42,0,10,89,0,42,0,67,23,25,26,16,68,40,11,,,0,0
21820,FAIRBANKS-COLLEGE,2023,TRUE,single_year,2023,TRUE,TRUE,21,77,64,,,17,31,29,0,22.1,40.3,37.7,0.0,95000,74000,130000,325000,6.5,77,65,16,,,,,21,24,16,,,,0,0,,46,,,,,,0,10,0,,57,,11,0,41,15,16,,12,32,15,,,,0,0
21820,FAIRBANKS-COLLEGE,2024,TRUE,single_year,2024,TRUE,TRUE,19,64,51,,,28,14,22,0,43.8,21.9,34.4,0.0,99000,80000,139500,335000,6.438,64,48,22,,,,,10,14,20,,,,0,0,,41,,,0,0,0,,15,0,,47,,14,0,33,11,15,,,26,11,14,,,0,0
21820,FAIRBANKS-COLLEGE,2025,TRUE,single_year,2025,TRUE,TRUE,17,79,55,15,,25,29,25,0,31.6,36.7,31.6,0.0,121000,93000,157000,385000,6.25,73,68,22,,,,12,19,17,18,,,,0,0,,47,,,,0,0,,13,0,,57,,15,0,34,15,23,,12,36,24,,,0,0,0
22020,FARGO,2018,TRUE,three_year_total,2018,TRUE,TRUE,21,15,11,0,,,,,0,53.3,26.7,20.0,0.0,,,,,,15,14,29,0,,0,,,,,,0,,0,0,,14,0,,0,0,0,0,0,0,0,15,0,0,0,,,,0,,,,,,0,0,0
22020,FARGO,2019,TRUE,three_year_total,"2018,2019",TRUE,TRUE,22,27,18,,,18,,,0,66.7,22.2,11.1,0.0,,,,,,26,25,82,0,11,,,,,,11,,,0,0,,25,0,,0,0,0,0,,0,0,26,0,,0,13,,,,,13,,,,0,0,0
22020,FARGO,2020,TRUE,three_year_total,"2018,2019,2020",TRUE,TRUE,16,50,35,,,30,15,,0,60.0,30.0,10.0,0.0,,,,,,49,48,123,0,14,,14,,10,,14,,12,0,0,,46,,,0,0,0,0,,0,0,48,0,,0,27,10,10,,12,26,,,,0,0,0
22020,FARGO,2021,TRUE,three_year_total,"2019,2020,2021",TRUE,TRUE,19,65,46,11,,37,23,,0,56.9,35.4,7.7,0.0,,,,,,63,63,152,,18,,15,13,11,,18,,11,0,,,53,,,0,0,0,0,,0,0,57,0,,0,39,13,,,15,32,,,,,0,
22020,FARGO,2022,TRUE,three_year_total,"2020,2021,2022",TRUE,TRUE,19,74,56,,10,37,29,,0,50.0,39.2,10.8,0.0,,,,,,73,73,145,,16,,14,18,15,,16,,11,0,,,60,,,0,0,0,,,0,0,66,0,,0,48,15,,,21,31,12,,,,0,
22020,FARGO,2023,TRUE,three_year_total,"2021,2022,2023",TRUE,TRUE,20,74,54,,15,37,27,10,0,50.0,36.5,13.5,0.0,,,,,,72,72,141,,19,10,,18,14,,19,,,0,,,54,,,,0,0,,11,0,,65,0,,0,49,14,,,18,28,16,,,,0,
22020,FARGO,2024,TRUE,three_year_total,"2022,2023,2024",TRUE,TRUE,19,69,50,,17,37,21,11,0,53.6,30.4,15.9,0.0,,,,,,67,68,110,,12,12,,14,18,,12,12,,0,,,52,,,,0,0,,,0,,65,0,,0,47,,12,,20,26,13,,,,0,0
22020,FARGO,2025,TRUE,three_year_total,"2023,2024,2025",TRUE,TRUE,20,63,42,,17,37,17,,0,58.7,27.0,14.3,0.0,,,,,,61,59,110,,11,11,,11,16,,11,11,,0,,,46,,,,0,0,,,0,,57,,,0,40,,17,0,17,24,11,,,0,,0
22140,FARMINGTON,2018,TRUE,three_year_total,2018,TRUE,TRUE,18,,,0,,,,0,0,50.0,50.0,0.0,0.0,,,,,,,,,,0,0,0,,0,,0,0,0,0,0,,,0,0,,0,0,0,0,0,0,,0,0,0,,,0,0,0,0,0,0,0,,0,0
22140,FARMINGTON,2019,TRUE,three_year_total,"2018,2019",TRUE,TRUE,19,,,0,,,,0,0,33.3,66.7,0.0,0.0,,,,,,,,17,,0,0,0,,0,,0,0,0,0,0,,,0,,,0,0,0,0,0,0,,0,0,0,,,0,0,0,0,0,,0,,0,0
22140,FARMINGTON,2020,TRUE,three_year_total,"2018,2019,2020",TRUE,TRUE,24,,,0,,,,0,0,28.6,71.4,0.0,0.0,,,,,,,,22,,,0,0,,0,,,0,0,0,0,,,0,,,0,0,0,0,0,0,,0,0,0,,,0,0,0,,,,,,0,0
22140,FARMINGTON,2021,TRUE,three_year_total,"2019,2020,2021",TRUE,TRUE,25,,,,,,,0,0,44.4,55.6,0.0,0.0,,,,,,,,22,,,0,0,,0,0,,0,0,0,0,0,,0,,,0,0,0,0,0,0,,,0,0,,,,0,0,,,,,,0,0
22140,FARMINGTON,2022,TRUE,three_year_total,"2020,2021,2022",TRUE,TRUE,23,,,,,,,0,0,50.0,50.0,0.0,0.0,,,,,,,,27,0,,0,0,,0,0,,0,0,0,0,0,,0,0,,0,0,0,0,0,0,,,0,0,,,,0,0,,,,,,0,0
22140,FARMINGTON,2023,TRUE,three_year_total,"2021,2022,2023",TRUE,TRUE,30,11,,,,,,0,0,81.8,18.2,0.0,0.0,,,,,,11,10,26,0,,,,,,,,,,0,0,,,0,0,,0,0,0,0,0,,,,0,,,,,0,,,,,,,0,0
22140,FARMINGTON,2024,TRUE,three_year_total,"2022,2023,2024",TRUE,TRUE,29,12,,,,,,0,0,75.0,25.0,0.0,0.0,,,,,,12,10,22,,,,,,,,,,,0,0,,10,0,0,,0,0,0,,0,,,0,0,,,,,0,,,,,0,,0,0
22140,FARMINGTON,2025,TRUE,three_year_total,"2023,2024,2025",TRUE,TRUE,29,14,,,,11,,0,0,78.6,21.4,0.0,0.0,,,,,,14,12,14,,,,,,,,,,,0,0,,12,0,0,,0,0,0,,0,,,0,0,,,,,0,,,,,,,0,0
22180,FAYETTEVILLE,2018,TRUE,three_year_total,2018,TRUE,TRUE,19,18,,,,0,,16,0,0.0,11.1,88.9,0.0,,,,,,18,18,33,0,0,0,,,13,,0,0,0,0,0,0,10,,0,0,0,0,0,,0,,,0,,0,10,,,,,11,,,0,0,,0
22180,FAYETTEVILLE,2019,TRUE,three_year_total,"2018,2019",TRUE,TRUE,21,35,17,,11,,,27,0,5.7,17.1,77.1,0.0,,,,,,35,35,69,,,,,,24,,0,,0,0,0,0,23,,0,0,0,0,0,,0,,24,0,,0,24,,,,,23,,,0,0,,0
22180,FAYETTEVILLE,2020,TRUE,three_year_total,"2018,2019,2020",TRUE,TRUE,21,52,22,10,20,,,40,0,5.8,17.3,76.9,0.0,,,,,,52,52,98,,,,,,34,,0,,0,0,0,,33,10,,0,0,0,0,,0,,37,0,10,0,36,,,,,36,,,,0,,0
22180,FAYETTEVILLE,2021,TRUE,three_year_total,"2019,2020,2021",TRUE,TRUE,22,57,30,,19,,,41,0,14.0,14.0,71.9,0.0,,,,,,57,57,125,,,,,,30,12,,,0,0,0,,29,13,,0,,0,0,11,0,,39,0,14,0,39,,,,,33,,,,,0,0
22180,FAYETTEVILLE,2022,TRUE,three_year_total,"2020,2021,2022",TRUE,TRUE,22,50,27,,16,,,37,0,16.0,10.0,74.0,0.0,,,,,,50,50,141,,,,,,23,14,,,0,0,0,,18,15,,0,,0,0,13,0,,31,0,15,0,33,,,,,25,10,,,,,0
22180,FAYETTEVILLE,2023,TRUE,three_year_total,"2021,2022,2023",TRUE,TRUE,21,46,32,,,,,34,0,19.6,6.5,73.9,0.0,,,,,,45,45,163,0,,,,,17,19,,,0,0,0,,14,14,,0,,0,0,14,0,,26,0,13,0,29,,,,10,16,10,,,,,0
22180,FAYETTEVILLE,2024,TRUE,three_year_total,"2022,2023,2024",TRUE,TRUE,23,34,25,,,,,25,0,20.6,5.9,73.5,0.0,,,,,,33,33,132,0,,,,,15,13,,,0,0,0,,14,11,0,0,,0,0,,0,,22,0,,0,23,,,,,14,,,,0,,0
22180,FAYETTEVILLE,2025,TRUE,three_year_total,"2023,2024,2025",TRUE,TRUE,25,45,30,,,,,35,0,15.6,6.7,77.8,0.0,,,,,,44,44,110,0,,,,,26,12,,,,0,0,,19,14,0,0,,0,,,0,11,24,,,0,28,,,,,23,,,,0,,0
22220,FAYETTEVILLE-SPRINGDALE-ROGERS,2018,TRUE,single_year,2018,TRUE,TRUE,14,91,88,,0,39,48,,0,42.9,52.7,4.4,0.0,51000,38000,73500,175000,4.625,90,78,265,0,13,13,,37,,16,12,11,,0,0,13,84,0,,,,0,0,,0,40,47,,,0,44,18,29,0,,35,16,11,10,,,0
22220,FAYETTEVILLE-SPRINGDALE-ROGERS,2019,TRUE,single_year,2019,TRUE,TRUE,15,83,80,,0,44,37,,0,53.0,44.6,2.4,0.0,68000,44000,104000,205000,4.124,81,71,267,,20,10,,36,,13,20,10,,0,0,12,70,,,0,0,0,0,,0,35,42,,,0,33,18,30,,,29,18,12,,,0,0
22220,FAYETTEVILLE-SPRINGDALE-ROGERS,2020,TRUE,single_year,2020,TRUE,TRUE,16,101,97,0,,42,49,10,0,41.6,48.5,9.9,0.0,65000,48500,88000,225000,3.125,99,93,279,,17,17,,37,12,15,16,16,,0,0,,77,,,,,0,,12,0,38,52,,10,0,46,20,31,,16,36,20,19,,,,
22220,FAYETTEVILLE-SPRINGDALE-ROGERS,2021,TRUE,single_year,2021,TRUE,TRUE,18,116,109,,,50,62,,0,43.1,53.4,3.4,0.0,65000,44750,93000,245000,3,112,113,336,,19,25,,49,13,,19,25,0,0,,,81,,,,0,0,,25,0,50,51,,14,0,47,30,30,,15,58,22,11,,,,
22220,FAYETTEVILLE-SPRINGDALE-ROGERS,2022,TRUE,single_year,2022,TRUE,TRUE,20,73,67,,,35,30,,0,47.9,41.1,11.0,0.0,92000,64250,137500,295000,4.875,72,69,228,,19,12,,25,,,18,12,0,0,0,,55,,,,0,0,,,0,19,47,0,,0,32,12,25,,14,28,11,,,,,
22220,FAYETTEVILLE-SPRINGDALE-ROGERS,2023,TRUE,single_year,2023,TRUE,TRUE,19,84,83,,0,50,27,,,59.5,32.1,7.1,1.2,103000,71250,136500,310000,6.625,82,72,187,0,19,10,10,21,,15,18,,,,,14,59,,,,,0,,10,0,23,53,,,0,26,23,30,,14,26,25,10,,,,0
22220,FAYETTEVILLE-SPRINGDALE-ROGERS,2024,TRUE,single_year,2024,TRUE,TRUE,17,102,99,,,70,28,,0,68.6,27.5,3.9,0.0,100500,80500,145000,355000,6.625,102,89,200,,25,,27,19,,17,23,,23,0,,16,81,,10,0,,0,,,0,29,65,,,0,40,14,47,,11,36,21,10,12,,,0
22220,FAYETTEVILLE-SPRINGDALE-ROGERS,2025,TRUE,single_year,2025,TRUE,TRUE,17,88,83,,,60,24,,0,68.2,27.3,4.5,0.0,114000,84500,179000,395000,6.625,83,73,217,,21,10,14,18,,18,21,,13,0,,17,71,,,0,0,0,,12,0,25,48,,13,,31,12,37,,11,24,19,12,,,,
22380,FLAGSTAFF,2018,TRUE,three_year_total,2018,TRUE,TRUE,22,14,11,,,,,,0,35.7,50.0,14.3,0.0,,,,,,14,14,11,0,,,0,,,,,,0,0,0,,12,0,0,0,0,0,0,,0,0,13,0,,0,,,,0,0,,,,0,,0,0
22380,FLAGSTAFF,2019,TRUE,three_year_total,"2018,2019",TRUE,TRUE,24,17,12,,,,,,0,41.2,41.2,17.6,0.0,,,,,,17,17,28,,,,0,,,,,,0,0,0,,14,0,0,0,0,0,0,,0,0,14,0,,0,,,,0,0,,,,,,0,0
22380,FLAGSTAFF,2020,TRUE,three_year_total,"2018,2019,2020",TRUE,TRUE,23,24,16,,,12,,,0,50.0,33.3,16.7,0.0,,,,,,24,24,39,,10,,0,,,,,,0,0,0,,19,0,0,0,0,0,0,,0,,18,0,,0,10,,11,0,,,,,,,,0
22380,FLAGSTAFF,2021,TRUE,three_year_total,"2019,2020,2021",TRUE,TRUE,23,19,13,,,14,,,0,73.7,15.8,10.5,0.0,,,,,,19,19,45,,13,,0,,,0,12,,0,0,0,0,14,0,0,0,0,0,,,0,,14,0,,0,,,,0,,,,,,,,0
22380,FLAGSTAFF,2022,TRUE,three_year_total,"2020,2021,2022",TRUE,TRUE,23,19,15,,,12,,,0,63.2,31.6,5.3,0.0,,,,,,19,19,38,,10,,,,,0,10,,0,0,0,0,14,,0,0,0,0,,,0,,14,0,,0,,,,0,,,,,0,0,,0
22380,FLAGSTAFF,2023,TRUE,three_year_total,"2021,2022,2023",TRUE,TRUE,20,13,12,,0,,,0,0,61.5,38.5,0.0,0.0,,,,,,13,13,34,0,,,,,,0,,,0,0,0,0,10,,0,0,0,0,,,0,,11,0,0,0,,,,0,,,,0,0,0,0,0
22380,FLAGSTAFF,2024,TRUE,three_year_total,"2022,2023,2024",TRUE,TRUE,22,,,,0,,,0,0,50.0,50.0,0.0,0.0,,,,,,,,26,0,,0,,,0,0,,0,,0,0,0,,,0,0,0,0,0,0,0,,,0,0,0,,,,0,0,,,0,,0,0,0
22380,FLAGSTAFF,2025,TRUE,three_year_total,"2023,2024,2025",TRUE,TRUE,21,12,11,,0,10,,0,0,83.3,16.7,0.0,0.0,,,,,,12,12,21,0,,0,,,0,0,,0,,0,0,0,,0,,0,0,0,0,,0,,,0,,0,,,,0,0,,,0,,,,0
22420,FLINT,2018,TRUE,three_year_total,2018,TRUE,TRUE,20,12,11,,0,,,,0,66.7,16.7,16.7,0.0,,,,,,12,12,17,0,,,0,,0,,,,0,0,0,0,11,0,0,0,0,0,0,,0,0,11,0,,0,,,0,0,,,,,,,0,0
22420,FLINT,2019,TRUE,single_year,2019,TRUE,TRUE,19,64,59,,,57,,,0,89.1,9.4,1.6,0.0,103500,74000,147750,330000,4.787,64,64,23,,30,16,,,11,0,30,16,,0,10,0,54,,0,0,0,0,,,0,0,56,,,0,15,,38,,,,,20,11,11,,0
22420,FLINT,2020,TRUE,three_year_total,"2018,2019,2020",TRUE,TRUE,14,118,111,,,103,10,,0,87.3,8.5,4.2,0.0,,,,,,117,117,59,,52,38,,,15,,52,38,,0,12,0,102,,0,0,0,0,,13,0,,104,,12,0,31,21,62,,,12,17,36,17,22,11,0
22420,FLINT,2021,TRUE,single_year,2021,TRUE,TRUE,19,52,47,,,47,,0,0,90.4,9.6,0.0,0.0,83000,55500,112500,335000,3.95,51,51,21,,36,,,,,,36,,,0,,,47,0,0,0,0,0,0,,0,0,47,0,,0,22,11,17,,0,,11,,12,12,,0
22420,FLINT,2022,TRUE,three_year_total,"2020,2021,2022",TRUE,TRUE,16,134,124,,,121,10,,0,90.3,7.5,2.2,0.0,,,,,,132,132,60,,86,30,,,,,86,30,,0,,,119,,0,0,0,0,0,12,0,,118,0,14,0,43,27,58,,,13,25,28,25,29,,0
22420,FLINT,2023,TRUE,three_year_total,"2021,2022,2023",TRUE,TRUE,16,117,108,,,102,13,,0,87.2,11.1,1.7,0.0,,,,,,114,116,54,,82,15,,12,,,82,15,,0,,,101,,0,0,0,0,0,12,0,,102,,12,0,37,32,43,,,11,22,22,23,26,,0
22420,FLINT,2024,TRUE,three_year_total,"2022,2023,2024",TRUE,TRUE,15,88,78,,,73,12,,0,83.0,13.6,3.4,0.0,,,,,,86,88,53,0,56,12,,12,,,56,12,,0,0,,68,,0,0,0,0,,11,0,,71,,11,0,23,26,33,,10,,14,17,17,15,,0
22420,FLINT,2025,TRUE,three_year_total,"2023,2024,2025",TRUE,TRUE,20,64,55,,,48,13,,0,75.0,20.3,4.7,0.0,,,,,,62,64,50,0,31,,,13,,,31,,,0,0,,42,,0,0,0,,,13,0,,48,,10,0,19,20,19,,,15,12,11,,,,0
22500,FLORENCE,2018,TRUE,three_year_total,2018,TRUE,TRUE,24,,,0,,,,,0,40.0,40.0,20.0,0.0,,,,,,,,10,0,,,0,,,0,,,0,0,0,0,,,0,0,0,0,0,0,0,0,,0,0,0,,0,,0,,,,,0,,0,0
22500,FLORENCE,2019,TRUE,three_year_total,"2018,2019",TRUE,TRUE,23,13,11,,,,,,0,53.8,30.8,15.4,0.0,,,,,,13,13,39,,,,0,,,0,,,0,0,0,0,,,0,0,0,0,0,0,0,0,12,,0,0,10,,,0,,,,,0,,,0
22500,FLORENCE,2020,TRUE,three_year_total,"2018,2019,2020",TRUE,TRUE,25,21,19,,,10,,,0,47.6,38.1,14.3,0.0,,,,,,21,20,56,,,,0,,,,,,0,0,0,,13,,0,0,0,0,,,0,0,20,,0,0,11,,,0,,,,,0,,,0
22500,FLORENCE,2021,TRUE,three_year_total,"2019,2020,2021",TRUE,TRUE,25,23,22,,0,12,,,0,52.2,39.1,8.7,0.0,,,,,,23,22,68,,,,0,,,,,,0,0,0,,13,,0,0,0,0,,,0,0,20,,,0,11,,,0,0,,,,,,,0
22500,FLORENCE,2022,TRUE,three_year_total,"2020,2021,2022",TRUE,TRUE,24,19,18,0,,11,,,0,57.9,36.8,5.3,0.0,,,,,,19,16,58,0,,,0,,,,,,0,0,0,,10,,,0,0,0,,,0,0,16,0,,0,,,,0,0,,,,,,0,0
22500,FLORENCE,2023,TRUE,three_year_total,"2021,2022,2023",TRUE,TRUE,22,14,13,0,,10,,0,0,71.4,28.6,0.0,0.0,,,,,,14,12,56,0,,,0,,0,,,,0,0,0,,,,,0,0,0,0,,0,0,11,0,,0,,,,0,0,,,,,,0,0
22500,FLORENCE,2024,TRUE,three_year_total,"2022,2023,2024",TRUE,TRUE,25,14,12,0,,12,,,0,85.7,7.1,7.1,0.0,,,,,,14,,67,0,,,,,0,,,,,0,0,,,,,0,0,0,0,0,0,0,13,0,,0,,,,0,0,,,0,,,,0
22500,FLORENCE,2025,TRUE,three_year_total,"2023,2024,2025",TRUE,TRUE,23,18,17,0,,15,,,0,83.3,11.1,5.6,0.0,,,,,,18,13,75,0,,,,,0,,,,,0,0,,,10,0,0,0,0,0,,0,0,16,0,,0,,10,,,0,,,0,,,,0
22520,FLORENCE-MUSCLE SHOALS,2018,TRUE,three_year_total,2018,TRUE,TRUE,24,,,,,,0,,0,83.3,0.0,16.7,0.0,,,,,,,,11,0,,0,0,,,0,,0,0,,0,0,,0,0,0,0,0,0,,0,0,,0,,0,,,0,,0,,,,,0,0,0
22520,FLORENCE-MUSCLE SHOALS,2019,TRUE,three_year_total,"2018,2019",TRUE,TRUE,27,16,12,,,14,,,0,87.5,6.2,6.2,0.0,,,,,,16,14,32,0,,,0,,,,,,0,,0,,14,,0,0,0,0,0,,0,,14,0,,0,,,,,0,,,,,,,0
22520,FLORENCE-MUSCLE SHOALS,2020,TRUE,three_year_total,"2018,2019,2020",TRUE,TRUE,25,22,18,,,19,,,0,86.4,9.1,4.5,0.0,,,,,,22,19,48,0,10,,0,,,,10,,0,,0,,20,,0,0,0,0,0,,0,,19,0,,0,11,,,,,,,,,,,0
22520,FLORENCE-MUSCLE SHOALS,2021,TRUE,three_year_total,"2019,2020,2021",TRUE,TRUE,20,22,19,,,20,,0,0,90.9,9.1,0.0,0.0,,,,,,22,19,60,,11,,0,,0,,11,,0,0,0,,20,,0,0,0,0,0,0,0,,20,0,,0,10,,10,0,,,,,,,,0
22520,FLORENCE-MUSCLE SHOALS,2022,TRUE,three_year_total,"2020,2021,2022",TRUE,TRUE,18,21,17,,,20,,0,0,95.2,4.8,0.0,0.0,,,,,,21,17,65,,13,,0,0,0,,13,,0,0,0,,20,,0,0,0,0,0,0,0,0,20,0,,0,,0,12,0,,,,,,,,0
22520,FLORENCE-MUSCLE SHOALS,2023,TRUE,three_year_total,"2021,2022,2023",TRUE,TRUE,16,22,17,,,22,0,0,0,100.0,0.0,0.0,0.0,,,,,,22,19,77,,14,,,0,0,,14,,,0,0,,21,,0,0,0,0,0,0,0,0,22,0,0,0,,0,14,0,,,,,,0,0,0
22520,FLORENCE-MUSCLE SHOALS,2024,TRUE,three_year_total,"2022,2023,2024",TRUE,TRUE,21,23,19,,,22,,0,0,95.7,4.3,0.0,0.0,,,,,,21,18,77,,12,,,,0,,12,,,0,0,,22,,0,0,0,0,0,0,0,0,23,0,0,0,,,14,0,,,,,,,,0
22520,FLORENCE-MUSCLE SHOALS,2025,TRUE,three_year_total,"2023,2024,2025",TRUE,TRUE,23,25,21,,,21,,,0,84.0,8.0,8.0,0.0,,,,,,23,18,75,0,,,,,,,,,,0,0,,23,,0,0,0,0,0,0,0,0,25,0,0,0,10,,12,0,,,,,,,,0
22540,FOND DU LAC,2018,TRUE,three_year_total,2018,TRUE,TRUE,26,20,20,0,0,14,,0,0,70.0,30.0,0.0,0.0,,,,,,20,16,35,0,,,,,,,,,,0,,,18,0,0,0,0,,0,,0,,14,0,,0,13,,,,,,,,,,,0
22540,FOND DU LAC,2019,TRUE,three_year_total,"2018,2019",TRUE,TRUE,26,32,31,,0,23,,0,0,71.9,28.1,0.0,0.0,,,,,,32,28,72,0,,,,,,,,,,0,,,30,0,0,0,0,,0,,0,,25,0,,0,16,,,,,11,,,,,,0
22540,FOND DU LAC,2020,TRUE,three_year_total,"2018,2019,2020",TRUE,TRUE,19,62,59,,,43,16,,0,69.4,25.8,4.8,0.0,,,,,,62,56,116,,16,13,,11,,,16,12,,0,,,59,0,0,0,0,,0,,0,,50,0,,0,28,18,14,,12,20,10,,,,,0
22540,FOND DU LAC,2021,TRUE,three_year_total,"2019,2020,2021",TRUE,TRUE,18,75,70,,,54,17,,0,72.0,22.7,5.3,0.0,,,,,,73,72,138,,22,22,,14,,,22,21,,,0,,71,0,0,0,0,0,,,0,,64,0,,0,32,22,20,,14,25,13,11,,,,0
22540,FOND DU LAC,2022,TRUE,three_year_total,"2020,2021,2022",TRUE,TRUE,19,88,82,,,59,24,,0,67.0,27.3,5.7,0.0,,,,,,86,85,158,,22,24,10,22,,,22,22,,,0,,78,,,0,0,,,,0,12,73,0,,0,43,25,19,,21,25,16,14,,,,0
22540,FOND DU LAC,2023,TRUE,three_year_total,"2021,2022,2023",TRUE,TRUE,18,73,66,,,52,18,,0,71.2,24.7,4.1,0.0,,,,,,71,72,161,,21,18,11,19,,,20,17,11,,0,,64,,,0,0,,,,0,,62,0,,0,39,19,14,,21,19,13,10,,,0,0
22540,FOND DU LAC,2024,TRUE,three_year_total,"2022,2023,2024",TRUE,TRUE,16,57,50,,,42,13,,0,73.7,22.8,3.5,0.0,,,,,,57,57,136,0,15,13,14,13,,0,14,12,14,,,0,49,,,0,0,,0,,0,,48,0,,0,32,13,11,,17,10,11,,,,0,0
22540,FOND DU LAC,2025,TRUE,three_year_total,"2023,2024,2025",TRUE,TRUE,20,56,48,,,45,,,0,80.4,16.1,3.6,0.0,,,,,,56,55,109,,19,12,14,,,,17,12,13,0,,,51,,,0,0,0,0,,0,,49,0,,0,30,,15,,15,14,,,10,,0,0
22660,FORT COLLINS-LOVELAND,2018,TRUE,three_year_total,2018,TRUE,TRUE,21,14,13,,0,,,,0,64.3,28.6,7.1,0.0,,,,,,14,14,72,0,,,,,0,0,,,0,0,0,0,13,0,0,0,0,0,0,,0,0,12,0,,0,,,,,0,,,,,,0,0
22660,FORT COLLINS-LOVELAND,2019,TRUE,three_year_total,"2018,2019",TRUE,TRUE,22,42,31,11,0,29,,,0,69.0,21.4,9.5,0.0,,,,,,41,41,119,,21,,,,,,21,,,0,0,,37,0,,0,0,0,0,,0,,35,0,,0,17,,17,,0,17,,,,,,0
22660,FORT COLLINS-LOVELAND,2020,TRUE,single_year,2020,TRUE,TRUE,14,66,10,53,,48,14,,0,72.7,21.2,6.1,0.0,107500,77750,134750,405000,3,66,66,49,0,28,,12,13,,0,28,,11,,0,0,60,0,,0,0,0,,,0,,62,0,,0,16,15,35,0,,27,17,12,,,0,0
22660,FORT COLLINS-LOVELAND,2021,TRUE,single_year,2021,TRUE,TRUE,19,97,36,60,,83,,,0,85.6,7.2,7.2,0.0,104000,73000,138000,425000,3,97,97,80,,59,18,,,,0,59,16,,,0,0,79,,,0,0,0,,10,0,,82,,,0,28,19,47,,,28,26,17,15,,,0
22660,FORT COLLINS-LOVELAND,2022,TRUE,single_year,2022,TRUE,TRUE,23,71,29,40,,63,,,0,88.7,7.0,4.2,0.0,147000,101000,251000,515000,4.875,69,70,66,,50,12,,,,,48,10,,,,,55,0,,0,0,0,,12,0,,57,,10,0,11,16,35,,,21,21,,,,,
22660,FORT COLLINS-LOVELAND,2023,TRUE,single_year,2023,TRUE,TRUE,20,59,34,23,,49,,,0,83.1,15.3,1.7,0.0,146000,107500,215000,515000,6.75,59,57,33,0,32,11,,,,,32,10,,,0,,49,,,0,0,0,,,0,,50,0,,0,14,17,26,,,18,12,10,11,,,0
22660,FORT COLLINS-LOVELAND,2024,TRUE,three_year_total,"2022,2023,2024",TRUE,TRUE,16,166,95,65,,145,15,,0,87.3,9.0,3.6,0.0,,,,,,164,163,135,,104,27,16,10,,,102,24,12,,,,132,,,0,0,0,,26,0,,134,,25,0,36,39,76,15,,46,40,25,24,14,,
22660,FORT COLLINS-LOVELAND,2025,TRUE,three_year_total,"2023,2024,2025",TRUE,TRUE,14,140,108,25,,121,12,,0,86.4,8.6,5.0,0.0,,,,,,139,137,96,,85,18,21,,,,85,15,17,,0,,110,,,0,0,0,,24,0,,108,,27,0,34,36,57,13,,32,29,22,22,14,12,0
22744,FORT LAUDERDALE-POMPANO BEACH-SUNRISE,2018,TRUE,single_year,2018,TRUE,TRUE,15,196,158,26,12,72,110,14,0,36.7,56.1,7.1,0.0,84000,64000,110500,295000,4.875,195,194,224,,50,26,15,75,21,,48,15,,0,,,114,51,,,,,,19,0,40,135,,19,0,105,56,28,,,70,59,35,18,,,0
22744,FORT LAUDERDALE-POMPANO BEACH-SUNRISE,2019,TRUE,single_year,2019,TRUE,TRUE,13,211,173,23,15,71,128,12,0,33.6,60.7,5.7,0.0,83000,68000,108500,305000,4.188,211,208,217,,46,23,14,98,24,,41,19,,,,,118,61,,,0,,,19,0,58,131,,17,0,103,61,37,10,10,78,57,39,18,,,0
22744,FORT LAUDERDALE-POMPANO BEACH-SUNRISE,2020,TRUE,single_year,2020,TRUE,TRUE,11,236,186,26,24,65,150,21,0,27.5,63.6,8.9,0.0,90000,71000,118000,365000,3.125,235,235,177,,51,22,15,116,26,,48,12,,0,,,117,77,,0,0,0,,34,0,56,147,,28,0,143,51,29,13,11,95,69,29,23,,,
22744,FORT LAUDERDALE-POMPANO BEACH-SUNRISE,2021,TRUE,single_year,2021,TRUE,TRUE,8,313,249,36,28,115,174,24,0,36.7,55.6,7.7,0.0,91000,72500,125500,395000,2.99,311,313,356,,71,50,28,134,21,,69,43,0,0,,,150,98,11,,0,0,,50,0,79,184,,44,0,154,95,51,13,12,130,92,41,25,12,,0
22744,FORT LAUDERDALE-POMPANO BEACH-SUNRISE,2022,TRUE,single_year,2022,TRUE,TRUE,12,188,149,31,,92,85,11,0,48.9,45.2,5.9,0.0,126000,98000,172000,485000,4.933,187,188,252,,64,28,11,67,17,,62,22,,0,,,92,50,,,0,0,0,37,0,48,104,,34,0,106,46,27,,,80,53,30,11,,0,0
22744,FORT LAUDERDALE-POMPANO BEACH-SUNRISE,2023,TRUE,single_year,2023,TRUE,TRUE,9,168,140,18,10,73,84,11,0,43.5,50.0,6.5,0.0,150000,121000,201250,545000,6.656,168,168,175,,45,26,24,54,18,,45,20,,0,,0,72,55,10,,0,0,,28,0,51,89,,23,0,76,48,30,14,11,61,53,27,13,,,0
22744,FORT LAUDERDALE-POMPANO BEACH-SUNRISE,2024,TRUE,single_year,2024,TRUE,TRUE,14,175,138,26,11,107,60,,0,61.1,34.3,4.6,0.0,153000,126500,214500,555000,6.625,175,174,210,,40,26,55,38,13,,38,17,47,,,,100,46,,,0,0,,22,0,53,100,,16,0,106,32,32,,,64,51,31,14,,,0
22744,FORT LAUDERDALE-POMPANO BEACH-SUNRISE,2025,TRUE,single_year,2025,TRUE,TRUE,12,158,128,16,14,80,62,16,0,50.6,39.2,10.1,0.0,153000,123000,215500,605000,6.499,158,158,208,,20,25,43,44,22,,19,18,37,0,,0,76,50,,,0,,,21,0,64,76,,15,0,84,38,27,,,72,49,21,,,0,0
22900,FORT SMITH,2018,TRUE,three_year_total,2018,TRUE,TRUE,25,24,22,,0,16,,,0,66.7,29.2,4.2,0.0,,,,,,23,19,85,,,,0,,,,,,0,0,0,,19,,,,0,0,0,0,0,,22,,0,0,,,11,0,,,,,,0,,0
22900,FORT SMITH,2019,TRUE,three_year_total,"2018,2019",TRUE,TRUE,23,42,36,,,27,12,,0,64.3,28.6,7.1,0.0,,,,,,41,32,194,,,,0,,,11,,,0,0,0,11,35,,,,0,0,,0,0,,39,,0,0,17,,19,0,,14,,,,,,0
22900,FORT SMITH,2020,TRUE,three_year_total,"2018,2019,2020",TRUE,TRUE,20,69,61,,,40,23,,,58.0,33.3,7.2,1.4,,,,,,68,56,281,,15,13,,19,,14,13,13,0,0,0,14,55,,,,0,0,,,0,,62,,,0,34,11,24,0,,26,14,,,,,0
22900,FORT SMITH,2021,TRUE,three_year_total,"2019,2020,2021",TRUE,TRUE,26,69,58,,,34,28,,,49.3,40.6,8.7,1.4,,,,,,69,60,312,,16,,,23,,10,14,,,0,,,54,,,,0,0,,,0,,57,,,0,33,16,19,,,25,14,,,,,0
22900,FORT SMITH,2022,TRUE,three_year_total,"2020,2021,2022",TRUE,TRUE,22,76,65,,,40,30,,,52.6,39.5,6.6,1.3,,,,,,75,67,312,,19,,,27,,11,18,,,0,,10,58,,,,0,0,,,0,11,59,0,,0,32,19,23,,,27,18,10,,,,0
22900,FORT SMITH,2023,TRUE,three_year_total,"2021,2022,2023",TRUE,TRUE,23,60,50,,,33,23,,0,55.0,38.3,6.7,0.0,,,,,,59,54,273,,18,,,20,,,18,,,0,,,46,0,,,0,0,,,0,10,44,0,,0,20,17,20,,,17,15,,,,,0
22900,FORT SMITH,2024,TRUE,three_year_total,"2022,2023,2024",TRUE,TRUE,23,59,52,,,40,16,,0,67.8,27.1,5.1,0.0,,,,,,56,52,226,,24,,,13,,,23,,,0,0,,44,0,,,0,0,,,0,11,40,0,,0,22,13,20,,,16,13,,,,,
22900,FORT SMITH,2025,TRUE,three_year_total,"2023,2024,2025",TRUE,TRUE,23,56,51,,,36,15,,0,64.3,26.8,8.9,0.0,,,,,,54,50,181,,21,,,10,11,,20,,,0,,,41,0,,,0,0,,,0,11,40,0,,0,26,11,16,,,14,13,,,,,
23060,FORT WAYNE,2018,TRUE,three_year_total,2018,TRUE,TRUE,21,21,21,0,0,13,,0,0,61.9,38.1,0.0,0.0,,,,,,21,21,42,0,11,,,,,0,11,,,0,0,0,17,,,0,0,0,0,0,0,,20,0,0,0,,,,,,,,,,,,0
23060,FORT WAYNE,2019,TRUE,three_year_total,"2018,2019",TRUE,TRUE,19,50,47,,0,35,14,,0,70.0,28.0,2.0,0.0,,,,,,50,48,88,0,25,,,11,,,25,,,0,0,,42,,,0,0,0,0,,0,,47,0,,0,19,13,16,,,12,10,10,,,,0
23060,FORT WAYNE,2020,TRUE,three_year_total,"2018,2019,2020",TRUE,TRUE,14,90,86,,0,62,25,,0,68.9,27.8,3.3,0.0,,,,,,90,88,128,0,38,11,13,22,,,38,11,11,0,0,,76,,,0,0,0,0,,0,,76,,,0,45,18,22,,12,28,14,15,10,,,0
23060,FORT WAYNE,2021,TRUE,three_year_total,"2019,2020,2021",TRUE,TRUE,16,103,98,,0,71,27,,0,68.9,26.2,4.9,0.0,,,,,,103,99,149,0,37,17,13,26,,,37,17,12,0,,,85,,,,0,0,0,,0,,85,,,0,54,23,20,,15,37,17,13,11,,,0
23060,FORT WAYNE,2022,TRUE,three_year_total,"2020,2021,2022",TRUE,TRUE,15,105,101,,0,68,32,,0,64.8,30.5,4.8,0.0,,,,,,105,103,172,,33,20,12,31,,,33,20,11,0,,,83,,,,0,0,0,10,0,11,81,,11,0,58,23,17,,20,42,16,13,,,,0
23060,FORT WAYNE,2023,TRUE,three_year_total,"2021,2022,2023",TRUE,TRUE,20,113,109,,,79,30,,0,69.9,26.5,3.5,0.0,,,,,,113,107,174,,51,14,,27,,,51,14,,0,,,93,,,,0,0,,10,0,,93,,10,0,47,34,27,,17,38,23,18,,,,0
23060,FORT WAYNE,2024,TRUE,single_year,2024,TRUE,TRUE,23,63,59,,0,55,,,0,87.3,6.3,6.3,0.0,106000,71000,135000,295000,7.313,63,56,57,,29,,16,,,,29,,16,0,0,,55,,,0,0,0,,,0,,51,,,0,26,,27,,,13,12,,,11,,0
23060,FORT WAYNE,2025,TRUE,single_year,2025,TRUE,TRUE,25,56,52,,,50,,0,0,89.3,10.7,0.0,0.0,88000,65000,122000,295000,7.25,56,53,57,,32,,10,,,,32,,10,0,,,46,,,0,0,0,,,0,,51,0,,0,23,,25,,,19,,,,,,0
23104,FORT WORTH-ARLINGTON-GRAPEVINE,2018,TRUE,single_year,2018,TRUE,TRUE,14,90,78,,11,47,30,13,0,52.2,33.3,14.4,0.0,83500,58250,116750,210000,4.875,90,88,311,0,37,,,20,18,,36,,,,0,0,58,13,,0,0,,,14,0,10,65,,14,0,44,11,24,11,,31,17,13,10,,,0
23104,FORT WORTH-ARLINGTON-GRAPEVINE,2019,TRUE,single_year,2019,TRUE,TRUE,22,83,72,,,50,28,,0,60.2,33.7,6.0,0.0,92000,66500,130000,275000,4.5,83,77,265,,27,,,24,,,27,,,0,,,57,,,,0,0,0,10,0,,63,,10,,43,13,23,,,28,16,13,10,,,0
23104,FORT WORTH-ARLINGTON-GRAPEVINE,2020,TRUE,single_year,2020,TRUE,TRUE,15,93,84,,,57,29,,0,61.3,31.2,7.5,0.0,89500,60000,140500,255000,3.438,92,80,249,,29,10,,19,13,16,29,,,0,,14,63,10,,0,0,0,,13,0,11,66,,13,0,42,22,22,,,33,22,11,11,,,0
23104,FORT WORTH-ARLINGTON-GRAPEVINE,2021,TRUE,single_year,2021,TRUE,TRUE,12,89,80,,,44,37,,0,49.4,41.6,9.0,0.0,85000,68000,127000,285000,3.25,89,86,287,0,25,17,10,15,16,,25,12,,0,,,59,10,,0,0,0,0,13,0,19,56,,13,0,43,20,17,,11,36,11,15,13,,,0
23104,FORT WORTH-ARLINGTON-GRAPEVINE,2022,TRUE,single_year,2022,TRUE,TRUE,15,94,85,,,53,33,,0,56.4,35.1,8.5,0.0,110000,75000,170000,355000,5.49,93,93,251,,33,21,,23,14,,32,18,0,0,,,57,18,,0,0,0,,11,0,20,63,,10,0,39,18,31,,,40,19,13,10,,,0
23104,FORT WORTH-ARLINGTON-GRAPEVINE,2023,TRUE,single_year,2023,TRUE,TRUE,17,117,102,,,59,44,14,0,50.4,37.6,12.0,0.0,116000,85000,166000,355000,6.874,115,111,184,,33,14,,33,20,10,31,12,,,,,66,15,,,0,0,,27,,33,55,,24,,45,22,37,13,13,45,20,17,11,,,
23104,FORT WORTH-ARLINGTON-GRAPEVINE,2024,TRUE,single_year,2024,TRUE,TRUE,13,133,114,,14,83,35,15,0,62.4,26.3,11.3,0.0,126000,94000,187000,395000,6.625,133,128,231,,23,15,41,29,18,,23,14,37,0,,,73,27,12,,0,,,16,0,32,78,,20,0,64,33,31,,15,49,32,21,,,,0
23104,FORT WORTH-ARLINGTON-GRAPEVINE,2025,TRUE,single_year,2025,TRUE,TRUE,13,121,103,,12,61,37,23,0,50.4,30.6,19.0,0.0,115000,92250,177250,385000,6.5,118,109,214,,,13,26,27,29,17,,12,25,0,,12,62,27,,,0,,,24,0,24,72,,22,0,71,22,20,,17,56,22,11,13,,,0
23224,FREDERICK-GAITHERSBURG-BETHESDA,2019,TRUE,three_year_total,2019,TRUE,TRUE,27,13,,,,,,0,0,38.5,61.5,0.0,0.0,,,,,,13,13,15,0,,,,,,0,,,,0,0,0,,,0,0,0,0,0,,0,0,,0,,0,,,,,,,,,,0,0,0
23224,FREDERICK-GAITHERSBURG-BETHESDA,2020,TRUE,three_year_total,"2019,2020",TRUE,TRUE,22,42,24,,,22,17,,0,52.4,40.5,7.1,0.0,,,,,,42,41,31,0,11,,,11,,,11,,,0,,,25,,0,0,0,0,,12,0,,30,0,11,0,24,,,,,14,11,,,,,0
23224,FREDERICK-GAITHERSBURG-BETHESDA,2021,TRUE,three_year_total,"2019,2020,2021",TRUE,TRUE,19,67,37,16,14,33,27,,0,49.3,40.3,10.4,0.0,,,,,,67,66,60,,14,13,10,20,,,14,11,,0,,,38,,,,0,0,,16,0,,48,,14,0,32,16,14,,,22,19,,,,,0
23224,FREDERICK-GAITHERSBURG-BETHESDA,2022,TRUE,three_year_total,"2020,2021,2022",TRUE,TRUE,18,67,36,17,14,34,26,,0,50.7,38.8,10.4,0.0,,,,,,67,66,60,,15,12,,21,11,,15,10,,0,,,39,11,,,0,0,,13,0,,47,,12,0,26,20,17,,,25,18,,,,,0
23224,FREDERICK-GAITHERSBURG-BETHESDA,2023,TRUE,three_year_total,"2021,2022,2023",TRUE,TRUE,23,50,25,13,12,25,20,,0,50.0,40.0,10.0,0.0,,,,,,50,49,56,,,11,,17,,,,,,0,,,28,,,,0,0,,,0,,31,,10,0,17,17,13,,,24,13,,,,0,0
23224,FREDERICK-GAITHERSBURG-BETHESDA,2024,TRUE,three_year_total,"2022,2023,2024",TRUE,TRUE,25,45,29,,,27,14,,0,60.0,31.1,8.9,0.0,,,,,,45,44,49,,14,,,11,,,13,,,0,,,27,,,0,0,0,,,0,,29,,,0,19,,16,,,20,11,,,,0,0
23224,FREDERICK-GAITHERSBURG-BETHESDA,2025,TRUE,three_year_total,"2023,2024,2025",TRUE,TRUE,26,40,27,,,28,,,0,70.0,20.0,10.0,0.0,,,,,,40,38,52,,13,,,,,,12,,,0,,,26,,,0,0,0,,,0,,31,,,0,20,,15,0,,12,11,,,,0,0
23420,FRESNO,2018,TRUE,three_year_total,2018,TRUE,TRUE,23,39,21,,,12,23,,0,30.8,59.0,10.3,0.0,,,,,,39,39,120,0,,,,16,,,,,,0,0,0,21,,,0,0,0,0,,0,12,22,,,0,20,,10,,0,16,,,,,,0
23420,FRESNO,2019,TRUE,three_year_total,"2018,2019",TRUE,TRUE,16,83,48,15,20,26,50,,0,31.3,60.2,8.4,0.0,,,,,,83,83,215,,17,,,39,10,,16,,,0,0,,47,,13,0,,0,0,14,0,31,40,,11,0,44,17,18,,,41,15,12,,,,0
23420,FRESNO,2020,TRUE,three_year_total,"2018,2019,2020",TRUE,TRUE,11,113,70,17,26,40,63,10,0,35.4,55.8,8.8,0.0,,,,,,113,113,303,,24,12,10,50,11,,23,10,,0,0,,68,10,17,0,,0,0,17,0,50,48,,14,0,62,25,21,,,50,23,19,,,,0
23420,FRESNO,2021,TRUE,single_year,2021,TRUE,TRUE,21,55,36,,12,21,27,,0,38.2,49.1,12.7,0.0,75500,50500,102750,305000,2.875,54,55,135,,16,,,19,,,16,,0,0,0,0,33,,,0,,,0,,0,21,20,,13,0,29,15,,,,21,15,,,,,0
23420,FRESNO,2022,TRUE,three_year_total,"2020,2021,2022",TRUE,TRUE,15,117,87,11,19,56,50,11,0,47.9,42.7,9.4,0.0,,,,,,115,117,314,,35,26,,38,,,35,19,,0,0,,76,,14,0,,,0,19,0,61,35,,20,0,59,33,20,,,39,33,21,,,,0
23420,FRESNO,2023,TRUE,three_year_total,"2021,2022,2023",TRUE,TRUE,12,123,88,15,20,58,53,12,0,47.2,43.1,9.8,0.0,,,,,,121,123,275,,36,27,,40,10,,36,19,,0,0,0,75,,13,0,,,0,26,0,60,37,,24,0,55,38,22,,,46,35,17,11,,,0
23420,FRESNO,2024,TRUE,three_year_total,"2022,2023,2024",TRUE,TRUE,14,101,78,11,12,56,38,,0,55.4,37.6,6.9,0.0,,,,,,100,101,211,,29,23,15,28,,,29,16,11,0,0,0,60,,,,0,,,24,0,59,25,,15,0,46,30,18,,,36,28,15,11,,,0
23420,FRESNO,2025,TRUE,three_year_total,"2023,2024,2025",TRUE,TRUE,14,104,76,15,13,53,42,,0,51.0,40.4,8.7,0.0,,,,,,103,104,204,,24,16,23,30,,,24,12,16,0,0,,53,,12,,0,,,27,0,56,24,,22,0,46,30,20,,,42,25,14,13,,,0
23460,GADSDEN,2018,TRUE,three_year_total,2018,TRUE,TRUE,17,,,0,0,,0,0,0,100.0,0.0,0.0,0.0,,,,,,,,,0,0,0,0,0,0,,0,0,0,0,0,,,0,0,0,0,0,,0,0,0,,0,0,0,,,,0,0,0,,,,0,0,0
23460,GADSDEN,2019,TRUE,three_year_total,"2018,2019",TRUE,TRUE,23,,,0,0,,0,0,0,100.0,0.0,0.0,0.0,,,,,,,,10,,0,,0,0,0,,0,,0,0,0,,,0,0,0,0,0,,,0,0,,0,,0,,,,,,0,,,,0,0,0
23460,GADSDEN,2020,TRUE,three_year_total,"2018,2019,2020",TRUE,TRUE,23,,,0,0,,0,0,0,100.0,0.0,0.0,0.0,,,,,,,,15,,0,,0,0,0,,0,,0,0,0,,,0,0,0,0,0,,,0,0,,0,,0,,,,,,0,,,,0,0,0
23460,GADSDEN,2021,TRUE,three_year_total,"2019,2020,2021",TRUE,TRUE,27,,,,0,,0,0,0,100.0,0.0,0.0,0.0,,,,,,,,18,,0,,0,0,,,0,,0,0,,,,0,0,0,0,0,0,,0,,,0,,0,,,,,,,0,,,,0,0
23460,GADSDEN,2022,TRUE,three_year_total,"2020,2021,2022",TRUE,TRUE,23,,,,0,,,0,0,85.7,14.3,0.0,0.0,,,,,,,,15,0,0,0,0,,,,0,0,0,0,,,,0,0,0,0,0,0,0,0,,,0,0,0,,,,0,0,,,,,,0,0
23460,GADSDEN,2023,TRUE,three_year_total,"2021,2022,2023",TRUE,TRUE,26,10,,,0,,,0,0,80.0,20.0,0.0,0.0,,,,,,10,,22,0,0,,0,,,,0,,0,0,,,,,0,0,0,0,0,,0,,,0,,0,,,,0,0,,,,,,0,0
23460,GADSDEN,2024,TRUE,three_year_total,"2022,2023,2024",TRUE,TRUE,20,13,11,,0,11,,0,0,84.6,15.4,0.0,0.0,,,,,,13,,25,0,0,,0,,0,,0,,0,0,0,,,,0,0,0,0,0,,0,0,11,0,,0,,,,0,0,,,,,,0,0
23460,GADSDEN,2025,TRUE,three_year_total,"2023,2024,2025",TRUE,TRUE,23,15,13,,0,13,,,0,86.7,6.7,6.7,0.0,,,,,,15,,34,0,0,,0,,,10,0,,0,0,0,10,,,0,0,0,,0,,0,0,13,0,,0,,,,0,,,,,,,,0
23540,GAINESVILLE,2018,TRUE,three_year_total,2018,TRUE,TRUE,25,,,0,,,,0,0,66.7,33.3,0.0,0.0,,,,,,,,23,0,,,,,0,0,,,,0,0,0,,,0,0,0,0,,0,0,0,,,0,0,,,,0,,,,0,0,0,0,0
23540,GAINESVILLE,2019,TRUE,three_year_total,"2018,2019",TRUE,TRUE,30,15,11,,,,,0,0,60.0,40.0,0.0,0.0,,,,,,15,14,40,0,,,,,0,,,,,0,0,,,,0,0,0,0,,,0,,,,,0,,,,,,,,,,0,0,0
23540,GAINESVILLE,2020,TRUE,three_year_total,"2018,2019,2020",TRUE,TRUE,29,20,15,,,13,,,0,65.0,30.0,5.0,0.0,,,,,,20,18,57,0,,,,,,,,,,0,0,,13,,0,0,0,0,,,0,,13,,,0,,,,,,,,,,0,0,0
23540,GAINESVILLE,2021,TRUE,three_year_total,"2019,2020,2021",TRUE,TRUE,26,26,18,,,15,10,,0,57.7,38.5,3.8,0.0,,,,,,26,23,66,0,,,,,,,,,,0,0,,19,,0,0,0,0,0,,0,,18,,,0,,,,,0,12,,,,,0,0
23540,GAINESVILLE,2022,TRUE,three_year_total,"2020,2021,2022",TRUE,TRUE,26,27,19,,,13,,,0,48.1,33.3,18.5,0.0,,,,,,27,24,88,0,,,,,,,,,,0,0,,17,,0,0,0,0,0,,0,,23,0,,0,12,,,,,12,,,,,0,0
23540,GAINESVILLE,2023,TRUE,three_year_total,"2021,2022,2023",TRUE,TRUE,23,32,20,,11,12,14,,0,37.5,43.8,18.8,0.0,,,,,,32,30,91,0,,,,12,,,,,,0,0,,15,10,,0,0,0,0,,0,,25,0,,0,17,,,,,16,,,,,0,0
23540,GAINESVILLE,2024,TRUE,three_year_total,"2022,2023,2024",TRUE,TRUE,21,34,19,0,15,14,13,,0,41.2,38.2,20.6,0.0,,,,,,34,33,79,0,,,,10,,,,,,0,0,,14,12,,0,0,0,0,,0,,21,,,0,17,,,,,18,,0,,0,0,0
23540,GAINESVILLE,2025,TRUE,three_year_total,"2023,2024,2025",TRUE,TRUE,24,40,26,,13,22,14,,0,55.0,35.0,10.0,0.0,,,,,,40,39,66,,,,10,11,,,,,,0,0,,22,12,,0,0,0,,,0,,25,,,0,23,,11,,,20,,,,,0,0
23580,GAINESVILLE,2018,TRUE,three_year_total,2018,TRUE,TRUE,17,,,0,,0,,,0,0.0,66.7,33.3,0.0,,,,,,,,21,0,,0,0,,,0,0,0,0,0,0,0,,,0,0,0,0,0,0,0,0,,,0,0,,0,0,0,0,,,0,0,0,0,0
23580,GAINESVILLE,2019,TRUE,three_year_total,"2018,2019",TRUE,TRUE,21,,,0,,,,,0,25.0,50.0,25.0,0.0,,,,,,,,38,0,,,0,,,0,0,,0,0,0,0,,,0,0,0,0,0,0,0,,,,0,0,,0,0,0,0,,,0,0,0,0,0
23580,GAINESVILLE,2020,TRUE,three_year_total,"2018,2019,2020",TRUE,TRUE,29,,,0,,,,,0,33.3,55.6,11.1,0.0,,,,,,,,50,0,,,,,,,0,,,0,0,,,,0,0,0,0,0,0,0,,,,0,0,,0,,0,,,,,,0,0,0
23580,GAINESVILLE,2021,TRUE,three_year_total,"2019,2020,2021",TRUE,TRUE,21,14,14,0,0,,,0,0,42.9,57.1,0.0,0.0,,,,,,14,14,40,0,,,,,0,,,,,0,0,,13,,0,0,0,0,0,0,0,,,0,0,0,10,,,0,,,,,,0,0,0
23580,GAINESVILLE,2022,TRUE,three_year_total,"2020,2021,2022",TRUE,TRUE,23,17,17,0,0,,10,0,0,41.2,58.8,0.0,0.0,,,,,,16,17,32,0,,,,,0,,,,,0,0,,14,,0,0,0,0,0,,0,,,0,,0,10,,,,,,,,,0,0,0
23580,GAINESVILLE,2023,TRUE,three_year_total,"2021,2022,2023",TRUE,TRUE,22,16,16,0,0,,,0,0,56.2,43.8,0.0,0.0,,,,,,15,15,27,0,,,0,,0,,,,0,0,0,,13,0,0,0,0,0,0,,0,,,0,,0,,,,,,,,,,0,0,0
23580,GAINESVILLE,2024,TRUE,three_year_total,"2022,2023,2024",TRUE,TRUE,28,14,13,0,,11,,,0,78.6,14.3,7.1,0.0,,,,,,13,12,28,0,,,,,,,,,,0,0,,10,,0,0,0,0,0,,0,,,0,,0,,,,,,,,,,0,,0
23580,GAINESVILLE,2025,TRUE,three_year_total,"2023,2024,2025",TRUE,TRUE,28,10,,0,,,0,,0,90.0,0.0,10.0,0.0,,,,,,10,,34,0,,,,0,,,,,,0,0,,,,0,0,0,0,0,,0,,,0,,0,,0,,0,,,,,,0,,0
23844,GARY,2018,TRUE,single_year,2018,TRUE,TRUE,19,87,73,,,31,48,,0,35.6,55.2,9.2,0.0,58000,43000,75500,135000,4.99,87,82,127,,17,,,39,,,17,,,0,0,,69,12,,0,0,0,0,,0,19,63,,,0,59,14,11,,12,24,19,17,,,,0
23844,GARY,2019,TRUE,single_year,2019,TRUE,TRUE,17,81,65,,11,36,40,,0,44.4,49.4,6.2,0.0,62000,51000,76000,145000,4.375,81,81,151,,23,14,,31,,,22,10,,,0,0,63,,,0,0,0,,,0,16,56,,,0,54,13,11,,,29,17,11,12,,0,0
23844,GARY,2020,TRUE,single_year,2020,TRUE,TRUE,19,108,87,13,,44,53,11,0,40.7,49.1,10.2,0.0,57000,42000,74750,165000,3.125,106,104,118,,19,,15,52,,,19,,13,,,,74,14,,,,0,,10,0,26,71,,,0,65,28,12,,19,43,18,,15,,,0
23844,GARY,2021,TRUE,single_year,2021,TRUE,TRUE,19,92,78,,,38,45,,0,41.3,48.9,9.8,0.0,61500,46750,82000,185000,3.25,92,89,226,,12,21,,40,10,,12,20,,,0,,60,21,,,0,0,0,,0,25,61,0,,0,54,26,,,,47,20,12,,,,0
23844,GARY,2022,TRUE,single_year,2022,TRUE,TRUE,16,86,71,,,40,38,,0,46.5,44.2,9.3,0.0,72500,52000,99750,190000,5.313,86,82,203,,19,15,,30,,,18,12,,0,0,,60,,,0,0,0,0,13,0,29,43,0,14,0,51,16,14,,,34,18,13,,,,0
23844,GARY,2023,TRUE,single_year,2023,TRUE,TRUE,21,61,46,,,32,26,,0,52.5,42.6,4.9,0.0,74000,61000,109000,235000,6.875,61,57,127,,12,,10,24,,,12,,,0,0,,40,10,,,0,0,0,,0,12,42,0,,0,39,14,,,,21,17,,,,,0
23900,GETTYSBURG,2018,TRUE,three_year_total,2018,TRUE,TRUE,19,10,,,,,,0,0,60.0,40.0,0.0,0.0,,,,,,10,10,21,,,,0,,0,0,,,0,0,0,0,10,0,0,0,0,0,0,0,0,0,10,0,0,0,,,,,0,,0,,,,0,0
23900,GETTYSBURG,2019,TRUE,three_year_total,"2018,2019",TRUE,TRUE,25,18,15,,,10,,,0,55.6,33.3,11.1,0.0,,,,,,18,17,46,,,,,,,,,,,0,0,,18,0,0,0,0,0,0,0,0,,17,0,0,0,10,,,,,,,,,,0,0
23900,GETTYSBURG,2020,TRUE,three_year_total,"2018,2019,2020",TRUE,TRUE,25,25,21,,,14,,,0,56.0,32.0,12.0,0.0,,,,,,25,24,65,,11,,,,,,11,,,0,0,,23,0,0,0,0,0,0,,0,,21,0,,0,12,,,,,,,,,,0,0
23900,GETTYSBURG,2021,TRUE,three_year_total,"2019,2020,2021",TRUE,TRUE,25,27,23,,0,13,10,,0,48.1,37.0,14.8,0.0,,,,,,27,26,66,,,,,,,,,,,0,0,,23,0,0,0,0,0,,,0,,21,,,0,14,,10,,,,,,,0,0,0
23900,GETTYSBURG,2022,TRUE,three_year_total,"2020,2021,2022",TRUE,TRUE,23,31,24,,,14,13,,0,45.2,41.9,12.9,0.0,,,,,,31,31,85,,10,,,,,,10,,0,0,,0,24,0,0,,0,0,,,0,,24,,,0,16,,11,,,10,,,,0,0,0
23900,GETTYSBURG,2023,TRUE,three_year_total,"2021,2022,2023",TRUE,TRUE,26,29,23,,,13,13,,0,44.8,44.8,10.3,0.0,,,,,,29,29,82,,,,0,,,,,,0,0,,0,24,0,0,,0,0,,,0,,25,,,0,17,,,0,,,,,,,0,0
23900,GETTYSBURG,2024,TRUE,three_year_total,"2022,2023,2024",TRUE,TRUE,29,28,22,,,14,11,,0,50.0,39.3,10.7,0.0,,,,,,27,28,77,,,,,,,,,,,0,,0,18,,0,,0,0,,,0,,21,0,,0,14,,,,,10,,,,,0,
23900,GETTYSBURG,2025,TRUE,three_year_total,"2023,2024,2025",TRUE,TRUE,25,25,19,,,13,10,,0,52.0,40.0,8.0,0.0,,,,,,24,25,50,,,0,10,,,,,0,,0,0,0,16,,0,,0,0,,,0,,18,0,,0,14,,,,,10,,,,,0,
24020,GLENS FALLS,2018,TRUE,three_year_total,2018,TRUE,TRUE,24,40,34,,,15,21,,0,37.5,52.5,10.0,0.0,,,,,,40,38,20,,,,,19,,,,,,0,0,,33,,0,0,0,0,0,,0,,34,0,,0,18,,11,,,16,,,,,0,0
24020,GLENS FALLS,2019,TRUE,three_year_total,"2018,2019",TRUE,TRUE,17,72,63,,,30,36,,0,41.7,50.0,8.3,0.0,,,,,,72,70,49,,15,,,32,,,15,,,0,0,,59,,0,0,0,0,0,10,0,,61,0,10,0,35,17,15,,,28,13,10,10,,,0
24020,GLENS FALLS,2020,TRUE,single_year,2020,TRUE,TRUE,22,53,44,,,17,32,,0,32.1,60.4,7.5,0.0,62000,46000,74000,155000,3.25,53,52,19,,,,,31,,,,,,0,0,,48,,0,0,0,0,0,,0,0,46,0,,0,35,,,,,24,17,,,0,0,0
24020,GLENS FALLS,2021,TRUE,single_year,2021,TRUE,TRUE,25,68,59,,,24,41,,0,35.3,60.3,4.4,0.0,60000,41750,80250,165000,2.995,68,66,50,,14,,,35,,,14,,,,,,55,,,0,0,0,,,0,,57,,,0,35,17,,,11,25,,14,,,0,0
24020,GLENS FALLS,2022,TRUE,single_year,2022,TRUE,TRUE,17,71,57,10,,32,37,,0,45.1,52.1,2.8,0.0,68000,49250,86000,165000,5.125,70,71,40,,16,11,,35,,0,16,10,,0,0,0,62,0,,0,0,0,,,0,,61,,,0,34,17,15,,14,28,10,,,,,0
24020,GLENS FALLS,2023,TRUE,single_year,2023,TRUE,TRUE,21,50,46,,,29,20,,0,58.0,40.0,2.0,0.0,74000,56000,103000,205000,6.375,49,50,39,,,,12,16,,0,,,10,,,0,34,,,0,0,0,0,,0,,41,0,,0,27,11,,,11,21,,,,0,0,0
24020,GLENS FALLS,2024,TRUE,single_year,2024,TRUE,TRUE,21,58,51,,,41,15,,0,70.7,25.9,3.4,0.0,79000,60000,93000,205000,6.563,57,58,39,,10,10,17,13,,,,10,16,0,,0,49,,0,0,0,0,,,0,,44,,,0,29,19,,,,30,,,,,0,0
24020,GLENS FALLS,2025,TRUE,three_year_total,"2023,2024,2025",TRUE,TRUE,10,156,135,14,,100,51,,0,64.1,32.7,3.2,0.0,,,,,,153,156,120,,29,27,42,41,14,,28,25,35,,11,0,124,10,,0,0,0,,18,0,10,126,,18,0,82,41,24,,25,71,22,15,19,,0,0
24140,GOLDSBORO,2018,TRUE,three_year_total,2018,TRUE,TRUE,12,,0,0,,,0,0,0,100.0,0.0,0.0,0.0,,,,,,0,,,,,0,0,0,0,0,,0,0,0,0,0,0,0,0,0,0,0,0,,0,0,0,0,,0,0,0,0,,0,0,0,0,0,0,0,
24140,GOLDSBORO,2019,TRUE,three_year_total,"2018,2019",TRUE,TRUE,19,,,0,,,0,,0,50.0,0.0,50.0,0.0,,,,,,,,11,,,0,0,0,,0,,0,0,0,0,0,0,,0,0,0,0,0,,0,0,,0,,0,,0,0,,0,0,0,0,,0,0,
24140,GOLDSBORO,2020,TRUE,three_year_total,"2018,2019,2020",TRUE,TRUE,23,,,0,,,0,,0,66.7,0.0,33.3,0.0,,,,,,,,19,,,0,0,0,,,,0,0,0,0,,,,0,0,0,0,0,,0,0,,0,,0,,0,,,0,0,0,0,,0,0,
24140,GOLDSBORO,2021,TRUE,three_year_total,"2019,2020,2021",TRUE,TRUE,17,,,0,0,,0,,0,66.7,0.0,33.3,0.0,,,,,,,,19,0,0,0,0,0,,,0,0,0,0,0,,,,0,0,0,0,0,0,0,0,,0,,0,,0,,0,0,0,0,,,0,0,0
24140,GOLDSBORO,2022,TRUE,three_year_total,"2020,2021,2022",TRUE,TRUE,21,,,0,0,,,0,0,75.0,25.0,0.0,0.0,,,,,,,,19,0,,0,0,,0,,,0,0,0,0,,,,0,0,0,0,0,0,0,0,,,,0,,0,,0,0,0,,,,0,0,0
24140,GOLDSBORO,2023,TRUE,three_year_total,"2021,2022,2023",TRUE,TRUE,23,,,0,0,,,,0,40.0,40.0,20.0,0.0,,,,,,,,16,0,,0,0,,,,,0,0,0,0,,,,0,0,0,0,0,,0,0,,,0,0,,0,,0,0,0,,,,0,0,0
24140,GOLDSBORO,2024,TRUE,three_year_total,"2022,2023,2024",TRUE,TRUE,24,,,0,0,,,,0,14.3,57.1,28.6,0.0,,,,,,,,17,0,,0,0,,,0,,0,0,0,0,0,,,0,0,0,0,0,,0,0,,,,0,,,,0,0,,,,,0,0,0
24140,GOLDSBORO,2025,TRUE,three_year_total,"2023,2024,2025",TRUE,TRUE,21,11,10,0,,,,,0,18.2,54.5,27.3,0.0,,,,,,11,11,12,0,0,0,,,,,0,0,0,0,0,,,,0,0,0,0,0,,0,0,,0,,0,,,,0,0,,,,,0,0,0
24220,GRAND FORKS,2018,TRUE,three_year_total,2018,TRUE,TRUE,24,,,,,,,0,0,50.0,50.0,0.0,0.0,,,,,,,,17,0,,0,,,0,0,,0,,0,0,0,,0,0,0,0,0,0,0,0,0,,0,0,0,,,,0,,,,,,,0,0
24220,GRAND FORKS,2019,TRUE,three_year_total,"2018,2019",TRUE,TRUE,26,21,17,,,12,,,0,57.1,33.3,9.5,0.0,,,,,,21,19,39,0,,,,,,,,,,0,0,,20,0,0,0,0,0,,0,0,0,20,0,,0,,,,0,,,,,,,,0
24220,GRAND FORKS,2020,TRUE,three_year_total,"2018,2019,2020",TRUE,TRUE,23,32,26,,,19,10,,0,59.4,31.2,9.4,0.0,,,,,,31,28,53,,10,,,,,,10,,,0,0,,29,0,0,0,0,0,,,0,0,29,0,,0,15,10,,0,,,,,,,,0
24220,GRAND FORKS,2021,TRUE,three_year_total,"2019,2020,2021",TRUE,TRUE,27,36,28,,,18,14,,0,50.0,38.9,11.1,0.0,,,,,,34,32,70,,,,,,,,,,,0,0,,30,,0,0,0,0,,,0,,30,0,,0,21,,,0,,10,,,,,,0
24220,GRAND FORKS,2022,TRUE,three_year_total,"2020,2021,2022",TRUE,TRUE,24,33,23,,,13,16,,0,39.4,48.5,12.1,0.0,,,,,,31,31,72,,,,,11,,,,,,0,0,,27,,0,0,0,0,0,,0,,27,0,,0,22,,,0,,,11,,,,0,0
24220,GRAND FORKS,2023,TRUE,three_year_total,"2021,2022,2023",TRUE,TRUE,24,33,25,,,15,14,,0,45.5,42.4,12.1,0.0,,,,,,32,28,82,,,,0,12,,,,,0,,,,27,,0,0,0,0,,,0,,28,0,,0,21,,,0,,11,10,,,,0,0
24220,GRAND FORKS,2024,TRUE,three_year_total,"2022,2023,2024",TRUE,TRUE,28,29,25,,,19,,,0,65.5,24.1,10.3,0.0,,,,,,28,23,67,,,,,,,,,,,,,,26,,0,0,0,0,,,0,,26,0,,0,13,,11,0,,10,,,,,0,0
24220,GRAND FORKS,2025,TRUE,three_year_total,"2023,2024,2025",TRUE,TRUE,26,28,27,,0,22,,,0,78.6,10.7,10.7,0.0,,,,,,27,21,64,0,,,,,,,,,,,,,25,0,,0,0,0,,,0,,25,0,,0,11,,14,0,,12,,,,,0,0
24260,GRAND ISLAND,2018,TRUE,three_year_total,2018,TRUE,TRUE,25,,,,0,,0,,0,87.5,0.0,12.5,0.0,,,,,,,,40,0,,,0,0,0,,,,0,0,0,,,0,0,0,0,0,0,0,0,,,0,0,0,,,,0,,0,,,,,,0
24260,GRAND ISLAND,2019,TRUE,three_year_total,"2018,2019",TRUE,TRUE,21,14,12,,0,12,0,,0,85.7,0.0,14.3,0.0,,,,,,14,,70,0,,,0,0,,,,,0,0,0,,14,0,0,0,0,0,0,0,0,,12,0,0,0,,,,0,,,,,,,,0
24260,GRAND ISLAND,2020,TRUE,three_year_total,"2018,2019,2020",TRUE,TRUE,21,21,16,,0,17,,,0,81.0,9.5,9.5,0.0,,,,,,21,11,88,0,,,,,,11,,,0,0,0,10,21,0,0,0,0,0,0,0,0,,14,,0,0,,,11,0,,,,,,,,0
24260,GRAND ISLAND,2021,TRUE,three_year_total,"2019,2020,2021",TRUE,TRUE,24,19,15,,0,16,,,0,84.2,10.5,5.3,0.0,,,,,,18,12,102,0,,0,,,,,,0,,,0,,19,0,0,0,0,0,0,0,0,,11,,0,0,,,,0,,,,,,,,0
24260,GRAND ISLAND,2022,TRUE,three_year_total,"2020,2021,2022",TRUE,TRUE,21,17,14,,0,15,,0,0,88.2,11.8,0.0,0.0,,,,,,16,14,126,0,,0,,,0,,,0,,,0,,17,0,0,0,0,0,0,0,0,,10,,0,0,,,,0,,0,,,,,,0
24260,GRAND ISLAND,2023,TRUE,three_year_total,"2021,2022,2023",TRUE,TRUE,24,18,16,,0,15,,0,0,83.3,16.7,0.0,0.0,,,,,,17,15,141,0,,,,,,,,,,,0,,17,0,0,0,0,0,,0,0,,12,0,0,0,,,,0,0,,,,,,,0
24260,GRAND ISLAND,2024,TRUE,three_year_total,"2022,2023,2024",TRUE,TRUE,23,22,20,,0,18,,0,0,81.8,18.2,0.0,0.0,,,,,,22,14,123,0,,,,,,,,,,0,0,,21,0,0,0,0,0,,0,0,,13,0,0,0,,,,0,0,,,,,,,0
24260,GRAND ISLAND,2025,TRUE,three_year_total,"2023,2024,2025",TRUE,TRUE,18,31,27,,0,26,,0,0,83.9,16.1,0.0,0.0,,,,,,31,19,118,0,,,,,,12,,,,0,0,12,30,0,0,0,0,0,,0,0,12,19,0,0,0,10,,16,0,,10,,,,,,0
24300,GRAND JUNCTION,2018,TRUE,three_year_total,2018,TRUE,TRUE,25,15,14,0,,,,,0,53.3,33.3,13.3,0.0,,,,,,15,13,22,0,,,0,,,,,,0,0,0,,11,0,0,0,0,0,0,,0,,11,0,,0,,,,,,,,,,,0,0
24300,GRAND JUNCTION,2019,TRUE,three_year_total,"2018,2019",TRUE,TRUE,25,26,23,,,15,,,0,57.7,34.6,7.7,0.0,,,,,,26,24,48,0,12,,,,,,10,,0,0,0,,19,0,0,0,0,0,0,,0,,17,,,0,,,,,,,,,,,0,0
24300,GRAND JUNCTION,2020,TRUE,three_year_total,"2018,2019,2020",TRUE,TRUE,20,45,37,,,23,19,,0,51.1,42.2,6.7,0.0,,,,,,44,43,78,,17,,,12,,,15,,0,0,0,,37,0,,0,0,0,0,,0,,33,,,0,17,11,12,,,16,10,,,,0,0
24300,GRAND JUNCTION,2021,TRUE,three_year_total,"2019,2020,2021",TRUE,TRUE,20,46,37,,,26,18,,0,56.5,39.1,4.3,0.0,,,,,,45,46,93,,20,,,14,,0,20,,,0,0,0,39,0,,,0,0,0,,0,,34,,,0,21,12,10,,,18,11,,,,0,0
24300,GRAND JUNCTION,2022,TRUE,three_year_total,"2020,2021,2022",TRUE,TRUE,19,49,39,,,29,17,,0,59.2,34.7,6.1,0.0,,,,,,48,49,99,,21,,,14,,0,21,,,0,0,0,42,0,,,0,0,0,,0,,37,0,,0,19,16,13,,,16,16,,,,0,0
24300,GRAND JUNCTION,2023,TRUE,three_year_total,"2021,2022,2023",TRUE,TRUE,18,44,31,,,30,12,,0,68.2,27.3,4.5,0.0,,,,,,44,44,89,,24,,,10,,0,24,,,0,0,0,37,0,0,,0,0,0,,0,,33,0,,0,15,16,12,,,10,13,,,,0,0
24300,GRAND JUNCTION,2024,TRUE,three_year_total,"2022,2023,2024",TRUE,TRUE,20,42,25,,,31,10,,0,73.8,23.8,2.4,0.0,,,,,,41,42,68,,22,,,,0,0,22,,,0,0,0,37,0,0,0,0,0,0,,0,,34,0,,0,13,13,15,,,,15,,,,,
24300,GRAND JUNCTION,2025,TRUE,three_year_total,"2023,2024,2025",TRUE,TRUE,19,47,28,,11,39,,0,0,83.0,17.0,0.0,0.0,,,,,,44,47,59,,27,,10,,0,0,27,,,0,0,0,45,0,0,0,0,0,0,,0,,37,,,0,13,13,20,,,,13,,,,,
24340,GRAND RAPIDS-WYOMING-KENTWOOD,2018,TRUE,single_year,2018,TRUE,TRUE,13,177,164,,,104,72,,0,58.8,40.7,0.6,0.0,57000,42000,74000,165000,4.875,177,170,278,,45,35,22,60,10,,43,35,19,,,,146,,,0,0,0,,20,0,11,141,0,25,0,97,42,32,,26,93,30,13,14,0,,0
24340,GRAND RAPIDS-WYOMING-KENTWOOD,2019,TRUE,single_year,2019,TRUE,TRUE,13,171,159,,,97,67,,0,56.7,39.2,4.1,0.0,53000,43000,77750,175000,4.25,170,168,198,,44,29,26,42,26,,43,26,22,0,,,134,,,0,0,,,23,0,15,140,0,16,0,98,32,30,11,25,69,40,17,16,,,0
24340,GRAND RAPIDS-WYOMING-KENTWOOD,2020,TRUE,single_year,2020,TRUE,TRUE,11,179,157,16,,89,88,,0,49.7,49.2,1.1,0.0,58500,43000,83750,195000,3.25,178,169,206,,32,36,30,65,12,,32,31,22,0,,,133,13,,,0,0,0,30,0,15,130,,33,0,118,29,21,11,28,98,30,13,,,0,0
24340,GRAND RAPIDS-WYOMING-KENTWOOD,2021,TRUE,single_year,2021,TRUE,TRUE,9,219,203,,,107,102,10,0,48.9,46.6,4.6,0.0,60000,46000,90000,205000,3.25,217,219,308,,52,49,13,89,15,,52,44,10,0,,0,164,14,0,0,0,,,38,0,16,170,,31,0,113,55,39,12,39,110,35,21,11,,0,0
24340,GRAND RAPIDS-WYOMING-KENTWOOD,2022,TRUE,single_year,2022,TRUE,TRUE,14,133,122,,,72,54,,0,54.1,40.6,5.3,0.0,72000,55000,95000,255000,5.125,133,133,212,,31,38,,44,10,,31,35,,0,0,0,85,,,,0,0,,32,0,13,88,,29,0,62,32,28,11,16,70,26,10,,,0,0
24340,GRAND RAPIDS-WYOMING-KENTWOOD,2023,TRUE,single_year,2023,TRUE,TRUE,11,152,135,,,91,55,,0,59.9,36.2,3.9,0.0,77000,62000,115500,275000,6.875,151,152,143,,37,32,32,36,13,,37,27,26,0,0,,115,,,0,0,0,,27,0,20,113,0,19,0,78,36,29,,33,74,29,13,,0,0,0
24340,GRAND RAPIDS-WYOMING-KENTWOOD,2024,TRUE,single_year,2024,TRUE,TRUE,9,143,128,10,,104,34,,0,72.7,23.8,3.5,0.0,95500,76000,133500,295000,6.75,142,141,137,0,20,19,68,24,,,20,18,63,0,0,,103,,11,0,0,0,0,23,0,24,96,0,22,,76,22,35,10,33,67,19,11,,,0,0
24340,GRAND RAPIDS-WYOMING-KENTWOOD,2025,TRUE,single_year,2025,TRUE,TRUE,18,175,161,,,134,36,,0,76.6,20.6,2.9,0.0,91000,69000,123000,285000,6.625,173,173,147,,41,22,70,25,10,,40,19,66,,,,122,,,,,,,31,0,26,124,,22,0,90,25,45,15,37,72,38,17,,,0,
24420,GRANTS PASS,2018,TRUE,three_year_total,2018,TRUE,TRUE,24,11,10,0,,,,,0,36.4,45.5,18.2,0.0,,,,,,11,10,30,0,,0,,,,,,0,0,0,0,,10,0,0,0,0,0,0,,0,0,,,,0,,,,0,,,,,,,0,0
24420,GRANTS PASS,2019,TRUE,three_year_total,"2018,2019",TRUE,TRUE,25,27,24,,,12,,,0,44.4,33.3,22.2,0.0,,,,,,27,24,56,0,,,,,,,,,0,0,0,,26,0,0,0,0,0,0,,0,0,23,,,0,,,12,0,,,,,,,,0
24420,GRANTS PASS,2020,TRUE,three_year_total,"2018,2019,2020",TRUE,TRUE,20,41,35,,,17,15,,0,41.5,36.6,22.0,0.0,,,,,,41,35,84,,,,,10,10,,,,0,0,0,,39,0,0,,0,0,0,,0,0,36,,,0,13,11,17,0,,10,,10,,,,0
24420,GRANTS PASS,2021,TRUE,three_year_total,"2019,2020,2021",TRUE,TRUE,22,54,43,,,29,17,,0,53.7,31.5,14.8,0.0,,,,,,54,45,87,,17,,,11,,,17,,0,0,0,,49,0,,,0,0,0,,0,,45,,,0,13,17,22,,,14,,13,,,,0
24420,GRANTS PASS,2022,TRUE,three_year_total,"2020,2021,2022",TRUE,TRUE,21,58,47,,,36,16,,0,62.1,27.6,10.3,0.0,,,,,,56,45,79,,21,,,11,,14,21,,0,0,0,13,49,0,,,0,0,0,,0,,44,,,0,17,17,19,,,19,,10,,,,
24420,GRANTS PASS,2023,TRUE,three_year_total,"2021,2022,2023",TRUE,TRUE,19,51,42,,,35,12,,0,68.6,23.5,7.8,0.0,,,,,,49,40,61,0,23,,0,,,12,23,,0,0,0,11,42,0,,0,0,0,0,,0,,37,,,0,14,16,15,,,15,,10,,,,
24420,GRANTS PASS,2024,TRUE,three_year_total,"2022,2023,2024",TRUE,TRUE,21,37,31,,,24,,,0,64.9,24.3,10.8,0.0,,,,,,34,30,38,0,14,0,,,,,14,0,,0,0,,26,0,0,0,0,0,0,11,0,,24,,11,0,13,,10,,,14,,,,,,
24420,GRANTS PASS,2025,TRUE,three_year_total,"2023,2024,2025",TRUE,TRUE,28,26,20,,,14,,,0,53.8,34.6,11.5,0.0,,,,,,25,25,32,,,,,,,,,,,0,0,,17,0,0,0,0,0,,,0,,17,0,,0,13,,,,,10,,,,0,,
24500,GREAT FALLS,2018,TRUE,three_year_total,2018,TRUE,TRUE,25,19,14,0,,,,,0,31.6,31.6,36.8,0.0,,,,,,19,19,30,0,,,,,,,,,,0,0,0,14,,0,0,0,0,0,,0,,16,0,,0,11,,,,,,,,,0,0,0
24500,GREAT FALLS,2019,TRUE,three_year_total,"2018,2019",TRUE,TRUE,21,56,39,,14,19,12,25,0,33.9,21.4,44.6,0.0,,,,,,56,55,61,,11,,,,22,,10,,,0,0,,44,,,0,0,0,,,0,,49,0,,0,30,14,10,,,31,11,,,,,0
24500,GREAT FALLS,2020,TRUE,three_year_total,"2018,2019,2020",TRUE,TRUE,18,73,53,,16,24,17,32,0,32.9,23.3,43.8,0.0,,,,,,73,70,95,10,11,11,,12,30,,10,,,0,0,,57,,,0,0,0,,,0,,65,0,,0,41,19,11,,,43,14,,,,,0
24500,GREAT FALLS,2021,TRUE,three_year_total,"2019,2020,2021",TRUE,TRUE,18,76,56,,16,28,17,31,0,36.8,22.4,40.8,0.0,,,,,,76,73,117,11,13,13,,13,27,,12,,,0,0,,64,,,0,0,0,,,0,,69,0,,0,41,16,17,,,44,11,,,,,0
24500,GREAT FALLS,2022,TRUE,three_year_total,"2020,2021,2022",TRUE,TRUE,24,58,48,,,19,19,20,0,32.8,32.8,34.5,0.0,,,,,,58,56,123,,,,,15,16,,,,,0,0,,50,,,,0,0,0,,0,,54,0,,0,36,10,11,,,31,,,,,,0
24500,GREAT FALLS,2023,TRUE,three_year_total,"2021,2022,2023",TRUE,TRUE,21,63,52,,,20,24,19,0,31.7,38.1,30.2,0.0,,,,,,62,63,110,,11,,,21,14,,11,,,0,0,0,53,,,,0,,0,,0,,54,0,,0,38,,13,,14,26,12,,,,,0
24500,GREAT FALLS,2024,TRUE,three_year_total,"2022,2023,2024",TRUE,TRUE,20,59,51,,,16,23,20,0,27.1,39.0,33.9,0.0,,,,,,58,59,74,,11,,,19,17,,11,,,0,0,0,46,,,,0,,0,,0,,49,0,,0,37,,10,,14,23,12,,,,0,0
24500,GREAT FALLS,2025,TRUE,three_year_total,"2023,2024,2025",TRUE,TRUE,19,53,47,,,19,17,17,0,35.8,32.1,32.1,0.0,,,,,,52,51,58,,11,,,15,16,,11,,,0,0,,40,0,,0,0,,0,10,0,,40,0,,0,29,,12,,15,16,11,,,,,0
24540,GREELEY,2018,TRUE,three_year_total,2018,TRUE,TRUE,26,10,,,0,,,0,0,70.0,30.0,0.0,0.0,,,,,,10,,45,0,,,0,,0,,,,0,0,0,,,0,0,0,0,0,,,0,,,,,0,,0,,,,,0,,,0,0,0
24540,GREELEY,2019,TRUE,three_year_total,"2018,2019",TRUE,TRUE,26,40,19,18,,30,,,0,75.0,20.0,5.0,0.0,,,,,,40,39,108,,20,,,,,,20,,,,0,,34,,,0,0,0,,,0,,29,,,0,17,,14,,,16,,10,,,0,0
24540,GREELEY,2020,TRUE,single_year,2020,TRUE,TRUE,15,55,10,44,,34,11,10,0,61.8,20.0,18.2,0.0,90000,68000,114500,365000,3.125,55,54,45,0,,13,12,,12,,,10,10,,0,,47,0,0,0,0,0,,,0,10,42,0,,0,21,,26,0,,22,12,,,,0,0
24540,GREELEY,2021,TRUE,single_year,2021,TRUE,TRUE,20,82,14,67,,57,16,,0,69.5,19.5,11.0,0.0,110000,83000,152000,410000,3.063,81,80,68,,32,,18,,16,,32,,15,,0,,68,,0,0,0,0,,,0,15,60,,,0,28,,42,,,27,26,11,,,,0
24540,GREELEY,2022,TRUE,single_year,2022,TRUE,TRUE,19,50,13,37,0,32,16,,0,64.0,32.0,4.0,0.0,103000,87000,150000,430000,5.375,49,50,53,0,20,,,,13,0,20,,,,0,0,44,0,,0,0,0,,,0,10,37,0,,0,14,,26,,,15,15,,,,,
24540,GREELEY,2023,TRUE,single_year,2023,TRUE,TRUE,23,50,23,25,,31,17,,0,62.0,34.0,4.0,0.0,112500,92000,152250,415000,6.5,50,45,27,0,16,,,,,,15,,,0,,,44,0,0,,0,0,,,0,,38,0,,0,,12,26,,,14,,12,,,,0
24540,GREELEY,2024,TRUE,three_year_total,"2022,2023,2024",TRUE,TRUE,13,126,56,67,,80,42,,0,63.5,33.3,3.2,0.0,,,,,,125,121,114,,47,16,20,18,20,,46,12,13,,,,104,0,,,0,0,,17,0,28,82,,15,0,37,21,58,10,13,39,25,19,14,11,,
24540,GREELEY,2025,TRUE,three_year_total,"2023,2024,2025",TRUE,TRUE,13,117,77,34,,81,33,,0,69.2,28.2,2.6,0.0,,,,,,117,111,80,,45,10,26,18,12,,44,,21,0,,,89,,0,,0,0,,23,0,27,68,,21,0,37,23,47,10,12,41,17,18,,14,,0
24580,GREEN BAY,2018,TRUE,single_year,2018,TRUE,TRUE,14,146,141,,,90,45,11,0,61.6,30.8,7.5,0.0,53000,41000,75500,145000,4.75,144,139,137,,42,23,21,30,19,11,42,20,16,0,,,133,,,,,0,,,0,16,123,0,,0,77,32,32,,14,55,28,29,16,,0,0
24580,GREEN BAY,2019,TRUE,single_year,2019,TRUE,TRUE,13,104,100,,,67,30,,0,64.4,28.8,6.7,0.0,54000,42000,74250,155000,4.25,102,100,154,0,27,16,24,15,,13,26,15,20,0,0,,94,,,0,0,0,,,0,17,81,0,,0,42,31,28,,19,41,19,,14,,0,0
24580,GREEN BAY,2020,TRUE,single_year,2020,TRUE,TRUE,14,139,137,,,94,39,,0,67.6,28.1,4.3,0.0,58000,45250,82750,185000,3.25,138,132,169,,43,29,19,28,11,,43,28,16,0,0,,117,,,0,0,0,,13,0,14,112,,12,0,79,23,31,,26,63,24,,11,,,0
24580,GREEN BAY,2021,TRUE,single_year,2021,TRUE,TRUE,11,166,162,,,99,60,,0,59.6,36.1,4.2,0.0,67000,47000,95000,195000,3.125,165,166,237,0,57,40,13,44,11,,56,32,10,0,,0,135,,,,0,0,,12,0,19,131,,13,0,69,34,53,10,20,70,30,24,17,,0,0
24580,GREEN BAY,2022,TRUE,single_year,2022,TRUE,TRUE,16,124,122,,,88,32,,0,71.0,25.8,3.2,0.0,69500,52000,89750,225000,4.625,122,121,169,0,31,29,25,27,,,31,28,22,0,,,108,,,,0,0,,,0,22,99,0,,0,58,32,32,,16,55,24,11,11,,,0
24580,GREEN BAY,2023,TRUE,single_year,2023,TRUE,TRUE,19,91,90,,0,70,16,,0,76.9,17.6,5.5,0.0,74000,59000,103000,235000,6.579,89,89,113,,29,19,16,11,,,28,19,14,0,,,74,,,,0,0,,,0,19,64,,,0,42,17,27,,13,37,,13,12,,,
24580,GREEN BAY,2024,TRUE,single_year,2024,TRUE,TRUE,18,104,99,,,80,17,,0,76.9,16.3,6.7,0.0,80000,60000,115000,250000,6.625,103,103,106,,26,13,42,11,,,25,13,37,,,,90,,,,0,0,0,,0,25,73,,,0,52,25,24,,19,43,20,10,,,0,0
24580,GREEN BAY,2025,TRUE,single_year,2025,TRUE,TRUE,13,94,87,,,76,15,,0,80.9,16.0,3.2,0.0,93000,64250,115250,265000,6.5,94,88,129,,24,17,24,11,,13,23,17,22,0,,12,83,0,,,0,0,0,,0,25,66,0,,0,44,12,37,,21,33,17,10,10,,,0
24660,GREENSBORO-HIGH POINT,2018,TRUE,three_year_total,2018,TRUE,TRUE,28,14,13,0,,,,,0,50.0,21.4,28.6,0.0,,,,,,14,13,40,0,,,,,,,,,0,0,,,,,,0,0,0,0,0,0,,11,,,0,,,,0,,,,,,0,0,0
24660,GREENSBORO-HIGH POINT,2019,TRUE,three_year_total,"2018,2019",TRUE,TRUE,28,23,20,,,12,,,0,52.2,26.1,21.7,0.0,,,,,,23,22,97,0,,,,,,,,,0,0,,,14,,,0,0,0,0,,0,,18,,,0,14,,,,,,,,,0,0,0
24660,GREENSBORO-HIGH POINT,2020,TRUE,three_year_total,"2018,2019,2020",TRUE,TRUE,26,41,37,,,25,11,,0,61.0,26.8,12.2,0.0,,,,,,41,40,147,0,,,,,10,,,,0,0,,,28,,,0,0,0,0,,0,,30,,,0,23,,,,,14,,,,,0,0
24660,GREENSBORO-HIGH POINT,2021,TRUE,three_year_total,"2019,2020,2021",TRUE,TRUE,27,42,37,,,26,14,,0,61.9,33.3,4.8,0.0,,,,,,42,42,172,0,,,,,,,,,,0,,,27,,,0,0,0,0,,0,,29,0,,0,23,,,,,14,,,,,0,0
24660,GREENSBORO-HIGH POINT,2022,TRUE,three_year_total,"2020,2021,2022",TRUE,TRUE,21,45,41,,,27,17,,0,60.0,37.8,2.2,0.0,,,,,,45,45,202,0,,10,,12,,,,10,,0,,,31,,,0,0,0,0,,0,11,28,,,0,25,11,,0,,14,10,,,,0,0
24660,GREENSBORO-HIGH POINT,2023,TRUE,three_year_total,"2021,2022,2023",TRUE,TRUE,25,35,31,,,20,13,,0,57.1,37.1,5.7,0.0,,,,,,35,35,189,0,,,,10,,,,,,0,,,23,,,0,0,0,0,,0,,21,,,0,20,10,,0,,11,,,,,0,0
24660,GREENSBORO-HIGH POINT,2024,TRUE,three_year_total,"2022,2023,2024",TRUE,TRUE,25,38,34,,,22,14,,0,57.9,36.8,5.3,0.0,,,,,,38,38,163,0,,,,11,,,,,,0,,,22,,,0,0,0,0,,0,,22,,,0,22,11,,0,,17,,,,,0,0
24660,GREENSBORO-HIGH POINT,2025,TRUE,three_year_total,"2023,2024,2025",TRUE,TRUE,27,42,34,,,29,,,0,69.0,21.4,9.5,0.0,,,,,,42,42,128,,,,,,,12,,,,0,,10,22,,,0,0,0,,,0,,24,0,,0,23,,11,,,16,,,,0,,0
24780,GREENVILLE,2018,TRUE,three_year_total,2018,TRUE,TRUE,16,,,0,0,,,0,0,33.3,66.7,0.0,0.0,,,,,,,,45,0,0,,0,,0,0,0,,0,0,0,0,,,0,0,0,0,0,0,0,0,,0,0,0,,,0,0,,,0,0,0,0,0,0
24780,GREENVILLE,2019,TRUE,three_year_total,"2018,2019",TRUE,TRUE,22,,,0,0,,,,0,33.3,33.3,33.3,0.0,,,,,,,,79,0,0,,0,,,0,0,,0,0,0,0,,,0,0,0,0,0,,0,0,,0,,0,,,0,,,,0,,0,0,0,0
24780,GREENVILLE,2020,TRUE,three_year_total,"2018,2019,2020",TRUE,TRUE,29,,,0,0,,,,0,55.6,22.2,22.2,0.0,,,,,,,,127,0,0,,,,,0,0,,,,0,0,,,0,0,0,0,,,0,0,,,,0,,,,,,,,,0,0,0,0
24780,GREENVILLE,2021,TRUE,three_year_total,"2019,2020,2021",TRUE,TRUE,30,13,12,,0,,,,0,53.8,15.4,30.8,0.0,,,,,,12,13,142,0,0,,,,,,0,,,,0,,,,0,0,0,0,,,0,,,,,0,,,,,,,,,,0,0,0
24780,GREENVILLE,2022,TRUE,three_year_total,"2020,2021,2022",TRUE,TRUE,28,20,18,,0,12,,,0,60.0,30.0,10.0,0.0,,,,,,19,20,159,0,0,,,,,,0,,,,0,,,,0,0,0,0,,,0,,13,,,0,,,,,,,,,,0,0,0
24780,GREENVILLE,2023,TRUE,three_year_total,"2021,2022,2023",TRUE,TRUE,25,19,17,,0,10,,,0,52.6,36.8,10.5,0.0,,,,,,18,19,136,0,0,,,,,,0,,,0,0,,10,,0,0,0,0,,,0,,12,0,,0,,,,,,,,,,0,0,0
24780,GREENVILLE,2024,TRUE,three_year_total,"2022,2023,2024",TRUE,TRUE,24,17,16,,0,11,,0,0,64.7,35.3,0.0,0.0,,,,,,17,16,123,0,0,,,,0,,0,,,0,0,,,,0,0,,0,0,,0,,13,0,,0,,,,,,,,,,0,0,0
24780,GREENVILLE,2025,TRUE,three_year_total,"2023,2024,2025",TRUE,TRUE,29,14,14,0,0,10,,,0,71.4,21.4,7.1,0.0,,,,,,14,13,108,0,,,,,,,,,,0,0,,,,,0,,0,0,,0,,10,0,,0,,,,,,,,,,,0,0
24860,GREENVILLE-ANDERSON-GREER,2018,TRUE,three_year_total,2018,TRUE,TRUE,27,24,21,,,17,,,0,70.8,25.0,4.2,0.0,,,,,,24,22,44,0,,,,,,,,,,0,,,18,,0,0,0,0,,,0,0,20,0,,0,11,,,,,11,,,,,0,0
24860,GREENVILLE-ANDERSON-GREER,2019,TRUE,three_year_total,"2018,2019",TRUE,TRUE,21,52,46,,,37,14,,0,71.2,26.9,1.9,0.0,,,,,,52,44,119,,14,11,,11,,,14,11,,0,,,41,,0,0,0,0,,,0,0,44,0,,0,19,12,16,,,16,,,,,,0
24860,GREENVILLE-ANDERSON-GREER,2020,TRUE,three_year_total,"2018,2019,2020",TRUE,TRUE,16,86,78,,,64,21,,0,74.4,24.4,1.2,0.0,,,,,,85,75,183,,23,18,,17,,18,23,18,,0,,18,67,,0,0,0,0,,,0,,70,,12,0,33,20,25,,12,26,17,11,11,,,0
24860,GREENVILLE-ANDERSON-GREER,2021,TRUE,three_year_total,"2019,2020,2021",TRUE,TRUE,12,95,89,,,68,24,,0,71.6,25.3,3.2,0.0,,,,,,94,82,205,,21,18,,20,,29,21,17,,0,0,28,74,11,0,0,0,0,0,10,0,,75,,13,0,34,23,33,,12,31,20,12,10,,,0
24860,GREENVILLE-ANDERSON-GREER,2022,TRUE,three_year_total,"2020,2021,2022",TRUE,TRUE,12,107,104,,,79,23,,0,73.8,21.5,4.7,0.0,,,,,,105,97,210,0,24,18,,21,,36,24,16,,,,33,86,11,0,0,0,0,0,10,0,,81,,14,0,46,21,36,,,36,27,15,11,11,0,0
24860,GREENVILLE-ANDERSON-GREER,2023,TRUE,three_year_total,"2021,2022,2023",TRUE,TRUE,13,109,106,,,74,28,,0,67.9,25.7,6.4,0.0,,,,,,108,99,195,0,26,12,,27,,37,26,10,,,,33,85,13,0,0,0,0,,10,0,,84,,16,0,45,21,41,,,39,25,14,11,13,0,0
24860,GREENVILLE-ANDERSON-GREER,2024,TRUE,single_year,2024,TRUE,TRUE,23,50,49,0,,34,13,,0,68.0,26.0,6.0,0.0,84000,58500,135750,310000,6.813,50,46,61,0,,,10,10,,16,,,,0,,15,39,,,0,0,0,0,,0,,35,,,0,27,,14,,,18,,,,,,0
24860,GREENVILLE-ANDERSON-GREER,2025,TRUE,three_year_total,"2023,2024,2025",TRUE,TRUE,10,132,127,,,89,33,10,0,67.4,25.0,7.6,0.0,,,,,,132,119,173,0,25,,20,29,,44,25,,17,0,,39,94,14,,0,0,0,,19,0,10,89,,30,0,60,19,43,10,12,47,30,18,12,10,,0
25020,GUAYAMA,2018,TRUE,three_year_total,2018,TRUE,TRUE,10,,,0,0,0,,0,0,0.0,100.0,0.0,0.0,,,,,,,,0,0,0,0,0,0,,0,0,0,0,0,0,0,,0,0,0,0,0,0,0,0,,0,0,0,0,0,0,,0,0,0,0,0,,0,0,0
25020,GUAYAMA,2019,TRUE,three_year_total,"2018,2019",TRUE,TRUE,19,,,,0,0,,0,0,0.0,100.0,0.0,0.0,,,,,,,,,0,0,0,0,,,,0,0,0,0,0,0,,,0,0,0,0,0,0,0,,0,0,0,0,,0,,0,0,,,,,0,0,0
25020,GUAYAMA,2021,TRUE,three_year_total,"2019,2021",TRUE,TRUE,18,10,,,0,0,,,0,0.0,80.0,20.0,0.0,,,,,,10,10,,0,0,0,0,,,,0,0,0,0,0,0,,,0,0,0,0,0,,0,10,0,0,0,0,,,,0,0,,,,0,,0,0
25020,GUAYAMA,2022,TRUE,three_year_total,"2021,2022",TRUE,TRUE,17,11,,,0,0,,,0,0.0,72.7,27.3,0.0,,,,,,11,11,,0,0,0,0,,,,0,0,0,0,0,0,,0,0,0,0,0,0,,0,11,0,0,0,0,,,0,0,0,,,,,,0,0
25020,GUAYAMA,2023,TRUE,three_year_total,"2021,2022,2023",TRUE,TRUE,16,16,13,,0,0,11,,0,0.0,68.8,31.2,0.0,,,,,,16,16,,0,0,0,0,,,,0,0,0,0,0,0,12,0,0,0,0,0,0,,0,16,0,0,0,0,,,,0,,,,,,,0,0
25020,GUAYAMA,2024,TRUE,three_year_total,"2022,2023,2024",TRUE,TRUE,18,17,15,,0,0,13,,0,0.0,76.5,23.5,0.0,,,,,,17,17,,0,,0,0,,,,0,0,0,0,0,0,14,,0,0,0,0,0,,0,17,0,0,0,0,,,,0,,,,,,,0,0
25020,GUAYAMA,2025,TRUE,three_year_total,"2023,2024,2025",TRUE,TRUE,18,18,15,,,0,15,,0,0.0,83.3,16.7,0.0,,,,,,18,18,,0,,0,0,,,,0,0,0,0,0,0,14,,0,0,0,0,0,,0,18,0,0,0,0,,,,0,,,,,0,,0,0
25060,GULFPORT-BILOXI,2018,TRUE,three_year_total,2018,TRUE,TRUE,29,13,,,,,,,0,38.5,38.5,23.1,0.0,,,,,,13,12,36,0,,,,,,,,,0,0,0,,,,0,0,0,0,0,,0,0,,0,,0,,,,,,,,,,0,0,0
25060,GULFPORT-BILOXI,2019,TRUE,three_year_total,"2018,2019",TRUE,TRUE,26,32,22,,,13,10,,0,40.6,31.2,28.1,0.0,,,,,,31,31,76,,,,,,,,,,0,0,0,,21,,0,0,0,0,0,,0,0,27,0,,0,15,,,,,14,,,,,,
25060,GULFPORT-BILOXI,2020,TRUE,three_year_total,"2018,2019,2020",TRUE,TRUE,21,49,35,,,16,17,16,0,32.7,34.7,32.7,0.0,,,,,,48,46,139,,,,,13,15,10,,,0,0,0,,29,12,0,0,0,0,0,,0,0,40,,,0,22,,11,,,24,,,,,,
25060,GULFPORT-BILOXI,2021,TRUE,three_year_total,"2019,2020,2021",TRUE,TRUE,19,67,48,,10,22,20,25,0,32.8,29.9,37.3,0.0,,,,,,66,64,174,,13,,0,18,25,,13,,0,0,,,45,14,,0,0,0,0,,0,,55,,,0,36,13,14,,,28,15,,,,,
25060,GULFPORT-BILOXI,2022,TRUE,three_year_total,"2020,2021,2022",FALSE,TRUE,17,89,68,10,11,32,26,31,0,36.0,29.2,34.8,0.0,,,,,,89,85,205,0,19,,,24,28,,19,,,0,,,54,24,,0,0,0,0,,0,,71,,,0,41,19,23,,,30,24,10,,,,0
25060,GULFPORT-BILOXI,2023,TRUE,three_year_total,"2021,2022,2023",TRUE,TRUE,17,96,74,,13,34,25,37,0,35.4,26.0,38.5,0.0,,,,,,95,94,205,0,23,,,23,28,11,23,,,0,,,54,29,,0,0,0,,,0,,79,,,0,46,22,23,,,32,26,10,13,,,0
25060,GULFPORT-BILOXI,2024,TRUE,three_year_total,"2022,2023,2024",TRUE,TRUE,14,97,80,,11,36,25,36,0,37.1,25.8,37.1,0.0,,,,,,96,95,193,0,23,,,22,25,14,23,,,,0,,52,31,0,0,0,0,,12,0,,76,,12,0,41,23,26,,11,35,20,,15,,,0
25060,GULFPORT-BILOXI,2025,TRUE,three_year_total,"2023,2024,2025",TRUE,TRUE,16,78,64,,10,28,17,33,0,35.9,21.8,42.3,0.0,,,,,,77,76,182,0,19,,,14,21,13,18,,,,0,,46,18,,,0,0,,10,0,,62,,10,0,41,17,16,,12,30,15,,11,,,0
25180,HAGERSTOWN-MARTINSBURG,2018,TRUE,three_year_total,2018,TRUE,TRUE,23,26,21,,,,14,,0,34.6,53.8,11.5,0.0,,,,,,25,19,60,0,,0,0,12,,,,0,0,0,0,,20,,,0,0,,0,,0,,23,0,,0,16,,,,,10,,,,0,0,
25180,HAGERSTOWN-MARTINSBURG,2019,TRUE,three_year_total,"2018,2019",TRUE,TRUE,24,45,36,,,16,25,,0,35.6,55.6,8.9,0.0,,,,,,44,34,149,,,,,21,,12,,,0,0,0,11,34,,,0,0,,,,0,,41,,,0,25,10,,,,16,,11,,0,0,
25180,HAGERSTOWN-MARTINSBURG,2020,TRUE,three_year_total,"2018,2019,2020",TRUE,TRUE,18,80,61,,11,33,39,,0,41.2,48.8,10.0,0.0,,,,,,79,61,221,,11,,,33,,21,11,,0,0,0,19,59,,,0,0,,,,0,,68,,10,0,39,18,18,,,28,15,12,16,,0,
25180,HAGERSTOWN-MARTINSBURG,2021,TRUE,three_year_total,"2019,2020,2021",TRUE,TRUE,11,101,77,,15,42,48,11,0,41.6,47.5,10.9,0.0,,,,,,101,86,268,,15,14,,40,11,17,14,12,0,0,,15,72,10,,0,0,,,13,0,,80,,13,0,51,29,16,,11,32,21,12,20,,0,0
25180,HAGERSTOWN-MARTINSBURG,2022,TRUE,three_year_total,"2020,2021,2022",TRUE,TRUE,8,125,99,11,15,53,57,15,0,42.4,45.6,12.0,0.0,,,,,,124,109,267,,22,19,,50,11,20,20,16,0,0,,16,86,,,0,0,,,25,0,11,90,0,24,0,61,33,21,10,18,39,23,17,23,,0,0
25180,HAGERSTOWN-MARTINSBURG,2023,TRUE,three_year_total,"2021,2022,2023",TRUE,TRUE,10,134,109,,16,59,64,11,0,44.0,47.8,8.2,0.0,,,,,,133,120,246,,26,24,,54,10,17,24,19,,0,,14,90,13,,0,0,,,24,0,18,93,0,23,0,65,31,28,10,19,43,25,22,17,,,0
25180,HAGERSTOWN-MARTINSBURG,2024,TRUE,three_year_total,"2022,2023,2024",TRUE,TRUE,11,126,103,,14,58,58,10,0,46.0,46.0,7.9,0.0,,,,,,125,104,207,,24,13,,49,,27,22,10,,0,0,22,76,14,,0,0,,,28,0,17,81,,26,0,58,21,34,13,17,39,25,20,17,,,0
25180,HAGERSTOWN-MARTINSBURG,2025,TRUE,three_year_total,"2023,2024,2025",TRUE,TRUE,12,129,107,,13,71,51,,0,55.0,39.5,5.4,0.0,,,,,,128,103,177,,21,11,19,40,,30,20,,15,0,0,27,81,17,,0,0,,,23,0,23,84,,20,0,60,18,39,12,11,41,25,21,19,,,
25220,HAMMOND,2018,TRUE,three_year_total,2018,TRUE,TRUE,16,,0,,,,,0,0,50.0,50.0,0.0,0.0,,,,,,,,12,0,0,0,0,,0,,0,0,0,0,0,,,0,0,0,0,0,0,0,0,0,,0,0,0,,0,,0,0,,0,,0,0,0,0
25220,HAMMOND,2019,TRUE,three_year_total,"2018,2019",TRUE,TRUE,22,,,,,,,0,0,42.9,57.1,0.0,0.0,,,,,,,,35,0,,0,0,,0,,,0,0,0,0,,,,0,0,0,0,0,0,0,0,,0,0,0,,0,,0,,,,,0,0,0,0
25220,HAMMOND,2020,TRUE,three_year_total,"2018,2019,2020",TRUE,TRUE,22,11,,,,,,0,0,36.4,63.6,0.0,0.0,,,,,,10,,53,,,0,0,,,,,0,0,0,0,,,,0,0,0,0,0,0,0,0,11,0,0,0,,,,0,,,,,0,0,0,0
25220,HAMMOND,2021,TRUE,three_year_total,"2019,2020,2021",TRUE,TRUE,21,17,12,0,,,,,0,47.1,47.1,5.9,0.0,,,,,,15,10,71,,,0,0,,,,,0,0,0,0,,10,,0,0,0,0,0,,0,0,16,0,,0,11,,,0,,,,,0,,0,0
25220,HAMMOND,2022,TRUE,three_year_total,"2020,2021,2022",TRUE,TRUE,19,20,15,0,,10,,,0,50.0,40.0,10.0,0.0,,,,,,18,10,91,,0,,0,,,10,0,0,0,0,0,10,11,,0,0,0,0,0,,0,0,18,,,0,10,,,0,,,,,0,,,0
25220,HAMMOND,2023,TRUE,three_year_total,"2021,2022,2023",TRUE,TRUE,21,27,23,0,,14,,,0,51.9,33.3,14.8,0.0,,,,,,26,17,98,,0,,0,,,11,0,,0,0,,11,17,,,0,0,0,0,,0,0,24,,,0,13,,,0,,11,,,0,,,0
25220,HAMMOND,2024,TRUE,three_year_total,"2022,2023,2024",TRUE,TRUE,27,31,24,,,16,11,,0,51.6,35.5,12.9,0.0,,,,,,30,24,85,,,,,,,10,,,,0,,,21,,,0,0,0,0,,0,,27,,,0,13,11,,,,11,,,0,,,0
25220,HAMMOND,2025,TRUE,three_year_total,"2023,2024,2025",TRUE,TRUE,27,32,20,,10,14,12,,0,43.8,37.5,18.8,0.0,,,,,,30,28,59,,,,,10,,,,,,0,,,19,,,0,0,0,0,,0,,25,,,0,14,10,,,,10,,,,,,0
25260,HANFORD-CORCORAN,2018,TRUE,three_year_total,2018,FALSE,FALSE,0,0,0,0,0,0,0,0,0,,,,,,,,,,0,0,13,0,0,0,0,0,0,0,0,0,0,0,0,0,0,0,0,0,0,0,0,0,0,0,0,0,0,0,0,0,0,0,0,0,0,0,0,0,0,0
25260,HANFORD-CORCORAN,2019,TRUE,three_year_total,"2018,2019",TRUE,TRUE,21,,,0,0,,,,0,20.0,60.0,20.0,0.0,,,,,,,,21,0,0,,0,,,0,0,,0,0,0,0,,0,0,0,0,0,0,,0,,,0,0,0,,,,,0,,0,0,0,,0,0
25260,HANFORD-CORCORAN,2020,TRUE,three_year_total,"2018,2019,2020",TRUE,TRUE,22,,,0,,,,,0,14.3,57.1,28.6,0.0,,,,,,,,26,0,0,,0,,,0,0,,0,0,0,0,,0,0,0,0,0,0,,0,,,0,0,0,,,,,0,,0,0,0,,0,0
25260,HANFORD-CORCORAN,2021,TRUE,three_year_total,"2019,2020,2021",TRUE,TRUE,26,15,13,,,,,,0,20.0,60.0,20.0,0.0,,,,,,15,15,25,0,0,,,,,,0,,0,0,0,0,11,,0,0,0,0,0,,0,,,0,,0,,,,,,,,,,,0,0
25260,HANFORD-CORCORAN,2022,TRUE,three_year_total,"2020,2021,2022",TRUE,TRUE,28,14,11,,,,,,0,28.6,57.1,14.3,0.0,,,,,,14,14,27,0,,,,,,,,,0,0,0,0,11,,0,0,0,0,0,,0,,,,,0,,,,,,,,,,0,0,0
25260,HANFORD-CORCORAN,2023,TRUE,three_year_total,"2021,2022,2023",TRUE,TRUE,28,14,11,,,,,,0,28.6,57.1,14.3,0.0,,,,,,14,14,29,0,,,,,,,,,0,0,0,0,10,,0,0,0,0,0,,0,,,,,0,,,,,,,,,,0,0,0
25260,HANFORD-CORCORAN,2024,TRUE,three_year_total,"2022,2023,2024",TRUE,TRUE,28,13,10,,,,,,0,38.5,53.8,7.7,0.0,,,,,,13,13,23,0,,,,,,0,,,,0,0,0,,0,0,0,0,0,,,0,,,,,0,,,,0,,,,,,0,0,0
25260,HANFORD-CORCORAN,2025,TRUE,three_year_total,"2023,2024,2025",TRUE,TRUE,27,10,,,,,,,0,30.0,60.0,10.0,0.0,,,,,,10,10,18,0,,,,,,0,,,,0,0,0,,0,0,0,0,0,,,0,,0,0,,0,,,,0,,,,,,0,0,0
25420,HARRISBURG-CARLISLE,2018,TRUE,single_year,2018,TRUE,TRUE,19,75,57,14,,38,33,,0,50.7,44.0,5.3,0.0,54000,38500,74500,135000,4.75,75,63,123,,15,,,25,,11,14,,,0,0,11,61,,,0,0,0,0,,0,,65,0,,0,36,21,13,,,26,19,,,,,0
25420,HARRISBURG-CARLISLE,2019,TRUE,single_year,2019,TRUE,TRUE,17,72,58,10,,36,30,,0,50.0,41.7,8.3,0.0,58000,46500,75500,145000,4.063,71,58,141,,,11,,23,,16,,10,,0,0,14,54,10,0,,0,0,0,,0,,59,,,0,39,15,14,,,29,15,12,,,0,0
25420,HARRISBURG-CARLISLE,2020,TRUE,single_year,2020,TRUE,TRUE,18,72,58,,,39,24,,0,54.2,33.3,12.5,0.0,57000,44000,77250,145000,3.375,72,62,163,,18,,,23,,13,18,,,0,0,10,58,,0,,0,0,0,,0,,61,0,,0,42,14,14,,,27,16,10,,,0,0
25420,HARRISBURG-CARLISLE,2021,TRUE,single_year,2021,TRUE,TRUE,17,80,65,,,43,31,,0,53.8,38.8,7.5,0.0,67000,48000,95500,155000,3.125,80,65,236,,14,11,,30,,19,14,10,,0,0,17,64,,,0,,0,0,,0,,67,0,,0,41,13,22,,13,27,15,10,,,,0
25420,HARRISBURG-CARLISLE,2022,TRUE,single_year,2022,TRUE,TRUE,18,67,46,15,,38,27,,0,56.7,40.3,3.0,0.0,64500,53250,87500,205000,5.25,66,58,186,,14,12,,21,,10,14,,,,,,49,10,,0,0,0,0,,0,,55,0,,0,32,12,18,,,31,,10,10,,0,0
25420,HARRISBURG-CARLISLE,2023,TRUE,single_year,2023,TRUE,TRUE,18,61,50,,,26,33,,0,42.6,54.1,3.3,0.0,62000,48000,82000,175000,6.5,59,57,145,,10,,,24,,,10,,,0,0,,38,10,,0,0,0,0,11,0,,41,0,11,0,29,13,12,,12,20,10,,,,0,
25420,HARRISBURG-CARLISLE,2024,TRUE,single_year,2024,TRUE,TRUE,13,79,60,17,,55,22,,0,69.6,27.8,2.5,0.0,70000,56000,105500,215000,6.625,78,73,138,,12,12,20,19,,,12,12,19,0,,,50,13,,0,0,0,,13,0,11,56,0,12,0,44,17,15,,14,32,10,12,,,,0
25420,HARRISBURG-CARLISLE,2025,TRUE,single_year,2025,TRUE,TRUE,24,52,41,,,33,16,,0,63.5,30.8,5.8,0.0,89000,66500,127500,235000,6.624,51,47,137,,,,20,,,,,,18,0,0,,28,,,0,0,0,,12,0,,34,0,,0,30,,11,,11,21,,,,,0,
25500,HARRISONBURG,2018,TRUE,three_year_total,2018,TRUE,TRUE,19,,,,0,,0,,0,66.7,0.0,33.3,0.0,,,,,,,,17,0,,0,0,,0,0,,0,0,0,0,0,,0,0,0,0,0,0,,0,0,,0,,0,,0,,,,0,0,0,0,,0,0
25500,HARRISONBURG,2019,TRUE,three_year_total,"2018,2019",TRUE,TRUE,30,,,,,,0,,0,85.7,0.0,14.3,0.0,,,,,,,,32,0,,,0,,,,,,0,0,,,,0,0,0,0,0,0,,0,,,0,,0,,0,,,,,,,0,,0,0
25500,HARRISONBURG,2020,TRUE,three_year_total,"2018,2019,2020",TRUE,TRUE,25,12,,,,11,0,,0,91.7,0.0,8.3,0.0,,,,,,12,11,42,0,,,0,,,,,,0,0,,,11,0,0,0,0,0,0,,0,,10,0,,0,,,,,,,,,0,,0,0
25500,HARRISONBURG,2021,TRUE,three_year_total,"2019,2020,2021",TRUE,TRUE,22,14,11,,,14,0,0,0,100.0,0.0,0.0,0.0,,,,,,14,12,43,0,,,0,0,,,,,0,0,,,13,0,0,0,0,0,0,,0,,10,0,,0,,,,,,,,,0,,0,0
25500,HARRISONBURG,2022,TRUE,three_year_total,"2020,2021,2022",TRUE,TRUE,21,16,15,0,,15,,0,0,93.8,6.2,0.0,0.0,,,,,,16,14,49,0,,,0,,0,,,,0,0,0,,13,0,0,0,0,0,0,,0,,10,0,,0,,,,,,,,,0,,0,0
25500,HARRISONBURG,2023,TRUE,three_year_total,"2021,2022,2023",TRUE,TRUE,24,13,12,0,,11,,,0,84.6,7.7,7.7,0.0,,,,,,13,11,61,0,,,0,,0,,,,0,0,0,,,0,,0,0,0,0,,0,,,0,,0,,,,,,,,,0,0,0,0
25500,HARRISONBURG,2024,TRUE,three_year_total,"2022,2023,2024",TRUE,TRUE,30,14,13,0,,,,,0,64.3,28.6,7.1,0.0,,,,,,14,12,54,0,,,,,,,,,,0,0,,,0,,0,0,0,,,0,,,0,,0,,,,,,,,,0,,0,0
25500,HARRISONBURG,2025,TRUE,three_year_total,"2023,2024,2025",TRUE,TRUE,32,10,,0,,,,,0,60.0,30.0,10.0,0.0,,,,,,10,,47,0,,,,,,,,,,0,0,,,0,,0,0,0,,,0,,,0,,0,,,,0,,,,,,,0,0
25540,HARTFORD-WEST HARTFORD-EAST HARTFORD,2018,TRUE,single_year,2018,FALSE,TRUE,8,573,384,171,18,160,401,12,0,27.9,70.0,2.1,0.0,62000,49000,78000,195000,4.5,572,550,215,29,64,50,61,296,82,20,62,36,34,,20,,308,174,25,,,,,58,0,140,374,,55,0,289,185,73,26,60,229,131,90,49,12,,0
25540,HARTFORD-WEST HARTFORD-EAST HARTFORD,2019,TRUE,single_year,2019,FALSE,TRUE,7,692,488,185,19,185,486,21,0,26.7,70.2,3.0,0.0,64000,51000,80000,205000,4,690,683,269,40,74,42,82,394,82,18,72,33,58,,11,,338,188,35,,,,,115,0,157,437,11,87,0,370,196,87,39,74,329,135,91,42,18,,0
25540,HARTFORD-WEST HARTFORD-EAST HARTFORD,2020,TRUE,single_year,2020,FALSE,TRUE,7,775,527,231,17,218,532,25,0,28.1,68.6,3.2,0.0,65000,53000,80000,235000,3.125,774,773,268,37,69,68,95,443,90,10,65,58,73,,17,,394,212,21,,,,,134,0,204,457,12,102,0,428,237,83,27,88,350,161,92,67,13,,0
25540,HARTFORD-WEST HARTFORD-EAST HARTFORD,2021,TRUE,single_year,2021,FALSE,TRUE,4,1012,705,283,24,231,742,39,0,22.8,73.3,3.9,0.0,67000,54000,83000,255000,2.875,1010,1008,433,28,117,90,91,597,103,14,111,63,35,0,18,,445,321,46,,,,12,173,0,273,571,19,149,0,512,331,118,51,108,421,238,144,75,26,0,0
25540,HARTFORD-WEST HARTFORD-EAST HARTFORD,2022,TRUE,single_year,2022,FALSE,TRUE,9,800,591,197,12,271,505,24,0,33.9,63.1,3.0,0.0,76000,62000,95000,275000,4.875,799,795,394,27,118,75,113,369,110,15,112,56,69,,26,,349,240,33,,,,,155,,225,440,12,122,,384,256,111,49,71,308,200,128,68,22,,0
25540,HARTFORD-WEST HARTFORD-EAST HARTFORD,2023,TRUE,single_year,2023,FALSE,TRUE,7,580,407,161,12,265,288,27,0,45.7,49.7,4.7,0.0,87000,74000,106000,295000,6.375,580,570,301,25,85,52,99,164,159,21,82,39,75,,58,10,250,183,18,10,,,,111,,171,322,,80,0,300,177,70,33,53,228,147,84,56,10,,0
25540,HARTFORD-WEST HARTFORD-EAST HARTFORD,2024,TRUE,single_year,2024,TRUE,TRUE,10,533,371,154,,299,223,11,0,56.1,41.8,2.1,0.0,99000,84000,121000,345000,6.5,533,532,282,21,68,53,146,146,113,,64,48,128,,53,,225,163,20,,,,,111,0,143,301,10,79,0,264,159,80,30,42,208,140,83,50,,,0
25540,HARTFORD-WEST HARTFORD-EAST HARTFORD,2025,TRUE,single_year,2025,FALSE,TRUE,6,462,317,127,18,282,158,22,0,61.0,34.2,4.8,0.0,102000,87000,124000,365000,6.5,460,449,326,10,69,67,115,89,98,24,64,57,99,,44,13,192,151,16,,,,,90,0,113,271,10,68,0,235,132,72,23,43,172,131,59,41,13,,0
25620,HATTIESBURG,2018,TRUE,three_year_total,2018,TRUE,TRUE,20,,,0,,,,0,0,75.0,25.0,0.0,0.0,,,,,,,,27,0,,,0,,0,0,,,0,0,0,0,,,0,0,0,0,0,0,0,0,,0,0,0,,,,0,0,,0,,0,0,0,0
25620,HATTIESBURG,2019,TRUE,three_year_total,"2018,2019",TRUE,TRUE,19,14,13,0,,10,,0,0,71.4,28.6,0.0,0.0,,,,,,14,13,52,0,,,,,0,,,,,0,0,,10,,0,0,0,0,0,0,0,0,14,0,0,0,,,,,0,,0,,0,,0,0
25620,HATTIESBURG,2020,TRUE,three_year_total,"2018,2019,2020",TRUE,TRUE,19,19,16,,,15,,0,0,78.9,21.1,0.0,0.0,,,,,,19,17,73,0,10,,,,0,,10,,,0,0,,13,,0,0,0,0,,0,0,0,19,0,0,0,,,,,0,,0,,0,,0,0
25620,HATTIESBURG,2021,TRUE,three_year_total,"2019,2020,2021",TRUE,TRUE,22,24,22,,0,21,,0,0,87.5,12.5,0.0,0.0,,,,,,24,20,86,0,13,,,,,,13,,,0,,,19,,0,0,0,0,,,0,0,23,0,,0,,,15,,0,,,11,,,0,0
25620,HATTIESBURG,2022,TRUE,three_year_total,"2020,2021,2022",TRUE,TRUE,20,21,18,,0,21,0,0,0,100.0,0.0,0.0,0.0,,,,,,21,17,103,0,12,,0,0,,,12,,0,0,,,16,,,0,0,0,,,0,0,20,0,,0,,0,19,,0,,,,,,,0
25620,HATTIESBURG,2023,TRUE,three_year_total,"2021,2022,2023",TRUE,TRUE,24,21,19,,,18,,,0,85.7,9.5,4.8,0.0,,,,,,21,17,112,0,10,,0,,,,10,,0,0,,,15,,,0,0,0,0,,0,0,17,,,0,,0,17,,0,,,,,,,0
25620,HATTIESBURG,2024,TRUE,three_year_total,"2022,2023,2024",TRUE,TRUE,29,18,14,,,12,,,0,66.7,22.2,11.1,0.0,,,,,,18,16,97,0,,,,,,,,,,0,,,11,,,0,0,0,0,,0,,14,,,0,,0,11,0,,,,,,,,0
25620,HATTIESBURG,2025,TRUE,three_year_total,"2023,2024,2025",TRUE,TRUE,27,21,16,0,,12,,,0,57.1,28.6,14.3,0.0,,,,,,21,20,80,0,,,,,,,,,,0,0,,14,,0,0,0,0,0,,0,,15,,,0,14,,,0,,,,,,,,0
25740,HELENA,2024,TRUE,three_year_total,2024,TRUE,TRUE,25,15,12,,,,,,0,53.3,20.0,26.7,0.0,,,,,,15,15,13,,,,0,,,,,,0,0,0,0,14,0,0,0,0,0,0,,0,0,12,,,0,,,,0,,,,,,0,,0
25740,HELENA,2025,TRUE,three_year_total,"2024,2025",TRUE,TRUE,23,40,32,,,28,,,0,70.0,12.5,17.5,0.0,,,,,,40,39,32,,16,,,,,,16,,,0,0,,37,0,0,0,0,0,0,,0,,33,,,0,16,13,10,,,13,10,,,,,0
25860,HICKORY-LENOIR-MORGANTON,2018,TRUE,three_year_total,2018,TRUE,TRUE,22,10,,,0,,,0,0,60.0,40.0,0.0,0.0,,,,,,10,,38,0,,0,0,,,,,0,0,0,0,,,,0,0,0,0,0,0,0,,,0,0,0,,,0,0,,,0,,,,0,0
25860,HICKORY-LENOIR-MORGANTON,2019,TRUE,three_year_total,"2018,2019",TRUE,TRUE,28,20,18,,,12,,,0,60.0,35.0,5.0,0.0,,,,,,20,19,78,0,,,,,,,,,,0,0,,17,,,0,0,0,0,,0,,15,,,0,13,,,0,,,,,,,0,0
25860,HICKORY-LENOIR-MORGANTON,2020,TRUE,three_year_total,"2018,2019,2020",TRUE,TRUE,29,32,28,,,19,12,,0,59.4,37.5,3.1,0.0,,,,,,32,31,110,,,,,,,,,,,0,0,,24,,,0,0,0,0,,0,,26,,,0,18,,,,,14,,,,,,0
25860,HICKORY-LENOIR-MORGANTON,2021,TRUE,three_year_total,"2019,2020,2021",TRUE,TRUE,26,39,34,,,23,14,,0,59.0,35.9,5.1,0.0,,,,,,38,38,144,,,10,,10,,,,,,0,0,,28,,,0,0,0,0,,0,,30,,,0,24,,12,,,19,,,,,,0
25860,HICKORY-LENOIR-MORGANTON,2022,TRUE,three_year_total,"2020,2021,2022",TRUE,TRUE,26,43,36,,,25,17,,0,58.1,39.5,2.3,0.0,,,,,,42,42,153,,,,,13,,,,,,0,0,,33,,,0,0,0,0,,0,,35,0,,0,25,,14,,,20,,,,,,0
25860,HICKORY-LENOIR-MORGANTON,2023,TRUE,three_year_total,"2021,2022,2023",TRUE,TRUE,29,39,33,,,23,15,,0,59.0,38.5,2.6,0.0,,,,,,37,38,158,,,,,11,,,,,,0,0,,29,,,0,0,0,,,0,,28,,,0,21,,13,,,17,,,,,,
25860,HICKORY-LENOIR-MORGANTON,2024,TRUE,three_year_total,"2022,2023,2024",TRUE,TRUE,27,41,36,,,25,16,0,0,61.0,39.0,0.0,0.0,,,,,,39,39,126,,,,,12,,10,,,,0,0,10,31,,,,0,0,,,0,,27,,,0,17,,14,,,16,,,,,,
25860,HICKORY-LENOIR-MORGANTON,2025,TRUE,three_year_total,"2023,2024,2025",TRUE,TRUE,27,46,43,,,32,12,,0,69.6,26.1,4.3,0.0,,,,,,43,42,136,,,,,,,15,,,,0,0,15,35,,,,0,0,,,0,,31,,,0,14,13,17,,,16,,10,,,,
25940,HILTON HEAD ISLAND-BLUFFTON-PORT ROYAL,2018,TRUE,three_year_total,2018,TRUE,TRUE,20,,,,0,,0,0,0,100.0,0.0,0.0,0.0,,,,,,,,,0,,0,0,0,0,,,0,0,0,0,,,0,0,0,0,0,0,0,0,0,,0,0,0,,,,0,0,0,,,,0,,0
25940,HILTON HEAD ISLAND-BLUFFTON-PORT ROYAL,2019,TRUE,three_year_total,"2018,2019",TRUE,TRUE,24,,,,0,,0,0,0,100.0,0.0,0.0,0.0,,,,,,,,,0,,0,0,0,0,,,0,0,0,0,,,0,0,0,0,0,0,,0,0,,0,,0,,,,,0,0,,,,,,0
25940,HILTON HEAD ISLAND-BLUFFTON-PORT ROYAL,2020,TRUE,three_year_total,"2018,2019,2020",TRUE,TRUE,20,10,,,0,10,0,0,0,100.0,0.0,0.0,0.0,,,,,,10,,19,0,,0,0,0,0,,,0,0,0,0,,,0,0,0,0,0,0,,0,0,,0,,0,,,,,0,0,,,,,,0
25940,HILTON HEAD ISLAND-BLUFFTON-PORT ROYAL,2021,TRUE,three_year_total,"2019,2020,2021",TRUE,TRUE,25,,,0,0,,0,,0,77.8,0.0,22.2,0.0,,,,,,,,28,0,,0,0,0,,,,0,0,0,0,,,0,0,0,0,0,0,,0,,,0,,0,,,,,,,,,0,,0,0
25940,HILTON HEAD ISLAND-BLUFFTON-PORT ROYAL,2022,TRUE,three_year_total,"2020,2021,2022",TRUE,TRUE,24,10,10,0,0,,0,,0,80.0,0.0,20.0,0.0,,,,,,10,,29,0,,,0,0,,,,,0,0,0,,,0,0,0,0,0,0,,0,,,0,,0,,,,0,,,,,,,0,0
25940,HILTON HEAD ISLAND-BLUFFTON-PORT ROYAL,2023,TRUE,three_year_total,"2021,2022,2023",TRUE,TRUE,24,13,13,0,0,11,0,,0,84.6,0.0,15.4,0.0,,,,,,13,13,25,0,,,0,0,,,,,0,0,0,,10,,0,0,0,0,0,,0,,,0,,0,,,,,,,,,,,,0
25940,HILTON HEAD ISLAND-BLUFFTON-PORT ROYAL,2024,TRUE,three_year_total,"2022,2023,2024",TRUE,TRUE,22,16,14,,0,16,0,0,0,100.0,0.0,0.0,0.0,,,,,,16,14,24,0,,,0,0,0,,,,0,0,0,,12,,,0,0,0,0,,0,0,14,0,,0,,,,,,,,,,,,0
25940,HILTON HEAD ISLAND-BLUFFTON-PORT ROYAL,2025,TRUE,three_year_total,"2023,2024,2025",TRUE,TRUE,18,21,19,,0,20,0,,0,95.2,0.0,4.8,0.0,,,,,,21,16,22,0,10,0,0,0,,10,10,0,0,0,0,10,14,,,0,0,0,0,,0,,16,0,,0,,,,,0,,,,,,,0
25980,HINESVILLE,2018,TRUE,three_year_total,2018,TRUE,TRUE,12,,,0,0,,0,0,0,100.0,0.0,0.0,0.0,,,,,,,,,0,,0,0,0,0,0,,0,0,0,0,0,,0,0,0,0,0,0,0,0,,0,0,0,0,0,0,,0,0,0,0,,0,0,0,0
25980,HINESVILLE,2019,TRUE,three_year_total,"2018,2019",TRUE,TRUE,11,,,0,0,,0,0,0,100.0,0.0,0.0,0.0,,,,,,,,18,0,,0,0,0,0,0,,0,0,0,0,0,,0,0,0,0,0,0,0,0,,0,0,0,0,0,0,,0,0,0,0,,0,0,0,0
25980,HINESVILLE,2020,TRUE,three_year_total,"2018,2019,2020",TRUE,TRUE,14,,,0,0,,0,0,0,100.0,0.0,0.0,0.0,,,,,,,,27,0,,0,0,0,0,,,0,0,0,0,,,0,0,0,0,0,0,0,0,,0,0,0,0,0,0,,0,,0,0,,0,0,0,0
25980,HINESVILLE,2021,TRUE,three_year_total,"2019,2020,2021",TRUE,TRUE,21,,,0,0,,,,0,33.3,33.3,33.3,0.0,,,,,,,,37,0,0,0,,0,,,0,0,0,0,0,,,0,0,0,0,0,0,,0,,,0,,0,0,0,,,,0,0,,,0,0,0
25980,HINESVILLE,2022,TRUE,three_year_total,"2020,2021,2022",TRUE,TRUE,22,,,0,0,,,,0,25.0,25.0,50.0,0.0,,,,,,,,50,0,0,0,,0,,,0,0,0,0,0,,,0,0,0,0,0,0,,0,,,0,,0,0,,,,,0,0,,,0,0,0
25980,HINESVILLE,2023,TRUE,three_year_total,"2021,2022,2023",TRUE,TRUE,21,,,0,,0,,,0,0.0,20.0,80.0,0.0,,,,,,,,50,0,0,0,,0,,0,0,0,0,0,0,0,,,0,0,0,0,0,,0,0,,0,,0,,,,,0,,0,,,0,0,0
25980,HINESVILLE,2024,TRUE,three_year_total,"2022,2023,2024",TRUE,TRUE,23,,,0,,0,,,0,0.0,25.0,75.0,0.0,,,,,,,,44,0,0,0,,,,0,0,0,0,0,0,0,,,0,0,0,0,0,,0,0,,0,,0,,,,,0,,,,,0,0,0
25980,HINESVILLE,2025,TRUE,three_year_total,"2023,2024,2025",TRUE,TRUE,25,,,0,,0,,,0,0.0,40.0,60.0,0.0,,,,,,,,36,0,0,,,,,,0,0,0,0,0,0,,,0,0,0,0,0,,0,0,,0,,0,,0,,,0,,,,,0,,0
26140,HOMOSASSA SPRINGS,2018,TRUE,three_year_total,2018,TRUE,TRUE,11,11,11,0,0,10,0,,0,90.9,0.0,9.1,0.0,,,,,,11,11,15,0,10,0,0,0,,0,10,0,0,0,0,0,11,0,0,0,0,0,0,0,0,,10,0,0,0,,,,0,,,0,,0,,,0
26140,HOMOSASSA SPRINGS,2019,TRUE,three_year_total,"2018,2019",TRUE,TRUE,19,32,30,,,29,,,0,90.6,3.1,6.2,0.0,,,,,,32,32,30,0,28,0,0,,,,28,0,0,0,0,,31,0,,0,0,0,0,0,0,,30,,0,0,,,19,0,,,0,,,,,0
26140,HOMOSASSA SPRINGS,2020,TRUE,three_year_total,"2018,2019,2020",TRUE,TRUE,22,50,46,,,43,,,0,86.0,10.0,4.0,0.0,,,,,,49,50,51,0,42,,,,,,41,,0,0,0,,47,,,0,0,0,0,,0,,46,,,0,13,,30,0,,,,,12,11,10,0
26140,HOMOSASSA SPRINGS,2021,TRUE,three_year_total,"2019,2020,2021",TRUE,TRUE,21,56,52,,,47,,,0,83.9,12.5,3.6,0.0,,,,,,55,56,77,0,45,,,,,,44,,0,0,0,,53,,,0,0,0,0,,0,,52,,,0,15,11,30,0,0,,,,15,12,,0
26140,HOMOSASSA SPRINGS,2022,TRUE,three_year_total,"2020,2021,2022",TRUE,TRUE,16,55,52,,,47,,,0,85.5,12.7,1.8,0.0,,,,,,54,55,91,0,45,,,,0,,44,,0,0,0,0,51,,0,0,0,0,0,,0,,50,0,,0,12,13,30,0,0,,14,,12,13,,0
26140,HOMOSASSA SPRINGS,2023,TRUE,three_year_total,"2021,2022,2023",TRUE,TRUE,19,64,62,,,55,,,0,85.9,9.4,4.7,0.0,,,,,,64,64,80,0,53,,,,,,53,,0,0,0,0,58,0,,0,0,0,,,0,,54,,,0,12,15,35,,,,11,11,10,17,10,0
26140,HOMOSASSA SPRINGS,2024,TRUE,three_year_total,"2022,2023,2024",TRUE,TRUE,20,68,63,,,58,,,0,85.3,8.8,5.9,0.0,,,,,,68,52,49,0,40,,,,,17,40,,,0,0,16,60,,,0,0,0,,,0,,57,,,0,12,14,39,,,,13,11,11,15,10,0
26140,HOMOSASSA SPRINGS,2025,TRUE,three_year_total,"2023,2024,2025",TRUE,TRUE,17,78,73,,,67,,,0,85.9,7.7,6.4,0.0,,,,,,78,38,39,0,24,0,,,,42,24,0,,0,0,41,69,,,0,0,0,,,0,,66,,,0,16,12,47,,,12,11,13,15,13,13,0
26300,HOT SPRINGS,2018,TRUE,three_year_total,2018,TRUE,TRUE,19,,,0,0,,0,0,0,100.0,0.0,0.0,0.0,,,,,,,,46,0,0,0,0,0,,,0,0,0,0,,,,0,0,0,0,0,0,,0,0,,0,,0,0,,,,0,0,0,,,,0,0
26300,HOT SPRINGS,2019,TRUE,three_year_total,"2018,2019",TRUE,TRUE,25,14,13,,0,13,,0,0,92.9,7.1,0.0,0.0,,,,,,13,,89,,,0,0,,,,,0,0,0,,,12,0,0,0,0,0,0,,0,0,10,,,0,,,,,0,,,,,,,
26300,HOT SPRINGS,2020,TRUE,three_year_total,"2018,2019,2020",TRUE,TRUE,25,22,20,,0,18,,,0,81.8,13.6,4.5,0.0,,,,,,20,13,124,,,,0,,,11,,,0,0,,10,19,0,0,0,0,0,0,,0,0,17,,,0,,,,,0,,,,,,,
26300,HOT SPRINGS,2021,TRUE,three_year_total,"2019,2020,2021",TRUE,TRUE,25,20,17,,0,16,,,0,80.0,15.0,5.0,0.0,,,,,,18,14,125,,,,0,,0,,,,0,0,0,,18,0,0,0,0,0,0,,0,0,15,,,0,,,,,0,,,,,,,
26300,HOT SPRINGS,2022,TRUE,three_year_total,"2020,2021,2022",TRUE,TRUE,25,15,13,,0,11,,,0,73.3,20.0,6.7,0.0,,,,,,14,10,126,,,,,,0,,,,0,0,0,,13,0,0,0,0,0,0,,0,0,12,,,0,,,,,0,,,,,,0,
26300,HOT SPRINGS,2023,TRUE,three_year_total,"2021,2022,2023",TRUE,TRUE,25,15,14,,0,10,,,0,66.7,26.7,6.7,0.0,,,,,,15,11,124,0,,,,,,,,,0,0,0,,13,0,0,0,0,0,0,,0,0,12,,,0,,,,,,,,,,,0,0
26300,HOT SPRINGS,2024,TRUE,three_year_total,"2022,2023,2024",TRUE,TRUE,27,25,23,,,18,,,0,72.0,20.0,8.0,0.0,,,,,,24,19,108,,,,,,,,,,0,0,0,,20,0,0,0,0,0,0,,0,0,19,0,,0,,,10,,,,,,,,,
26300,HOT SPRINGS,2025,TRUE,three_year_total,"2023,2024,2025",TRUE,TRUE,29,31,28,,,23,,,0,74.2,19.4,6.5,0.0,,,,,,30,24,95,,,,,,,11,,,,0,,10,25,,0,0,0,0,0,,0,0,24,,,0,,,13,,,,,,,,,
26380,HOUMA-BAYOU CANE-THIBODAUX,2018,TRUE,three_year_total,2018,TRUE,TRUE,25,,,,0,,,,0,57.1,14.3,28.6,0.0,,,,,,,,15,0,,0,,,0,,,0,0,0,0,,,0,0,0,0,0,,0,0,0,,0,,0,,0,,0,,,,,,0,0,0
26380,HOUMA-BAYOU CANE-THIBODAUX,2019,TRUE,three_year_total,"2018,2019",TRUE,TRUE,23,15,12,,0,,,,0,53.3,20.0,26.7,0.0,,,,,,15,10,42,0,,0,,,,,,0,0,0,0,,11,,0,0,0,0,,0,0,0,13,0,,0,,,,0,,,,,,,0,0
26380,HOUMA-BAYOU CANE-THIBODAUX,2020,TRUE,three_year_total,"2018,2019,2020",TRUE,TRUE,23,20,16,,,11,,,0,55.0,25.0,20.0,0.0,,,,,,20,13,76,0,,0,,,,,,0,0,0,0,,15,,0,0,0,0,,0,0,0,18,0,,0,,,,0,,,,,,,0,0
26380,HOUMA-BAYOU CANE-THIBODAUX,2021,TRUE,three_year_total,"2019,2020,2021",TRUE,TRUE,24,21,16,,,11,,,0,52.4,38.1,9.5,0.0,,,,,,21,15,88,0,,0,0,,,,,0,0,0,0,,14,,0,0,0,0,,,0,0,18,,,0,10,,,,,,,,,,0,0
26380,HOUMA-BAYOU CANE-THIBODAUX,2022,TRUE,three_year_total,"2020,2021,2022",TRUE,TRUE,19,22,13,,,15,,0,0,68.2,31.8,0.0,0.0,,,,,,22,11,87,0,,0,0,,0,11,,0,0,0,0,11,16,,,0,0,0,0,,0,0,18,,,0,12,,,,,,,,0,,0,0
26380,HOUMA-BAYOU CANE-THIBODAUX,2023,TRUE,three_year_total,"2021,2022,2023",TRUE,TRUE,20,20,12,,,15,,0,0,75.0,25.0,0.0,0.0,,,,,,20,,91,0,,0,0,,0,12,,0,0,0,0,12,15,,,0,0,0,0,,0,0,16,,,0,13,0,,,,,,,,,0,0
26380,HOUMA-BAYOU CANE-THIBODAUX,2024,TRUE,three_year_total,"2022,2023,2024",TRUE,TRUE,22,22,15,,,16,,,0,72.7,18.2,9.1,0.0,,,,,,22,,99,0,,,0,,,13,,,0,0,0,13,19,,,0,0,0,0,0,0,0,21,,0,0,11,,,0,,,,,,,0,0
26380,HOUMA-BAYOU CANE-THIBODAUX,2025,TRUE,three_year_total,"2023,2024,2025",TRUE,TRUE,24,16,14,,,10,,,0,62.5,25.0,12.5,0.0,,,,,,16,,100,0,,,0,,,,,,0,0,0,,14,,0,0,0,0,,0,0,0,16,0,0,0,,,,0,,,,,,,0,0
26420,HOUSTON-PASADENA-THE WOODLANDS,2018,TRUE,single_year,2018,TRUE,TRUE,11,113,71,21,21,67,40,,0,59.3,35.4,5.3,0.0,102000,69000,147000,255000,4.875,113,105,223,,33,12,13,26,11,18,33,11,,0,,14,69,21,,0,0,0,0,15,0,19,73,,18,0,56,19,32,,,49,26,20,,,,0
26420,HOUSTON-PASADENA-THE WOODLANDS,2019,TRUE,single_year,2019,TRUE,TRUE,11,124,87,19,18,73,45,,0,58.9,36.3,4.8,0.0,95000,68250,157500,245000,4.375,122,110,299,,35,15,14,30,14,16,35,12,,,,16,80,19,,0,0,0,,18,0,34,72,,14,0,59,24,33,,,42,39,18,19,,0,0
26420,HOUSTON-PASADENA-THE WOODLANDS,2020,TRUE,single_year,2020,TRUE,TRUE,11,145,109,17,19,80,55,10,0,55.2,37.9,6.9,0.0,108000,76000,147000,275000,3.25,145,134,262,,43,16,11,40,20,15,43,14,,0,,14,74,35,,0,0,,,25,0,27,88,,26,0,68,30,38,,,59,47,14,13,,,0
26420,HOUSTON-PASADENA-THE WOODLANDS,2021,TRUE,single_year,2021,FALSE,TRUE,10,233,154,38,41,119,92,22,0,51.1,39.5,9.4,0.0,103000,70000,138000,315000,3,229,227,412,12,76,33,13,66,33,12,75,26,,,,,100,56,13,,0,,,56,0,44,136,,50,0,117,59,33,24,19,98,68,18,17,11,,
26420,HOUSTON-PASADENA-THE WOODLANDS,2022,TRUE,single_year,2022,TRUE,TRUE,9,277,226,31,20,112,134,31,0,40.4,48.4,11.2,0.0,117000,84000,159000,365000,4.875,277,261,487,,50,42,14,105,37,29,50,34,,,,19,100,99,13,,0,,,58,0,51,158,11,57,0,127,71,51,28,28,125,64,32,24,,,0
26420,HOUSTON-PASADENA-THE WOODLANDS,2023,TRUE,single_year,2023,TRUE,TRUE,9,322,272,20,30,117,165,40,0,36.3,51.2,12.4,0.0,129000,97000,177250,375000,6.531,320,312,282,,49,42,20,133,55,23,48,33,,,12,14,104,125,16,,,,,67,0,61,203,,53,0,145,86,62,29,29,157,84,35,12,,0,0
26420,HOUSTON-PASADENA-THE WOODLANDS,2024,TRUE,single_year,2024,TRUE,TRUE,6,420,357,29,34,192,180,48,0,45.7,42.9,11.4,0.0,135000,102500,178000,415000,6.625,419,410,289,,42,29,116,144,62,27,42,25,102,,,19,146,154,21,,0,,,84,0,97,246,11,66,0,199,121,74,26,36,182,123,42,24,13,0,0
26420,HOUSTON-PASADENA-THE WOODLANDS,2025,TRUE,single_year,2025,TRUE,TRUE,6,502,428,40,34,197,222,83,0,39.2,44.2,16.5,0.0,131000,99000,176500,425000,6.375,499,493,320,,58,38,103,147,128,28,53,30,87,,12,13,161,211,14,,0,,,99,0,122,280,18,82,0,229,146,88,39,54,198,146,58,30,11,,0
26580,HUNTINGTON-ASHLAND,2018,TRUE,three_year_total,2018,TRUE,TRUE,24,13,11,,,,,0,0,61.5,38.5,0.0,0.0,,,,,,13,11,53,0,,,0,,,,,,0,0,,,12,0,0,0,0,0,0,,0,0,11,0,,0,,,,,,,,,,0,0,0
26580,HUNTINGTON-ASHLAND,2019,TRUE,three_year_total,"2018,2019",TRUE,TRUE,25,29,25,,,18,10,,0,62.1,34.5,3.4,0.0,,,,,,29,24,103,0,,,,,,,,,,0,,,25,,0,0,0,0,,,0,0,27,0,,0,15,,,,,13,,,,0,0,0
26580,HUNTINGTON-ASHLAND,2020,TRUE,three_year_total,"2018,2019,2020",TRUE,TRUE,19,47,41,,,28,18,,0,59.6,38.3,2.1,0.0,,,,,,46,39,152,0,10,,,13,,11,10,,,0,,11,41,,0,0,0,0,,,0,0,43,0,,0,24,,14,,,17,14,,,,0,0
26580,HUNTINGTON-ASHLAND,2021,TRUE,three_year_total,"2019,2020,2021",TRUE,TRUE,19,53,46,,,34,18,,0,64.2,34.0,1.9,0.0,,,,,,52,44,175,0,11,,,11,,17,10,,,0,,17,46,,0,0,0,0,,,0,0,46,0,,0,27,,17,,,19,18,,,,0,0
26580,HUNTINGTON-ASHLAND,2022,TRUE,three_year_total,"2020,2021,2022",TRUE,TRUE,18,58,50,,,37,20,,0,63.8,34.5,1.7,0.0,,,,,,57,47,202,,12,,,14,,21,10,,,0,,21,52,,0,0,0,0,0,,0,0,49,0,,0,28,,19,,,17,16,11,,,0,0
26580,HUNTINGTON-ASHLAND,2023,TRUE,three_year_total,"2021,2022,2023",TRUE,TRUE,15,59,50,,,38,20,,0,64.4,33.9,1.7,0.0,,,,,,59,48,213,,13,,,14,,18,11,,,0,,18,52,0,0,0,0,0,0,,0,,48,0,10,0,25,11,19,,,21,15,12,,0,0,0
26580,HUNTINGTON-ASHLAND,2024,TRUE,three_year_total,"2022,2023,2024",TRUE,TRUE,18,60,50,,,40,18,,0,66.7,30.0,3.3,0.0,,,,,,60,47,192,,10,,,13,,20,,,,0,,20,55,0,0,0,0,0,0,,0,,51,0,,0,21,15,21,,,18,12,13,,,0,0
26580,HUNTINGTON-ASHLAND,2025,TRUE,three_year_total,"2023,2024,2025",TRUE,TRUE,20,58,48,,,40,16,,0,69.0,27.6,3.4,0.0,,,,,,58,46,190,0,,,,,,23,,,,0,,21,53,,0,0,0,0,,,0,,50,0,,0,22,12,22,,10,18,10,11,,,0,0
26620,HUNTSVILLE,2018,TRUE,three_year_total,2018,TRUE,TRUE,30,14,,0,,,,,0,35.7,14.3,50.0,0.0,,,,,,14,14,58,,,,,,,,,,0,0,0,,,,0,0,0,0,0,,0,,11,,,0,,,,,,,,,0,,0,0
26620,HUNTSVILLE,2019,TRUE,three_year_total,"2018,2019",TRUE,TRUE,26,23,14,0,,10,,,0,43.5,21.7,34.8,0.0,,,,,,22,22,127,,,,,,,,,,0,0,0,,16,,0,0,0,0,0,,0,,17,,,0,13,,,,,,,,0,,0,0
26620,HUNTSVILLE,2020,TRUE,three_year_total,"2018,2019,2020",TRUE,TRUE,22,35,21,,13,16,,10,0,45.7,25.7,28.6,0.0,,,,,,33,33,213,,10,,,,10,,10,,0,0,0,,22,,0,0,0,0,0,,0,,26,,,0,19,,,,,10,,10,,,0,
26620,HUNTSVILLE,2021,TRUE,three_year_total,"2019,2020,2021",TRUE,TRUE,26,33,25,,,19,,,0,57.6,24.2,18.2,0.0,,,,,,31,30,244,,13,,,,,,13,,,0,0,,22,,0,0,0,0,0,,0,,25,0,,0,17,10,,,,,,,,,0,
26620,HUNTSVILLE,2022,TRUE,three_year_total,"2020,2021,2022",TRUE,TRUE,28,36,27,,,19,,,0,52.8,25.0,22.2,0.0,,,,,,35,30,248,,10,,,,,,10,,,0,0,,24,,0,0,0,0,0,,0,,29,,,0,18,,,,,,,,,,0,
26620,HUNTSVILLE,2023,TRUE,three_year_total,"2021,2022,2023",TRUE,TRUE,20,43,32,,10,23,13,,0,53.5,30.2,16.3,0.0,,,,,,43,34,210,0,12,,,10,,11,11,,,0,0,,28,,,0,0,0,0,,0,,33,,,0,18,11,10,,,,10,,,,0,0
26620,HUNTSVILLE,2024,TRUE,three_year_total,"2022,2023,2024",TRUE,TRUE,21,48,33,,13,26,14,,0,54.2,29.2,16.7,0.0,,,,,,48,39,154,0,,,,11,,14,,,,0,,12,27,11,,0,0,0,,,0,,35,,,0,17,13,14,,,15,11,10,,,,0
26620,HUNTSVILLE,2025,TRUE,three_year_total,"2023,2024,2025",TRUE,TRUE,18,55,33,,17,32,14,,0,58.2,25.5,16.4,0.0,,,,,,53,49,133,,10,,10,12,,12,,,,0,,11,26,14,,0,0,0,,12,0,,37,0,11,0,21,14,12,,,18,11,12,,,,
26820,IDAHO FALLS,2018,TRUE,three_year_total,2018,TRUE,TRUE,17,11,,,,,,0,0,45.5,54.5,0.0,0.0,,,,,,11,11,32,0,,0,0,,0,0,,0,0,,0,0,11,0,0,0,0,0,0,0,0,,10,0,0,0,,,,0,,,,,0,0,0,0
26820,IDAHO FALLS,2019,TRUE,three_year_total,"2018,2019",TRUE,TRUE,19,19,14,,,,,,0,42.1,47.4,10.5,0.0,,,,,,19,19,94,0,,,0,10,,0,,,0,,0,0,18,0,0,0,0,0,0,,0,,17,0,0,0,10,,,0,,,,,0,0,0,0
26820,IDAHO FALLS,2020,TRUE,three_year_total,"2018,2019,2020",TRUE,TRUE,18,31,23,,,13,16,,0,41.9,51.6,6.5,0.0,,,,,,31,31,148,0,,,,14,,0,,,0,,0,0,29,0,0,0,0,0,0,,0,,28,0,,0,17,,10,0,,15,,,,0,0,0
26820,IDAHO FALLS,2021,TRUE,three_year_total,"2019,2020,2021",TRUE,TRUE,20,36,24,,,16,18,,0,44.4,50.0,5.6,0.0,,,,,,36,35,168,0,,10,,14,,,,,0,0,0,,32,0,0,0,0,0,,,0,,32,0,,0,20,,13,,,20,,,,0,0,0
26820,IDAHO FALLS,2022,TRUE,three_year_total,"2020,2021,2022",TRUE,TRUE,19,42,25,,13,18,24,0,0,42.9,57.1,0.0,0.0,,,,,,42,41,142,0,,11,,16,,,,,0,0,0,,38,0,0,0,0,0,,,0,,37,0,,0,22,,16,,,23,,,,,0,0
26820,IDAHO FALLS,2023,TRUE,three_year_total,"2021,2022,2023",TRUE,TRUE,20,42,21,,17,19,23,0,0,45.2,54.8,0.0,0.0,,,,,,42,41,106,0,,12,,14,0,,,,,0,0,,37,0,0,0,0,0,,,0,,35,,,0,19,,21,,,22,,,,,0,0
26820,IDAHO FALLS,2024,TRUE,three_year_total,"2022,2023,2024",TRUE,TRUE,14,41,14,,21,21,20,0,0,51.2,48.8,0.0,0.0,,,,,,41,41,80,0,,11,13,10,0,0,,,,0,0,0,34,0,0,0,0,0,,,0,,31,,,0,20,,20,0,11,17,,,0,,0,0
26820,IDAHO FALLS,2025,TRUE,three_year_total,"2023,2024,2025",TRUE,TRUE,15,40,15,,21,26,14,0,0,65.0,35.0,0.0,0.0,,,,,,40,40,76,0,,10,16,,,0,,,14,0,0,0,33,0,0,0,0,0,,,0,,31,,,0,22,,17,0,14,15,,,0,,0,0
26900,INDIANAPOLIS-CARMEL-GREENWOOD,2018,TRUE,single_year,2018,TRUE,TRUE,15,155,143,,,91,57,,0,58.7,36.8,4.5,0.0,62500,47000,103500,155000,4.75,154,153,301,,70,14,,46,15,,69,14,,0,0,,127,12,,0,0,0,,11,0,,141,,,0,72,30,50,,16,53,33,20,16,12,,0
26900,INDIANAPOLIS-CARMEL-GREENWOOD,2019,TRUE,single_year,2019,TRUE,TRUE,14,163,154,,,98,56,,0,60.1,34.4,5.5,0.0,67000,47500,112000,175000,4.25,163,160,358,,67,19,14,41,17,,65,19,,0,,,124,21,,0,0,0,,12,0,,145,,10,0,74,31,51,,21,53,30,23,21,13,,0
26900,INDIANAPOLIS-CARMEL-GREENWOOD,2020,TRUE,single_year,2020,TRUE,TRUE,12,174,165,,,91,75,,0,52.3,43.1,4.6,0.0,67000,45000,105000,175000,3.25,174,163,376,0,48,23,15,62,15,11,48,18,10,0,,11,140,19,,,0,0,,10,0,,153,,11,0,86,40,43,,24,82,25,15,18,,,0
26900,INDIANAPOLIS-CARMEL-GREENWOOD,2021,TRUE,single_year,2021,TRUE,TRUE,11,200,192,,,101,86,13,0,50.5,43.0,6.5,0.0,74000,51500,102500,225000,3.125,199,196,456,,52,31,12,77,17,11,52,28,,0,,,137,27,,0,0,0,,22,0,10,168,,17,0,95,48,46,11,20,95,40,26,12,,,0
26900,INDIANAPOLIS-CARMEL-GREENWOOD,2022,TRUE,single_year,2022,TRUE,TRUE,13,196,177,13,,117,73,,0,59.7,37.2,3.1,0.0,76000,56000,114750,245000,4.875,194,196,412,,70,35,14,60,12,,70,29,,,,,137,29,,0,0,0,,22,0,17,156,,20,0,88,45,54,,21,76,40,25,17,10,,0
26900,INDIANAPOLIS-CARMEL-GREENWOOD,2023,TRUE,single_year,2023,TRUE,TRUE,12,209,197,,,136,62,11,0,65.1,29.7,5.3,0.0,94000,66000,145000,305000,6.75,207,198,308,,72,34,24,47,20,12,71,29,21,,,11,145,31,,,0,,,25,0,11,172,,25,0,73,55,70,11,26,68,46,16,20,25,,
26900,INDIANAPOLIS-CARMEL-GREENWOOD,2024,TRUE,single_year,2024,TRUE,TRUE,10,218,204,,,155,52,11,0,71.1,23.9,5.0,0.0,93000,67250,141500,290000,7,218,216,315,0,80,12,70,36,16,,80,11,60,,,,159,30,,,0,0,0,17,0,25,179,0,14,0,105,39,66,,32,71,39,31,21,15,,0
26900,INDIANAPOLIS-CARMEL-GREENWOOD,2025,TRUE,single_year,2025,TRUE,TRUE,10,227,212,,,165,41,21,0,72.7,18.1,9.3,0.0,106000,73000,156000,315000,6.875,224,221,364,,89,16,58,28,23,13,89,15,55,0,0,,162,29,,,,,,26,0,20,180,0,27,0,110,49,58,10,26,73,37,32,26,25,,0
26980,IOWA CITY,2018,TRUE,three_year_total,2018,TRUE,TRUE,23,10,,0,,,0,,0,90.0,0.0,10.0,0.0,,,,,,10,10,72,0,,,,0,,,,,,0,,0,10,0,0,0,0,0,0,0,0,0,10,0,0,0,,,,0,,,,,,,,0
26980,IOWA CITY,2019,TRUE,three_year_total,"2018,2019",TRUE,TRUE,22,15,14,0,,13,0,,0,86.7,0.0,13.3,0.0,,,,,,15,15,139,0,,,,0,,,,,,0,,0,15,0,0,0,0,0,0,0,0,,14,0,0,0,,,,0,,,,,,,,0
26980,IOWA CITY,2020,TRUE,three_year_total,"2018,2019,2020",TRUE,TRUE,21,25,24,0,,23,0,,0,92.0,0.0,8.0,0.0,,,,,,24,25,187,0,10,,,0,,,10,,,0,,0,22,,,0,0,0,,0,0,,23,0,0,0,10,,12,0,,,,,,,,0
26980,IOWA CITY,2021,TRUE,three_year_total,"2019,2020,2021",TRUE,TRUE,22,26,26,0,0,22,,,0,84.6,11.5,3.8,0.0,,,,,,25,26,186,0,,,,,,0,,,,0,,0,19,,,0,0,0,,,0,,21,0,,0,12,0,11,,,11,,,,0,0,0
26980,IOWA CITY,2022,TRUE,three_year_total,"2020,2021,2022",TRUE,TRUE,23,37,34,,,32,,,0,86.5,10.8,2.7,0.0,,,,,,35,36,175,0,11,12,,,,,11,12,,0,,,26,,,0,0,0,,,0,,29,0,,0,15,,10,,10,14,,,,0,,0
26980,IOWA CITY,2023,TRUE,three_year_total,"2021,2022,2023",TRUE,TRUE,24,35,32,,,29,,,0,82.9,14.3,2.9,0.0,,,,,,34,32,185,0,13,,,,,,13,,,0,,,27,,0,0,0,0,,,0,,28,0,,0,14,12,,,12,13,,,,0,,0
26980,IOWA CITY,2024,TRUE,three_year_total,"2022,2023,2024",TRUE,TRUE,23,34,30,,,28,,,0,82.4,11.8,5.9,0.0,,,,,,33,30,156,0,15,,,,,,15,,,0,,,29,0,0,0,0,0,0,,0,,29,0,,0,11,14,,,,10,,,,0,,0
26980,IOWA CITY,2025,TRUE,three_year_total,"2023,2024,2025",TRUE,TRUE,28,25,24,0,,20,,,0,80.0,16.0,4.0,0.0,,,,,,25,20,159,0,11,,,,,,11,,,0,,,22,,0,,0,0,0,,0,,23,0,,0,,,,,,,,,,,,0
27060,ITHACA,2018,TRUE,three_year_total,2018,TRUE,TRUE,25,26,23,,,20,,,0,76.9,11.5,11.5,0.0,,,,,,25,16,47,,,,0,,,11,,,0,0,,11,21,0,0,0,0,0,,,0,0,22,,,0,,,13,,,12,,,,,0,
27060,ITHACA,2019,TRUE,three_year_total,"2018,2019",TRUE,TRUE,27,48,43,,,36,,,0,75.0,18.8,6.2,0.0,,,,,,47,35,75,,11,,,,,14,11,,,0,,14,35,0,,,,0,,,0,,39,,,0,14,10,19,,,20,12,,,,,
27060,ITHACA,2020,TRUE,three_year_total,"2018,2019,2020",TRUE,TRUE,21,80,69,,,61,15,,0,76.2,18.8,5.0,0.0,,,,,,79,60,103,,22,15,,13,,21,22,12,,0,,21,59,,,,,0,,10,0,,63,,13,0,29,19,23,,,31,23,15,,,,
27060,ITHACA,2021,TRUE,three_year_total,"2019,2020,2021",TRUE,TRUE,18,94,81,10,,72,21,,0,76.6,22.3,1.1,0.0,,,,,,94,84,99,0,38,18,,15,,12,38,15,,0,,12,70,,,,,0,,10,0,,72,,13,0,38,30,18,,,36,26,20,,,,0
27060,ITHACA,2022,TRUE,three_year_total,"2020,2021,2022",TRUE,TRUE,15,104,91,10,,80,22,,0,76.9,21.2,1.9,0.0,,,,,,104,95,115,0,39,15,,17,,22,38,13,,0,,22,76,,,0,0,0,,16,0,,78,,17,0,40,35,18,11,,38,32,20,,,,0
27060,ITHACA,2023,TRUE,three_year_total,"2021,2022,2023",TRUE,TRUE,16,89,81,,,71,17,,0,79.8,19.1,1.1,0.0,,,,,,89,86,112,0,36,12,10,12,,16,35,11,,0,,16,66,,,0,0,0,,12,0,,67,,10,0,27,28,26,,,30,26,18,,,,0
27060,ITHACA,2024,TRUE,three_year_total,"2022,2023,2024",TRUE,TRUE,17,91,85,,,78,11,,0,85.7,12.1,2.2,0.0,,,,,,91,88,95,0,39,,15,10,,15,38,,14,0,,15,58,,,0,,0,,17,0,,64,,17,0,27,21,30,13,,32,27,17,,,,0
27060,ITHACA,2025,TRUE,three_year_total,"2023,2024,2025",TRUE,TRUE,20,92,85,,,84,,,0,91.3,6.5,2.2,0.0,,,,,,92,87,72,,44,14,20,,,,44,13,19,0,,,65,,,0,,0,,13,0,,69,,13,0,24,23,36,,,34,28,18,,,0,0
27100,JACKSON,2018,TRUE,three_year_total,2018,TRUE,TRUE,20,,,0,0,,,,0,33.3,33.3,33.3,0.0,,,,,,,,16,0,0,0,,,,0,0,0,,0,0,0,,0,0,0,0,0,0,,0,0,,0,,0,,0,0,,0,,,,0,0,0,0
27100,JACKSON,2019,TRUE,three_year_total,"2018,2019",TRUE,TRUE,27,17,15,,0,,,,0,52.9,35.3,11.8,0.0,,,,,,17,17,35,0,,,,,,,,,,0,0,0,12,0,0,0,0,0,,,0,0,14,0,,0,,,,,,,,,,,,0
27100,JACKSON,2020,TRUE,three_year_total,"2018,2019,2020",TRUE,TRUE,24,27,23,,0,14,10,,0,51.9,37.0,11.1,0.0,,,,,,27,27,61,0,,,,,,,,,,0,0,0,21,0,0,0,0,0,,,0,,22,0,,0,11,,,,,12,,,,,,0
27100,JACKSON,2021,TRUE,three_year_total,"2019,2020,2021",TRUE,TRUE,26,39,30,,,21,16,,0,53.8,41.0,5.1,0.0,,,,,,39,38,70,,11,,,13,,,11,,,0,0,,31,,,0,0,0,,,0,,32,0,,0,21,,,,,17,,,,,,0
27100,JACKSON,2022,TRUE,three_year_total,"2020,2021,2022",TRUE,TRUE,24,34,25,,,18,15,,0,52.9,44.1,2.9,0.0,,,,,,34,33,88,,10,,,13,,,10,,,0,0,,27,,,0,0,0,0,,0,,27,0,,0,21,,,,,11,,,,,0,0
27100,JACKSON,2023,TRUE,three_year_total,"2021,2022,2023",TRUE,TRUE,25,38,28,,,18,18,,0,47.4,47.4,5.3,0.0,,,,,,38,36,81,,,,0,16,,,,,0,0,,,29,,,0,0,0,0,,0,,33,0,,0,28,,,,,11,,,,,0,0
27100,JACKSON,2024,TRUE,three_year_total,"2022,2023,2024",TRUE,TRUE,26,32,25,,,17,13,,0,53.1,40.6,6.2,0.0,,,,,,32,29,78,0,,,,12,,,,,,0,,,23,,0,0,0,0,0,,0,,27,0,,0,21,,,,,,,,,,0,0
27100,JACKSON,2025,TRUE,three_year_total,"2023,2024,2025",TRUE,TRUE,22,40,34,,,24,14,,0,60.0,35.0,5.0,0.0,,,,,,40,32,65,0,,,,12,,10,,,,0,,,28,,0,0,0,0,0,,0,,34,0,,0,27,,,,12,12,,,,0,0,0
27140,JACKSON,2018,TRUE,three_year_total,2018,TRUE,TRUE,27,,,0,,,,,0,50.0,25.0,25.0,0.0,,,,,,,,38,,,,0,0,,,,,0,0,,0,,,0,0,0,0,0,,0,0,,0,,0,,0,,0,0,,,,0,,0,0
27140,JACKSON,2019,TRUE,three_year_total,"2018,2019",TRUE,TRUE,31,22,20,0,,15,,,0,68.2,22.7,9.1,0.0,,,,,,21,22,103,,,,,,,,,,,0,,,14,,,0,0,0,0,,0,0,19,0,,0,,,,,,,,,,,,
27140,JACKSON,2020,TRUE,three_year_total,"2018,2019,2020",TRUE,TRUE,24,41,38,0,,27,11,,0,65.9,26.8,7.3,0.0,,,,,,40,41,154,,16,,,,,,16,,,0,,,26,,,0,0,0,0,,0,0,37,0,,0,16,10,14,,,12,,,,,,
27140,JACKSON,2021,TRUE,three_year_total,"2019,2020,2021",TRUE,TRUE,22,45,42,,,32,12,,0,71.1,26.7,2.2,0.0,,,,,,44,45,180,,19,,,10,,,19,,,0,,,30,10,,0,0,0,0,,0,0,41,0,,0,15,15,14,,,11,10,,,,,
27140,JACKSON,2022,TRUE,three_year_total,"2020,2021,2022",TRUE,TRUE,21,44,41,,,31,12,,0,70.5,27.3,2.3,0.0,,,,,,44,42,167,,22,,,11,,,22,,,0,,,32,10,0,0,0,0,0,,0,,40,0,,0,16,12,15,,,11,12,,,,,0
27140,JACKSON,2023,TRUE,three_year_total,"2021,2022,2023",TRUE,TRUE,24,38,34,,,30,,,0,78.9,18.4,2.6,0.0,,,,,,38,34,182,,18,,,,,,18,,,0,0,,27,,0,0,0,0,0,,0,,33,0,,0,11,12,14,,,,10,,,,,0
27140,JACKSON,2024,TRUE,three_year_total,"2022,2023,2024",TRUE,TRUE,24,60,57,,,49,,,0,81.7,15.0,3.3,0.0,,,,,,60,52,187,,25,,,,,13,25,,,0,,13,47,,,0,0,0,0,,0,,49,,,0,17,13,29,,,,16,,10,,,0
27140,JACKSON,2025,TRUE,three_year_total,"2023,2024,2025",TRUE,TRUE,20,72,68,,,60,,,0,83.3,11.1,5.6,0.0,,,,,,71,63,213,0,29,,,,,17,29,,,0,,16,54,11,,0,0,0,0,,0,,58,,,0,20,17,33,,,12,13,18,14,,,0
27180,JACKSON,2018,TRUE,three_year_total,2018,TRUE,TRUE,15,,,0,0,,0,0,0,100.0,0.0,0.0,0.0,,,,,,,,28,0,0,0,0,0,,,0,0,0,0,,,,0,0,0,0,0,0,0,0,0,,0,0,0,,,0,0,0,0,,,0,0,0,0
27180,JACKSON,2019,TRUE,three_year_total,"2018,2019",TRUE,TRUE,22,,,0,0,,0,0,0,100.0,0.0,0.0,0.0,,,,,,,,80,0,,,0,0,,,,,0,0,,,,0,0,0,0,0,0,0,0,0,,0,0,0,,,,0,0,,,,,0,0,0
27180,JACKSON,2020,TRUE,three_year_total,"2018,2019,2020",TRUE,TRUE,18,15,14,,0,14,0,,0,93.3,0.0,6.7,0.0,,,,,,15,,107,0,,,0,0,,11,,,0,0,,11,15,0,0,0,0,0,0,0,0,,14,0,0,0,,,,0,,,,,,0,0,0
27180,JACKSON,2021,TRUE,three_year_total,"2019,2020,2021",TRUE,TRUE,19,16,15,,0,13,,,0,81.2,12.5,6.2,0.0,,,,,,16,,101,0,,,0,,,11,,,0,0,0,11,15,,0,0,0,0,0,0,0,,14,0,0,0,,,10,0,,,,,,0,0,0
27180,JACKSON,2022,TRUE,three_year_total,"2020,2021,2022",TRUE,TRUE,18,19,18,,0,15,,,0,78.9,15.8,5.3,0.0,,,,,,19,,87,0,0,,0,,,14,0,,0,0,0,14,16,,0,0,0,0,,0,0,,15,0,0,0,,,12,0,,,,,,0,0,0
27180,JACKSON,2023,TRUE,three_year_total,"2021,2022,2023",TRUE,TRUE,18,18,18,0,0,15,,0,0,83.3,16.7,0.0,0.0,,,,,,18,,101,0,0,,0,,,14,0,,0,0,0,14,15,,0,0,0,0,,0,0,,14,0,,0,,,11,0,,,,,,,0,0
27180,JACKSON,2024,TRUE,three_year_total,"2022,2023,2024",TRUE,TRUE,16,22,22,0,0,21,,0,0,95.5,4.5,0.0,0.0,,,,,,22,,124,0,0,,0,,0,20,0,,0,0,0,20,20,,0,0,0,0,,0,0,,18,0,,0,,,16,0,,,10,,,,0,0
27180,JACKSON,2025,TRUE,three_year_total,"2023,2024,2025",TRUE,TRUE,16,27,27,0,0,26,,0,0,96.3,3.7,0.0,0.0,,,,,,27,,134,0,,0,0,,0,25,,0,0,0,0,25,27,0,0,0,0,0,0,0,0,,25,0,,0,,,15,0,,,,,,,,0
27260,JACKSONVILLE,2018,TRUE,single_year,2018,TRUE,TRUE,22,53,39,,,26,14,13,0,49.1,26.4,24.5,0.0,84000,59750,130500,255000,4.75,52,50,138,,13,,,12,12,,13,,,0,,,34,11,,0,0,0,0,,0,,41,,,0,26,,14,,,23,13,,,,0,
27260,JACKSONVILLE,2019,TRUE,single_year,2019,TRUE,TRUE,20,65,50,,,41,13,11,0,63.1,20.0,16.9,0.0,96000,72000,132000,315000,4.188,65,62,101,,22,11,,,13,,21,10,,0,,,51,,,0,0,0,,,0,,53,0,,0,26,16,17,,0,28,20,,,,,0
27260,JACKSONVILLE,2020,TRUE,single_year,2020,TRUE,TRUE,13,85,58,11,16,39,33,13,0,45.9,38.8,15.3,0.0,107000,68500,154000,305000,3.125,83,84,121,,23,12,,26,13,,23,10,,,0,,56,12,,0,0,0,0,15,0,,62,,16,0,52,14,15,,,32,19,16,10,,,0
27260,JACKSONVILLE,2021,TRUE,single_year,2021,TRUE,TRUE,14,82,57,16,,42,26,14,0,51.2,31.7,17.1,0.0,108000,72500,149000,395000,2.875,82,82,251,,28,12,,20,12,,28,10,,0,0,,52,12,,0,0,,,14,0,,62,0,16,0,50,14,14,,,33,24,11,,,0,0
27260,JACKSONVILLE,2022,TRUE,single_year,2022,TRUE,TRUE,18,68,59,,,38,19,11,0,55.9,27.9,16.2,0.0,111000,78000,159500,425000,5.062,68,68,175,,23,13,,14,13,,23,11,,0,,0,45,12,,0,0,,,,0,,52,,,0,33,18,15,,,27,15,10,11,,,0
27260,JACKSONVILLE,2023,TRUE,single_year,2023,TRUE,TRUE,16,54,37,11,,22,21,11,0,40.7,38.9,20.4,0.0,120000,100750,174250,425000,6.571,54,54,123,,12,,,19,11,,12,,,0,,,28,11,,0,0,0,0,13,0,,34,0,15,0,27,10,,,,25,17,,,0,0,0
27260,JACKSONVILLE,2024,TRUE,single_year,2024,TRUE,TRUE,19,69,47,,13,42,12,15,0,60.9,17.4,21.7,0.0,135000,95000,180000,415000,6.49,69,67,126,,17,,15,,14,,16,,13,0,,,35,16,,0,0,,,12,0,,47,,10,0,36,15,15,,,30,18,,,,,0
27260,JACKSONVILLE,2025,TRUE,single_year,2025,TRUE,TRUE,13,77,47,12,18,49,,20,0,63.6,10.4,26.0,0.0,147000,96500,203750,465000,6.625,76,70,143,,17,11,16,,14,13,16,,16,0,0,,47,13,,,0,0,,13,0,10,55,,11,0,38,15,21,,,21,21,12,12,,,0
27340,JACKSONVILLE,2018,TRUE,three_year_total,2018,TRUE,TRUE,23,,,,,,0,,0,20.0,0.0,80.0,0.0,,,,,,,,,0,,,0,0,,,0,,0,0,0,0,,0,0,0,0,0,0,0,0,,,0,,0,,0,0,0,,,,0,,0,0,0
27340,JACKSONVILLE,2019,TRUE,three_year_total,"2018,2019",TRUE,TRUE,25,,,,,,,,0,14.3,14.3,71.4,0.0,,,,,,,,20,0,,,0,,,,0,,0,0,0,0,,0,0,0,0,0,0,,0,,,0,,0,,0,0,0,,,,0,,0,0,0
27340,JACKSONVILLE,2020,TRUE,three_year_total,"2018,2019,2020",TRUE,TRUE,23,14,11,,,,,,0,28.6,7.1,64.3,0.0,,,,,,14,14,25,0,,,,,,,,,0,0,0,0,11,,0,0,0,0,0,,0,,11,0,,0,12,,0,0,,,,,,0,0,0
27340,JACKSONVILLE,2021,TRUE,three_year_total,"2019,2020,2021",TRUE,TRUE,23,14,12,0,,,,,0,21.4,14.3,64.3,0.0,,,,,,14,14,31,0,,,,,,,,,0,0,0,0,,,0,0,0,0,0,,0,,12,0,,0,12,,0,0,,,,,,0,0,0
27340,JACKSONVILLE,2022,TRUE,three_year_total,"2020,2021,2022",TRUE,TRUE,21,15,13,0,,,,10,0,26.7,6.7,66.7,0.0,,,,,,15,15,38,0,,,,,,,,,0,0,0,0,10,,0,0,0,0,0,,0,,14,0,0,0,12,,,0,,,,,,0,0,0
27340,JACKSONVILLE,2023,TRUE,three_year_total,"2021,2022,2023",TRUE,TRUE,22,11,,0,,,,,0,9.1,9.1,81.8,0.0,,,,,,11,11,45,0,,,0,,,,,0,0,0,0,0,,,0,0,0,0,0,,0,,10,0,0,0,,,,0,,,,,0,0,0,0
27340,JACKSONVILLE,2024,TRUE,three_year_total,"2022,2023,2024",TRUE,TRUE,23,11,10,0,,,0,10,0,9.1,0.0,90.9,0.0,,,,,,11,11,40,,,,0,0,,,,0,0,0,0,0,,,0,0,0,0,0,,0,,,,,0,,,,,,,,,0,0,0,0
27340,JACKSONVILLE,2025,TRUE,three_year_total,"2023,2024,2025",TRUE,TRUE,23,17,15,0,,,0,16,0,5.9,0.0,94.1,0.0,,,,,,17,17,31,,0,,0,0,12,,0,,0,0,0,0,,,,0,0,0,0,,0,,,,,0,,,,,,,,,,0,0,0
27500,JANESVILLE-BELOIT,2018,TRUE,three_year_total,2018,TRUE,TRUE,27,32,30,,0,23,,,0,71.9,21.9,6.2,0.0,,,,,,32,29,62,,10,,,,,,10,,,0,,,29,0,,0,0,0,,,0,,28,,,0,14,,10,,,,,,,,0,0
27500,JANESVILLE-BELOIT,2019,TRUE,three_year_total,"2018,2019",TRUE,TRUE,22,57,53,,0,39,15,,0,68.4,26.3,5.3,0.0,,,,,,57,49,146,,14,,,13,,13,14,,,,,10,53,,,0,0,0,,,0,,53,,,0,29,13,14,,,19,11,12,,,,0
27500,JANESVILLE-BELOIT,2020,TRUE,three_year_total,"2018,2019,2020",TRUE,TRUE,18,85,80,,0,52,27,,0,61.2,31.8,7.1,0.0,,,,,,85,74,227,,19,10,10,22,,19,19,10,,,,13,78,,,0,0,0,,,0,,76,,,0,48,15,20,,10,29,14,16,,,,0
27500,JANESVILLE-BELOIT,2021,TRUE,three_year_total,"2019,2020,2021",TRUE,TRUE,19,89,85,,0,49,32,,0,55.1,36.0,9.0,0.0,,,,,,88,79,257,,21,,,25,,19,21,,,,0,12,77,,,0,0,0,,,0,,77,0,,0,51,19,17,,11,37,11,15,,,,0
27500,JANESVILLE-BELOIT,2022,TRUE,three_year_total,"2020,2021,2022",TRUE,TRUE,14,103,97,,,55,37,11,0,53.4,35.9,10.7,0.0,,,,,,102,98,263,,31,11,12,26,11,12,30,11,,0,,,84,,,,0,0,,11,0,,83,0,11,0,54,22,24,,17,38,20,12,11,,,0
27500,JANESVILLE-BELOIT,2023,TRUE,three_year_total,"2021,2022,2023",TRUE,TRUE,15,112,104,,,60,41,11,0,53.6,36.6,9.8,0.0,,,,,,111,105,247,,34,10,13,32,12,11,31,10,,,,,86,,,,0,0,,15,0,14,84,,13,0,51,30,27,,17,42,27,11,12,,,0
27500,JANESVILLE-BELOIT,2024,TRUE,three_year_total,"2022,2023,2024",TRUE,TRUE,15,121,112,,,70,41,10,0,57.9,33.9,8.3,0.0,,,,,,121,107,225,,31,10,21,32,11,16,28,10,16,,,14,93,,,,0,0,,16,,18,87,,15,0,54,27,35,,27,39,29,12,,,,0
27500,JANESVILLE-BELOIT,2025,TRUE,three_year_total,"2023,2024,2025",TRUE,TRUE,16,99,93,,,63,29,,0,63.6,29.3,7.1,0.0,,,,,,99,84,199,,20,10,21,24,,17,18,10,18,,,15,74,,,0,0,0,,15,,18,65,,15,0,46,19,30,,25,31,22,11,,,,0
27620,JEFFERSON CITY,2018,TRUE,three_year_total,2018,TRUE,TRUE,19,21,19,,0,17,,,0,81.0,9.5,9.5,0.0,,,,,,21,,56,0,,0,0,,,13,,0,0,0,0,12,19,,0,0,0,0,0,0,0,0,20,0,,0,,,,0,,,,,,,0,0
27620,JEFFERSON CITY,2019,TRUE,three_year_total,"2018,2019",TRUE,TRUE,20,32,30,,0,26,,,0,81.2,12.5,6.2,0.0,,,,,,32,16,130,0,,,0,,,17,,,0,,0,16,29,,0,0,0,0,0,0,0,0,31,0,,0,12,,13,0,,,,,,,,0
27620,JEFFERSON CITY,2020,TRUE,three_year_total,"2018,2019,2020",TRUE,TRUE,23,46,42,,,38,,,0,82.6,13.0,4.3,0.0,,,,,,46,26,182,0,15,,,,,21,15,,0,,0,20,39,,,0,0,0,,,0,,43,0,,0,19,,17,,,12,,10,,,,0
27620,JEFFERSON CITY,2021,TRUE,three_year_total,"2019,2020,2021",TRUE,TRUE,24,45,41,0,,36,,,0,80.0,17.8,2.2,0.0,,,,,,45,28,209,,14,,,,,17,14,,0,,0,17,39,,,0,0,0,,,0,,43,0,,0,17,,20,,,,,10,,,,0
27620,JEFFERSON CITY,2022,TRUE,three_year_total,"2020,2021,2022",TRUE,TRUE,19,53,48,,,38,14,,0,71.7,26.4,1.9,0.0,,,,,,52,35,224,,16,,,12,0,18,16,,0,0,0,18,45,0,,0,0,0,,,0,,48,0,,0,23,,21,,,14,11,,,,,0
27620,JEFFERSON CITY,2023,TRUE,three_year_total,"2021,2022,2023",TRUE,TRUE,23,56,52,,,37,17,,0,66.1,30.4,3.6,0.0,,,,,,54,38,228,,12,,,16,0,19,12,,,0,0,18,47,,,0,0,0,,,0,,50,0,,0,20,,26,,,17,,,,,,
27620,JEFFERSON CITY,2024,TRUE,three_year_total,"2022,2023,2024",TRUE,TRUE,21,59,52,,,45,13,,0,76.3,22.0,1.7,0.0,,,,,,57,41,215,0,17,,,12,0,19,17,,,0,0,18,47,,,0,0,0,,,0,,52,0,,0,18,11,26,,,19,,,,,,
27620,JEFFERSON CITY,2025,TRUE,three_year_total,"2023,2024,2025",TRUE,TRUE,22,59,48,,,49,,,0,83.1,15.3,1.7,0.0,,,,,,57,40,217,,19,,,,0,21,19,,,0,0,19,45,,0,0,0,0,,,0,,50,0,,0,14,15,23,,,16,,,,11,,
27740,JOHNSON CITY,2018,TRUE,three_year_total,2018,TRUE,TRUE,24,,,,,,,,0,62.5,12.5,25.0,0.0,,,,,,,,34,0,,,0,0,,,,,0,0,,0,,0,0,0,0,0,0,0,0,0,,0,0,0,,,0,0,0,,,0,,0,,0
27740,JOHNSON CITY,2019,TRUE,three_year_total,"2018,2019",TRUE,TRUE,23,12,,,,,,,0,75.0,8.3,16.7,0.0,,,,,,12,12,51,0,,,0,0,,,,,0,0,,0,11,0,0,0,0,0,0,,0,0,12,0,0,0,,,,0,0,,,,,,,0
27740,JOHNSON CITY,2020,TRUE,three_year_total,"2018,2019,2020",TRUE,TRUE,25,27,22,,,17,,,0,63.0,22.2,14.8,0.0,,,,,,27,25,77,0,,,0,,,,,,0,0,,,23,,0,0,0,0,0,,0,0,26,0,,0,18,,,0,,,,,,,,0
27740,JOHNSON CITY,2021,TRUE,three_year_total,"2019,2020,2021",TRUE,TRUE,23,32,27,,,18,12,,0,56.2,37.5,6.2,0.0,,,,,,31,29,75,0,,,,10,,,,,0,0,,,27,,,0,0,0,0,,0,0,31,0,,0,20,,,0,,11,,,,,0,0
27740,JOHNSON CITY,2022,TRUE,three_year_total,"2020,2021,2022",TRUE,TRUE,25,37,28,,,17,16,,0,45.9,43.2,10.8,0.0,,,,,,35,31,88,,,,,13,,12,,,0,0,0,,30,,,0,0,0,0,,0,0,34,0,,0,23,,,,,14,,,,,,
27740,JOHNSON CITY,2023,TRUE,three_year_total,"2021,2022,2023",TRUE,TRUE,27,27,18,,,12,12,,0,44.4,44.4,11.1,0.0,,,,,,24,22,89,,,,,,,10,,,0,0,0,,21,,,0,0,0,0,,0,0,23,0,,0,17,,,,,,,,,,,
27740,JOHNSON CITY,2024,TRUE,three_year_total,"2022,2023,2024",TRUE,TRUE,30,19,12,,,,,,0,47.4,36.8,15.8,0.0,,,,,,17,15,76,,,,,,,,,,,0,0,,13,,0,0,0,0,0,,0,0,14,0,,0,10,,,,,,,,,,,
27740,JOHNSON CITY,2025,TRUE,three_year_total,"2023,2024,2025",TRUE,TRUE,25,24,19,,,16,,,0,66.7,25.0,8.3,0.0,,,,,,23,19,78,0,,,,,,10,,,,0,0,,19,0,0,0,0,0,0,,0,0,17,,,0,,,,,,,,,,0,0,0
27780,JOHNSTOWN,2018,TRUE,three_year_total,2018,TRUE,TRUE,19,17,16,,0,10,,0,0,58.8,41.2,0.0,0.0,,,,,,17,15,23,0,,0,,,0,,,0,,0,0,,16,0,0,0,0,0,0,,0,0,17,0,0,0,,,,0,,,,,,0,,0
27780,JOHNSTOWN,2019,TRUE,three_year_total,"2018,2019",TRUE,TRUE,16,38,35,,,28,10,0,0,73.7,26.3,0.0,0.0,,,,,,38,22,48,,10,,,10,0,16,10,,,0,0,16,37,0,0,0,0,0,0,,0,0,38,0,0,0,13,,17,0,,,,,,,,0
27780,JOHNSTOWN,2020,TRUE,three_year_total,"2018,2019,2020",TRUE,TRUE,16,56,52,,,40,14,,0,71.4,25.0,3.6,0.0,,,,,,55,29,72,,10,,,13,,27,10,,,0,0,27,53,0,0,,0,0,,,0,0,56,0,0,0,19,12,25,0,,14,14,10,,,,0
27780,JOHNSTOWN,2021,TRUE,three_year_total,"2019,2020,2021",TRUE,TRUE,18,67,61,,,48,16,,0,71.6,23.9,4.5,0.0,,,,,,66,33,91,,,,,14,,35,,,0,0,0,34,62,,0,,0,0,,,0,0,66,0,,0,24,20,22,,,18,14,10,13,,0,0
27780,JOHNSTOWN,2022,TRUE,three_year_total,"2020,2021,2022",TRUE,TRUE,20,72,66,,,50,19,,0,69.4,26.4,4.2,0.0,,,,,,69,47,137,,14,,,15,,26,13,,,0,,25,61,,0,,0,0,,,0,,66,0,,0,25,22,20,,,18,17,14,12,,0,
27780,JOHNSTOWN,2023,TRUE,three_year_total,"2021,2022,2023",TRUE,TRUE,16,69,62,,,49,18,,0,71.0,26.1,2.9,0.0,,,,,,67,53,141,,21,10,,15,,17,20,10,,0,,16,58,,0,0,0,0,0,,0,,63,0,,0,28,18,18,,,18,16,13,10,,0,
27780,JOHNSTOWN,2024,TRUE,three_year_total,"2022,2023,2024",TRUE,TRUE,23,56,50,,0,38,17,,0,67.9,30.4,1.8,0.0,,,,,,54,47,130,,21,,,15,,,20,,,0,,,46,,0,0,0,0,0,,0,,49,,,0,26,,17,,,18,10,,,,0,
27780,JOHNSTOWN,2025,TRUE,three_year_total,"2023,2024,2025",TRUE,TRUE,21,54,46,,,41,12,,0,75.9,22.2,1.9,0.0,,,,,,54,44,95,,20,,,12,,10,20,,,0,,10,45,,0,0,0,0,0,,0,,49,,,0,26,,18,,,18,10,,,,0,0
27860,JONESBORO,2018,TRUE,three_year_total,2018,TRUE,TRUE,19,,,0,0,,0,0,0,100.0,0.0,0.0,0.0,,,,,,,,55,0,,0,0,0,0,,,0,0,0,0,,,0,0,0,0,0,0,0,0,0,,0,0,0,,,,0,,,,,,0,0,0
27860,JONESBORO,2019,TRUE,three_year_total,"2018,2019",TRUE,TRUE,22,18,17,,0,14,,0,0,77.8,22.2,0.0,0.0,,,,,,18,10,119,,,,0,,,,,,0,0,0,,18,0,0,0,0,0,0,0,0,,17,0,0,0,,,,0,,,,,,,,0
27860,JONESBORO,2020,TRUE,three_year_total,"2018,2019,2020",TRUE,TRUE,26,24,23,,0,18,,0,0,75.0,25.0,0.0,0.0,,,,,,24,15,190,,,,,,,,,,,0,,,23,,0,0,0,0,0,0,0,,22,0,,0,,,11,0,,,,,,,,0
27860,JONESBORO,2021,TRUE,three_year_total,"2019,2020,2021",TRUE,TRUE,30,25,24,,0,16,,,0,64.0,28.0,8.0,0.0,,,,,,25,19,209,,,,,,,,,,,0,,,21,,,0,0,0,0,,0,,20,0,,0,,,13,,,,,,,,,0
27860,JONESBORO,2022,TRUE,three_year_total,"2020,2021,2022",TRUE,TRUE,27,27,27,0,0,20,,,0,74.1,18.5,7.4,0.0,,,,,,27,18,204,0,,,,,,10,,,,0,,,19,,,0,0,0,0,,0,,21,0,,0,,,15,,,,,,,,,0
27860,JONESBORO,2023,TRUE,three_year_total,"2021,2022,2023",TRUE,TRUE,22,32,31,,0,23,,,0,71.9,21.9,6.2,0.0,,,,,,32,22,191,0,10,,0,,,11,10,,0,0,,10,21,,,0,0,0,0,,0,,26,,,0,11,,14,,,11,,,,,,0
27860,JONESBORO,2024,TRUE,three_year_total,"2022,2023,2024",TRUE,TRUE,29,31,27,,,21,,,0,67.7,29.0,3.2,0.0,,,,,,31,23,168,,,,0,,,,,,0,0,,,20,,,0,0,0,0,,0,,27,,,0,13,,,,,10,,,,,,0
27860,JONESBORO,2025,TRUE,three_year_total,"2023,2024,2025",TRUE,TRUE,31,30,23,,,17,,,0,56.7,30.0,13.3,0.0,,,,,,30,26,176,,,,,,,,,,,0,,,20,,,0,0,0,0,,0,,27,,,0,16,,,0,,,,,,,,0
27900,JOPLIN,2018,TRUE,three_year_total,2018,TRUE,TRUE,23,18,18,0,0,14,,,0,77.8,16.7,5.6,0.0,,,,,,18,17,62,,11,,,,,,11,,,0,0,,16,0,0,,0,0,0,,0,,16,0,0,0,,,,0,,,,,,,0,0
27900,JOPLIN,2019,TRUE,three_year_total,"2018,2019",TRUE,TRUE,23,35,34,,0,25,,,0,71.4,22.9,5.7,0.0,,,,,,35,34,115,,19,,,,,,19,,,0,0,,31,0,,,0,0,0,,0,,32,0,,0,16,,12,0,,,10,,,,0,0
27900,JOPLIN,2020,TRUE,three_year_total,"2018,2019,2020",TRUE,TRUE,22,56,53,,,44,10,,0,78.6,17.9,3.6,0.0,,,,,,56,52,174,,33,,,,,,33,,,0,0,,52,0,,,0,0,0,,0,,52,0,,0,22,,25,0,,15,15,10,,,,0
27900,JOPLIN,2021,TRUE,three_year_total,"2019,2020,2021",TRUE,TRUE,22,48,44,,,37,10,,0,77.1,20.8,2.1,0.0,,,,,,48,45,198,,28,,,,,,28,,,0,0,,45,0,,0,0,0,0,,0,,45,0,,0,19,,22,0,,12,12,,,,,0
27900,JOPLIN,2022,TRUE,three_year_total,"2020,2021,2022",TRUE,TRUE,22,54,49,,,42,10,,0,77.8,18.5,3.7,0.0,,,,,,54,50,253,,31,,0,10,,,31,,0,0,,,48,0,,0,,0,,,0,,47,,0,0,18,,27,0,,12,13,,,,,0
27900,JOPLIN,2023,TRUE,three_year_total,"2021,2022,2023",TRUE,TRUE,20,59,51,,,44,12,,0,74.6,20.3,5.1,0.0,,,,,,58,54,263,,29,,,12,,11,29,,,0,,10,51,0,,0,,0,,,0,,51,,0,0,16,12,31,0,,11,11,,10,,,0
27900,JOPLIN,2024,TRUE,three_year_total,"2022,2023,2024",TRUE,TRUE,22,72,65,,,55,12,,0,76.4,16.7,6.9,0.0,,,,,,70,63,253,,35,,,12,,17,35,,,0,,15,64,0,,0,,0,,,0,,61,,,0,17,13,41,,,12,20,,12,,,0
27900,JOPLIN,2025,TRUE,three_year_total,"2023,2024,2025",TRUE,TRUE,17,73,66,,,58,11,,0,79.5,15.1,5.5,0.0,,,,,,71,58,219,,33,0,,10,,22,33,0,,0,,21,68,0,,0,0,0,,,0,,64,0,,0,14,14,44,,,12,16,,15,10,,0
27980,KAHULUI-WAILUKU,2018,TRUE,three_year_total,2018,TRUE,TRUE,29,22,21,,0,13,,0,0,59.1,40.9,0.0,0.0,,,,,,22,19,,0,10,,,,,,,,0,0,0,,,0,,,,,,,0,,14,,,0,,,13,,0,,10,,,,,0
27980,KAHULUI-WAILUKU,2019,TRUE,three_year_total,"2018,2019",TRUE,TRUE,23,60,56,,,35,24,,0,58.3,40.0,1.7,0.0,,,,,,60,56,16,,25,,,18,,,24,,,0,0,,22,0,13,,,,,14,0,,38,,13,0,10,,32,,0,,25,15,,,,0
27980,KAHULUI-WAILUKU,2020,TRUE,three_year_total,"2018,2019,2020",TRUE,TRUE,17,80,76,,,48,31,,0,60.0,38.8,1.2,0.0,,,,,,80,76,29,,35,12,,22,,,32,12,,0,0,,32,0,18,,,,,17,0,,52,,17,0,16,16,38,10,0,10,32,21,10,,,0
27980,KAHULUI-WAILUKU,2021,TRUE,three_year_total,"2019,2020,2021",TRUE,TRUE,18,88,84,,,57,28,,0,64.8,31.8,3.4,0.0,,,,,,88,87,32,,42,16,,20,,,40,14,,0,0,,37,,19,0,,,,20,0,,64,,16,0,20,14,45,,0,15,32,22,13,,,0
27980,KAHULUI-WAILUKU,2022,TRUE,three_year_total,"2020,2021,2022",TRUE,TRUE,17,69,65,,,49,15,,0,71.0,21.7,7.2,0.0,,,,,,69,69,45,0,38,15,,10,,0,35,13,,0,0,0,33,,13,0,,,,10,0,,54,,,0,22,11,34,,0,15,28,15,,,,0
27980,KAHULUI-WAILUKU,2023,TRUE,three_year_total,"2021,2022,2023",TRUE,TRUE,20,62,57,,,46,11,,0,74.2,17.7,8.1,0.0,,,,,,61,62,41,0,32,18,,,,,31,14,0,0,0,,25,,15,0,,,,11,0,,47,,,0,19,,32,,,13,25,12,,,0,0
27980,KAHULUI-WAILUKU,2024,TRUE,three_year_total,"2022,2023,2024",TRUE,TRUE,22,42,38,,,32,,,0,76.2,14.3,9.5,0.0,,,,,,41,41,40,0,18,12,,,,,17,10,,0,0,,18,0,11,0,,0,,,0,,30,,,0,14,10,15,,,,19,,,,0,0
27980,KAHULUI-WAILUKU,2025,TRUE,three_year_total,"2023,2024,2025",TRUE,TRUE,19,49,45,,,34,14,,0,69.4,28.6,2.0,0.0,,,,,,48,48,24,0,15,13,10,,,,15,10,,0,0,,13,0,18,0,,,,10,0,,34,,10,0,15,12,18,,,,18,14,,,,0
28020,KALAMAZOO-PORTAGE,2018,TRUE,three_year_total,2018,TRUE,TRUE,23,37,30,,,17,18,,0,45.9,48.6,5.4,0.0,,,,,,35,37,54,,,,,10,,,,,,0,0,,32,0,,0,0,0,0,,0,0,33,0,,0,23,,,,,20,,,,0,0,0
28020,KALAMAZOO-PORTAGE,2019,TRUE,three_year_total,"2018,2019",TRUE,TRUE,16,72,56,11,,38,30,,0,52.8,41.7,5.6,0.0,,,,,,70,72,101,,15,18,,20,12,,15,17,,0,,,57,,,0,0,0,0,10,0,,59,,11,0,42,14,11,,13,33,11,,,,0,0
28020,KALAMAZOO-PORTAGE,2020,TRUE,three_year_total,"2018,2019,2020",TRUE,TRUE,17,98,77,12,,51,41,,0,52.0,41.8,6.1,0.0,,,,,,96,98,126,,21,22,,26,19,,21,21,,0,,,75,,,,0,0,0,14,0,,80,,15,0,56,21,15,,16,45,16,,,,0,0
28020,KALAMAZOO-PORTAGE,2021,TRUE,three_year_total,"2019,2020,2021",TRUE,TRUE,15,93,72,13,,51,35,,0,54.8,37.6,7.5,0.0,,,,,,93,93,144,,20,25,,26,13,,20,23,,0,,0,70,,,,0,0,0,13,0,,73,,14,0,51,21,16,,14,41,15,,10,,0,0
28020,KALAMAZOO-PORTAGE,2022,TRUE,three_year_total,"2020,2021,2022",TRUE,TRUE,16,98,74,13,11,54,39,,0,55.1,39.8,5.1,0.0,,,,,,98,98,150,,26,23,,27,13,,26,21,,0,,0,71,,,,,,0,14,0,,81,,12,0,56,23,16,,13,50,12,10,,,0,0
28020,KALAMAZOO-PORTAGE,2023,TRUE,three_year_total,"2021,2022,2023",TRUE,TRUE,20,101,77,17,,55,41,,0,54.5,40.6,5.0,0.0,,,,,,101,101,172,,28,24,,29,,,28,21,,0,,0,69,,,,,,,18,0,,83,,13,0,54,24,19,,15,50,,10,13,,,0
28020,KALAMAZOO-PORTAGE,2024,TRUE,three_year_total,"2022,2023,2024",TRUE,TRUE,16,98,74,16,,54,38,,0,55.1,38.8,6.1,0.0,,,,,,98,98,142,0,25,20,18,24,,,24,16,14,0,0,0,63,,,,,,,22,0,,77,,17,0,53,21,16,,15,48,10,,13,,,0
28020,KALAMAZOO-PORTAGE,2025,TRUE,three_year_total,"2023,2024,2025",TRUE,TRUE,17,89,71,12,,49,31,,0,55.1,34.8,10.1,0.0,,,,,,89,86,126,,18,14,25,18,,,17,,21,0,0,,54,,,,0,0,,24,0,,61,,22,0,47,18,15,,15,35,16,12,,,,0
28100,KANKAKEE,2018,TRUE,three_year_total,2018,TRUE,TRUE,24,13,12,0,,,,0,0,61.5,38.5,0.0,0.0,,,,,,13,,18,0,,0,0,,,,,0,0,0,0,,11,0,,0,0,0,0,,0,0,11,,,0,,,,,0,,,,,,,0
28100,KANKAKEE,2019,TRUE,three_year_total,"2018,2019",TRUE,TRUE,24,26,22,,,16,10,0,0,61.5,38.5,0.0,0.0,,,,,,26,15,51,0,,0,,,,11,,0,,0,0,11,21,,,0,0,0,0,,0,,22,,,0,12,,,,,,,,,,,0
28100,KANKAKEE,2020,TRUE,three_year_total,"2018,2019,2020",TRUE,TRUE,25,37,30,,,24,12,,0,64.9,32.4,2.7,0.0,,,,,,37,20,87,0,,0,,,,17,,0,,0,0,17,31,,,0,0,0,,,0,,33,,,0,17,,10,,,,,,,,,0
28100,KANKAKEE,2021,TRUE,three_year_total,"2019,2020,2021",TRUE,TRUE,23,43,34,,,26,14,,0,60.5,32.6,7.0,0.0,,,,,,43,24,106,0,,,,12,,20,,,,0,0,19,37,,0,0,0,0,,,0,,37,0,,0,25,,11,,,10,,,,,,0
28100,KANKAKEE,2022,TRUE,three_year_total,"2020,2021,2022",TRUE,TRUE,22,46,38,,,24,18,,0,52.2,39.1,8.7,0.0,,,,,,46,27,129,0,,,,17,,20,,,0,0,0,19,39,,0,0,0,0,,,0,,41,0,,0,24,,14,,,12,,,,,,0
28100,KANKAKEE,2023,TRUE,three_year_total,"2021,2022,2023",TRUE,TRUE,20,46,38,,,20,22,,0,43.5,47.8,8.7,0.0,,,,,,45,30,135,,,,,20,,17,,,0,0,0,16,35,,0,0,0,0,0,,0,,39,0,,0,24,10,11,,,13,11,,,,,0
28100,KANKAKEE,2024,TRUE,three_year_total,"2022,2023,2024",TRUE,TRUE,22,53,43,,,30,21,,0,56.6,39.6,3.8,0.0,,,,,,52,39,127,,,,,17,,15,,,,0,,15,38,,0,0,0,0,0,,0,,41,0,,0,23,16,13,,,17,11,,,,,0
28100,KANKAKEE,2025,TRUE,three_year_total,"2023,2024,2025",TRUE,TRUE,19,54,42,,,34,18,,0,63.0,33.3,3.7,0.0,,,,,,53,38,108,,,,10,14,,17,,,,0,,17,40,,0,0,0,0,0,,0,14,36,0,,0,22,16,14,,12,15,10,,,,,0
28140,KANSAS CITY,2018,TRUE,single_year,2018,TRUE,TRUE,11,162,139,,19,71,77,14,0,43.8,47.5,8.6,0.0,65000,49000,94500,175000,4.625,159,141,544,,30,17,10,58,26,21,30,15,,0,0,19,109,19,,,,0,,23,0,16,123,,20,0,81,34,33,14,18,63,34,24,,10,,
28140,KANSAS CITY,2019,TRUE,single_year,2019,TRUE,TRUE,9,195,143,29,23,100,72,22,,51.3,36.9,11.3,0.5,69000,51750,99000,205000,4,192,178,543,12,38,27,24,57,31,18,37,24,19,,,16,142,25,,0,0,0,,25,0,14,153,,26,0,101,38,42,14,18,83,37,24,21,,,
28140,KANSAS CITY,2020,TRUE,single_year,2020,TRUE,TRUE,9,240,123,96,21,130,90,20,0,54.2,37.5,8.3,0.0,76000,54000,111000,215000,3.125,237,228,593,,46,37,37,81,23,16,45,34,24,11,,13,172,22,,,0,,,31,0,19,178,,38,0,114,54,56,16,27,107,42,31,23,,,0
28140,KANSAS CITY,2021,TRUE,single_year,2021,TRUE,TRUE,10,254,168,69,17,119,101,33,,46.9,39.8,13.0,0.4,80000,57000,111750,245000,3,252,241,660,,54,44,19,92,28,17,49,37,10,,,14,175,25,10,,0,,,35,0,18,202,,30,0,112,53,74,15,26,99,63,29,21,13,,
28140,KANSAS CITY,2022,TRUE,single_year,2022,TRUE,TRUE,9,261,190,55,16,168,72,21,0,64.4,27.6,8.0,0.0,93000,65000,145000,295000,5.25,260,245,589,,87,44,28,58,27,17,86,39,17,,,16,181,35,,,0,0,,35,0,18,210,,29,0,93,56,97,15,24,95,49,40,31,14,,
28140,KANSAS CITY,2023,TRUE,single_year,2023,TRUE,TRUE,8,250,188,45,17,139,93,18,0,55.6,37.2,7.2,0.0,95000,71000,139000,285000,6.75,248,222,439,,54,28,33,67,33,35,51,21,26,,,31,168,28,,0,,0,11,36,0,23,187,,37,0,98,51,84,17,32,81,54,46,20,11,,
28140,KANSAS CITY,2024,TRUE,single_year,2024,TRUE,TRUE,11,211,184,,18,136,58,17,0,64.5,27.5,8.1,0.0,99000,77000,147000,305000,6.625,209,185,416,,43,11,59,42,24,32,40,10,56,0,,24,144,32,,,0,0,,24,0,27,158,,24,0,92,43,71,,27,80,43,25,24,,,
28140,KANSAS CITY,2025,TRUE,single_year,2025,TRUE,TRUE,10,218,197,,14,155,44,19,0,71.1,20.2,8.7,0.0,109500,73750,169000,295000,6.625,216,196,417,,54,25,58,32,21,28,53,21,53,0,,25,151,23,,,,0,,30,0,23,161,,31,0,110,37,57,14,33,77,40,35,21,,,0
28420,KENNEWICK-RICHLAND,2018,TRUE,three_year_total,2018,TRUE,TRUE,21,36,29,0,,16,19,,0,44.4,52.8,2.8,0.0,,,,,,34,36,48,0,,,,15,,0,,,,0,0,0,28,0,0,0,0,0,,,0,13,17,,,0,15,10,,,,17,,,,,0,
28420,KENNEWICK-RICHLAND,2019,TRUE,three_year_total,"2018,2019",TRUE,TRUE,18,69,53,,15,32,33,,0,46.4,47.8,5.8,0.0,,,,,,66,68,104,,13,11,11,27,,,12,11,,0,0,,57,,0,0,0,0,,,0,24,39,,,0,31,19,16,,,27,15,10,,,,
28420,KENNEWICK-RICHLAND,2020,TRUE,three_year_total,"2018,2019,2020",TRUE,TRUE,15,93,74,,17,43,46,,0,46.2,49.5,4.3,0.0,,,,,,90,91,168,,20,15,12,38,,,19,14,,0,0,,75,,0,0,0,0,,13,0,32,49,,10,0,41,21,25,,12,38,19,13,,,,
28420,KENNEWICK-RICHLAND,2021,TRUE,three_year_total,"2019,2020,2021",TRUE,TRUE,16,101,82,,14,45,50,,0,44.6,49.5,5.9,0.0,,,,,,100,98,205,,24,17,,41,,,23,15,,0,0,,83,,0,0,0,0,,13,0,37,55,,,0,51,18,28,,16,42,21,12,,,,0
28420,KENNEWICK-RICHLAND,2022,TRUE,three_year_total,"2020,2021,2022",TRUE,TRUE,16,98,86,,,40,53,,0,40.8,54.1,5.1,0.0,,,,,,98,93,206,,22,17,,44,,,22,13,0,0,0,,75,,,0,0,0,,20,0,36,47,,14,0,50,13,26,,13,43,20,12,,,,0
28420,KENNEWICK-RICHLAND,2023,TRUE,three_year_total,"2021,2022,2023",TRUE,TRUE,16,105,94,,,42,58,,0,40.0,55.2,4.8,0.0,,,,,,105,99,165,,21,18,,47,,,21,14,0,0,0,,82,,,0,0,0,,19,0,39,51,,13,0,56,13,29,,11,48,25,11,,,,0
28420,KENNEWICK-RICHLAND,2024,TRUE,three_year_total,"2022,2023,2024",TRUE,TRUE,19,92,84,,,42,45,,0,45.7,48.9,5.4,0.0,,,,,,92,84,109,,19,11,,34,10,,19,,,0,,,71,,,,0,0,,15,0,35,41,,13,0,46,12,27,,11,36,22,11,,,,0
28420,KENNEWICK-RICHLAND,2025,TRUE,three_year_total,"2023,2024,2025",TRUE,TRUE,19,98,89,,,47,44,,0,48.0,44.9,7.1,0.0,,,,,,98,93,87,,20,10,17,30,14,,19,,10,,,,79,,,,0,0,,12,0,39,47,,,0,48,15,33,,18,39,25,,,,0,0
28450,KENOSHA,2024,TRUE,three_year_total,2024,TRUE,TRUE,21,45,43,0,,30,13,,0,66.7,28.9,4.4,0.0,,,,,,45,42,54,0,,,22,,,,,,18,0,0,,39,,,0,0,0,,,0,14,28,,,0,23,11,10,,12,,,10,,,0,0
28450,KENOSHA,2025,TRUE,three_year_total,"2024,2025",TRUE,TRUE,19,87,82,,,59,26,,0,67.8,29.9,2.3,0.0,,,,,,87,82,94,,14,,36,17,,,14,,31,0,,,69,,,,0,0,,11,0,22,56,,,0,45,21,18,,18,26,16,12,11,,,0
28660,KILLEEN-TEMPLE,2018,TRUE,single_year,2018,TRUE,TRUE,19,110,84,,25,,24,81,0,4.5,21.8,73.6,0.0,60000,51000,71500,185000,4.625,110,110,232,,,,,20,69,14,,0,0,0,0,,41,45,,,,,,14,0,15,82,,11,0,63,21,20,,11,73,17,,,,,0
28660,KILLEEN-TEMPLE,2019,TRUE,single_year,2019,FALSE,TRUE,14,156,118,0,38,11,23,122,0,7.1,14.7,78.2,0.0,61000,52000,78250,195000,4.125,156,155,219,45,,,,18,98,22,,,,0,0,,49,61,,,,0,,35,0,30,89,,34,0,91,22,32,11,18,90,29,12,,,0,0
28660,KILLEEN-TEMPLE,2020,TRUE,single_year,2020,TRUE,TRUE,16,174,133,,40,15,30,129,0,8.6,17.2,74.1,0.0,71000,56000,95000,225000,3.125,174,173,219,11,,,,24,101,30,,,,0,0,,41,65,,0,,,,52,0,21,100,,44,0,90,33,39,12,23,88,36,16,,,,0
28660,KILLEEN-TEMPLE,2021,TRUE,single_year,2021,TRUE,TRUE,15,154,137,,16,19,15,120,0,12.3,9.7,77.9,0.0,70000,54000,96000,245000,2.99,153,153,255,,12,,,,98,23,12,,0,0,0,,32,54,11,,,,,48,0,25,86,,42,0,88,28,26,12,24,69,34,12,,,,0
28660,KILLEEN-TEMPLE,2022,TRUE,single_year,2022,FALSE,TRUE,14,141,114,0,27,14,24,103,0,9.9,17.0,73.0,0.0,84000,63000,108000,315000,5.069,141,141,222,10,12,,,19,87,14,,,,0,0,0,45,42,,,,0,,42,0,24,75,,38,0,76,24,32,,14,70,36,13,,,,0
28660,KILLEEN-TEMPLE,2023,TRUE,single_year,2023,TRUE,TRUE,16,203,181,,21,16,38,149,0,7.9,18.7,73.4,0.0,97000,77500,119000,365000,6.5,203,201,165,,10,,11,27,124,26,,,,0,,,57,75,,0,,,,55,0,37,110,,49,0,104,43,42,14,32,86,56,16,,,,0
28660,KILLEEN-TEMPLE,2024,TRUE,single_year,2024,TRUE,TRUE,13,228,199,,27,26,33,169,0,11.4,14.5,74.1,0.0,103000,81750,130000,375000,6.25,228,227,137,,10,,17,27,141,24,,,13,0,0,,63,85,13,,,,,55,0,45,126,,48,0,112,49,50,17,28,113,51,20,11,,,0
28660,KILLEEN-TEMPLE,2025,TRUE,single_year,2025,TRUE,TRUE,12,284,255,,28,30,33,221,0,10.6,11.6,77.8,0.0,102000,79000,133000,370000,5.99,281,281,118,,13,11,15,28,191,26,13,,,,0,,74,92,21,,,,,80,0,64,155,,56,0,127,64,76,17,43,130,66,28,11,,0,0
28700,KINGSPORT-BRISTOL,2018,TRUE,three_year_total,2018,TRUE,TRUE,27,,,0,0,,,,0,62.5,25.0,12.5,0.0,,,,,,,,27,0,,0,0,,,,,0,0,0,,,,,0,0,0,0,0,,0,0,,0,,0,,0,,,,,,0,,,0,0
28700,KINGSPORT-BRISTOL,2019,TRUE,three_year_total,"2018,2019",TRUE,TRUE,27,24,23,,0,21,,,0,87.5,8.3,4.2,0.0,,,,,,24,13,67,0,,,,,,11,,,,0,,11,20,,0,0,0,0,,,0,0,23,0,,0,,,,,,,,,,,,0
28700,KINGSPORT-BRISTOL,2020,TRUE,three_year_total,"2018,2019,2020",TRUE,TRUE,25,38,36,,0,33,,,0,86.8,10.5,2.6,0.0,,,,,,38,22,106,0,,,,,,18,,,,0,,18,30,,0,0,0,0,,,0,0,36,0,,0,14,,14,,,,,,,,,0
28700,KINGSPORT-BRISTOL,2021,TRUE,three_year_total,"2019,2020,2021",TRUE,TRUE,19,50,43,,,44,,0,0,88.0,12.0,0.0,0.0,,,,,,49,28,120,0,10,,,,,25,10,,,,,25,44,,0,0,0,0,,,0,0,47,0,,0,17,14,19,0,,11,,11,11,,,0
28700,KINGSPORT-BRISTOL,2022,TRUE,three_year_total,"2020,2021,2022",TRUE,TRUE,16,45,38,,,33,11,,0,73.3,24.4,2.2,0.0,,,,,,44,31,117,0,11,,0,11,,19,11,,0,,,18,41,,0,0,0,0,0,,0,,41,0,,0,16,13,16,0,,11,,11,10,,,0
28700,KINGSPORT-BRISTOL,2023,TRUE,three_year_total,"2021,2022,2023",TRUE,TRUE,17,44,37,,,30,12,,0,68.2,27.3,4.5,0.0,,,,,,43,32,107,0,11,,0,12,,17,11,,0,,,15,42,,0,0,0,0,,0,0,,41,0,,0,19,11,14,0,,13,,11,,,,0
28700,KINGSPORT-BRISTOL,2024,TRUE,three_year_total,"2022,2023,2024",TRUE,TRUE,22,41,36,,,28,10,,0,68.3,24.4,7.3,0.0,,,,,,41,31,93,0,10,,,,,18,10,,,0,,15,38,,0,0,0,0,,,0,,39,0,,0,19,,12,,,14,,11,,,,0
28700,KINGSPORT-BRISTOL,2025,TRUE,three_year_total,"2023,2024,2025",TRUE,TRUE,24,49,45,,,39,,,0,79.6,16.3,4.1,0.0,,,,,,47,31,87,0,,,,,,28,,,,0,,26,45,,0,0,0,0,,,0,0,45,0,,0,22,,18,,,13,,10,,,,0
28740,KINGSTON,2018,TRUE,single_year,2018,TRUE,TRUE,18,53,44,,,31,20,,0,58.5,37.7,3.8,0.0,69000,56000,99000,185000,4.75,53,42,51,0,12,,,15,,11,12,,,0,,11,39,,,0,0,0,,,0,,42,0,,0,25,10,15,,0,20,15,11,,,0,0
28740,KINGSTON,2019,TRUE,single_year,2019,TRUE,TRUE,18,60,49,,,39,20,,0,65.0,33.3,1.7,0.0,85000,62500,129000,200000,4.25,59,49,44,0,16,12,,13,,12,14,10,,0,,11,43,,,0,0,,0,,0,,45,,11,0,28,13,13,,,27,16,,,,0,0
28740,KINGSTON,2020,TRUE,single_year,2020,TRUE,TRUE,21,64,46,10,,36,22,,0,56.2,34.4,9.4,0.0,85000,64500,131000,235000,3.25,63,57,48,,18,11,,13,,10,17,,,0,,,45,,,0,0,0,,12,0,,45,,,0,28,16,18,,,21,18,,,,0,
28740,KINGSTON,2021,TRUE,single_year,2021,TRUE,TRUE,19,113,97,,,74,36,,0,65.5,31.9,2.7,0.0,87000,60500,120000,265000,3.125,112,105,76,,44,19,,28,,,44,18,,0,,,75,,,0,0,0,,26,0,,83,,21,0,45,43,13,12,,38,36,15,12,,,
28740,KINGSTON,2022,TRUE,single_year,2022,TRUE,TRUE,18,80,62,16,,56,22,,0,70.0,27.5,2.5,0.0,103500,77750,152750,305000,4.625,80,73,102,,26,21,,14,,,26,19,,0,,,56,,,0,0,0,,15,0,13,56,,10,0,42,15,16,,,28,28,13,,,,0
28740,KINGSTON,2023,TRUE,single_year,2023,TRUE,TRUE,18,51,44,,0,40,10,,0,78.4,19.6,2.0,0.0,114000,86500,159500,315000,6.5,51,41,55,0,16,,,10,,10,16,,,0,,10,28,,,,0,0,,12,0,,35,0,12,0,18,12,13,,0,25,14,,,,,0
28740,KINGSTON,2024,TRUE,three_year_total,"2022,2023,2024",TRUE,TRUE,12,178,144,31,,134,41,,0,75.3,23.0,1.7,0.0,,,,,,178,159,207,,60,40,21,32,,19,60,36,16,,,19,115,10,11,,0,0,,36,0,27,123,,27,0,83,37,42,16,,66,57,23,18,,,0
28740,KINGSTON,2025,TRUE,three_year_total,"2023,2024,2025",TRUE,TRUE,13,142,117,20,,116,25,,0,81.7,17.6,0.7,0.0,,,,,,142,126,156,,49,28,24,22,,16,49,25,23,,,16,84,14,,,0,0,,31,0,17,94,,27,0,53,33,44,12,,50,47,13,16,,,0
28880,KIRYAS JOEL-POUGHKEEPSIE-NEWBURGH,2024,TRUE,single_year,2024,TRUE,TRUE,12,171,128,39,,115,51,,0,67.3,29.8,2.9,0.0,124500,93250,160500,405000,6.75,166,161,165,10,42,24,53,37,,10,38,22,43,0,,10,102,23,,,,,,39,0,44,83,,40,0,83,36,38,14,15,75,44,19,10,,,0
28880,KIRYAS JOEL-POUGHKEEPSIE-NEWBURGH,2025,TRUE,single_year,2025,TRUE,TRUE,13,143,113,23,,95,43,,0,66.4,30.1,3.5,0.0,126000,94250,177750,405000,6.625,142,135,163,,37,18,37,28,12,11,37,14,28,,,,75,17,,,0,,,37,0,42,71,,24,0,62,47,27,,10,41,53,22,14,,0,0
28940,KNOXVILLE,2018,TRUE,three_year_total,2018,TRUE,TRUE,28,24,20,,,15,,0,0,62.5,37.5,0.0,0.0,,,,,,23,16,110,,,,0,,,,,0,0,0,0,,18,,,0,0,0,0,,0,0,20,,,0,,,,,,,,,,,,
28940,KNOXVILLE,2019,TRUE,single_year,2019,TRUE,TRUE,19,58,50,,,36,19,,0,62.1,32.8,5.2,0.0,68500,43250,108000,170000,4.25,58,41,111,,13,,,14,,18,13,,,0,,18,50,0,0,0,0,0,,,0,0,49,,,0,21,12,22,,,18,,10,,10,,0
28940,KNOXVILLE,2020,TRUE,single_year,2020,TRUE,TRUE,19,51,44,,,37,11,,0,72.5,21.6,5.9,0.0,60500,44250,101500,195000,3.25,50,37,115,0,11,,,,,18,10,,0,0,,18,46,0,,0,0,0,0,,0,,43,,,0,18,13,19,,,10,13,10,,,,0
28940,KNOXVILLE,2021,TRUE,three_year_total,"2019,2020,2021",TRUE,TRUE,10,157,135,12,10,103,43,11,0,65.6,27.4,7.0,0.0,,,,,,156,118,381,,35,15,,32,18,53,34,12,,0,,53,137,0,,0,0,0,,16,0,,130,,19,0,56,40,53,,,44,29,30,21,16,10,0
28940,KNOXVILLE,2022,TRUE,single_year,2022,TRUE,TRUE,18,55,52,,,38,14,,0,69.1,25.5,5.5,0.0,76000,55000,110000,225000,5.25,55,46,139,0,14,10,,13,,16,14,,,0,0,14,50,,,0,0,0,0,,0,,46,0,,0,22,17,15,,,18,,17,,,,0
28940,KNOXVILLE,2023,TRUE,three_year_total,"2021,2022,2023",TRUE,TRUE,15,137,123,10,,93,33,11,0,67.9,24.1,8.0,0.0,,,,,,137,108,389,,31,16,,28,,50,31,13,,0,0,48,119,,,0,,0,0,,0,,112,,16,0,50,35,44,,,46,23,32,18,,,0
28940,KNOXVILLE,2024,TRUE,single_year,2024,TRUE,TRUE,24,54,51,,,42,,,0,77.8,14.8,7.4,0.0,106000,65250,179750,335000,6.875,54,33,93,0,,,,,,31,,,,0,0,31,46,,,0,0,0,,,0,,48,0,,0,14,12,27,,,16,,,11,,,0
28940,KNOXVILLE,2025,TRUE,single_year,2025,TRUE,TRUE,25,60,54,,,49,,,0,81.7,13.3,5.0,0.0,99000,75500,156500,345000,7.25,59,41,110,,,,,,,33,,,,0,,31,48,,0,0,0,0,0,,0,,47,,10,0,16,17,24,,,18,,,,,,0
29020,KOKOMO,2018,TRUE,three_year_total,2018,TRUE,TRUE,11,,,0,0,,0,0,0,100.0,0.0,0.0,0.0,,,,,,,,14,0,,0,0,0,0,0,,0,0,0,0,0,,0,0,0,0,0,0,0,0,0,,0,0,0,,0,0,0,0,0,0,,0,0,0,0
29020,KOKOMO,2019,TRUE,three_year_total,"2018,2019",TRUE,TRUE,20,,,0,0,,0,,0,80.0,0.0,20.0,0.0,,,,,,,,23,0,,,0,0,,0,,,0,0,0,0,,,0,0,0,0,0,,0,0,,0,0,0,,0,,0,0,,0,,,0,0,0
29020,KOKOMO,2020,TRUE,three_year_total,"2018,2019,2020",TRUE,TRUE,22,,,0,0,,,,0,66.7,16.7,16.7,0.0,,,,,,,,36,0,,,0,,,0,,,0,0,0,0,,,0,0,0,0,0,,0,0,,0,0,0,,0,,0,0,,0,,,0,0,0
29020,KOKOMO,2021,TRUE,three_year_total,"2019,2020,2021",TRUE,TRUE,21,,,0,0,,,,0,50.0,33.3,16.7,0.0,,,,,,,,44,0,,,0,,,0,,,0,0,0,0,,,0,0,0,0,0,,0,0,,0,0,0,,0,,0,0,,0,0,,0,0,0
29020,KOKOMO,2022,TRUE,three_year_total,"2020,2021,2022",TRUE,TRUE,20,,,,,,,0,0,20.0,80.0,0.0,0.0,,,,,,,,53,0,,0,0,,0,0,,0,0,0,0,0,,,0,,0,0,,0,0,0,,0,0,0,,0,0,0,0,,,,0,0,0,0
29020,KOKOMO,2023,TRUE,three_year_total,"2021,2022,2023",TRUE,TRUE,20,,,,,,,0,0,25.0,75.0,0.0,0.0,,,,,,,,65,0,,0,0,,0,0,,0,0,0,0,0,,,0,,0,0,,0,0,0,,0,0,0,,0,0,0,0,,,,0,0,0,0
29020,KOKOMO,2024,TRUE,three_year_total,"2022,2023,2024",TRUE,TRUE,20,,,,,,,0,0,25.0,75.0,0.0,0.0,,,,,,,,58,0,,0,0,,0,0,,0,0,0,0,0,,,0,,0,0,,0,0,,,0,0,0,,0,0,0,0,0,,,0,0,0,0
29020,KOKOMO,2025,TRUE,three_year_total,"2023,2024,2025",TRUE,TRUE,24,,,0,0,,,,0,50.0,37.5,12.5,0.0,,,,,,,,53,0,0,0,,,,0,0,0,,0,0,0,,0,0,,0,0,0,,0,,,0,,0,,,0,,,,,,0,0,0,0
29100,LA CROSSE-ONALASKA,2018,TRUE,three_year_total,2018,TRUE,TRUE,20,18,17,0,,11,,0,0,61.1,38.9,0.0,0.0,,,,,,18,16,67,0,,,,,,,,,0,0,0,,17,0,0,0,0,0,0,,0,,17,0,0,0,11,,,0,,,,,,0,0,0
29100,LA CROSSE-ONALASKA,2019,TRUE,three_year_total,"2018,2019",TRUE,TRUE,20,39,36,,,25,13,,0,64.1,33.3,2.6,0.0,,,,,,37,30,163,,10,,,,,10,10,,0,0,,10,35,0,0,0,0,0,0,,0,,35,0,,0,20,,11,,10,12,,,,,0,
29100,LA CROSSE-ONALASKA,2020,TRUE,three_year_total,"2018,2019,2020",TRUE,TRUE,19,56,53,,,41,14,,0,73.2,25.0,1.8,0.0,,,,,,54,44,228,,15,,,10,,13,15,,,0,,13,52,0,0,0,0,0,0,,0,,52,0,,0,32,,14,,15,17,11,,,,0,
29100,LA CROSSE-ONALASKA,2021,TRUE,three_year_total,"2019,2020,2021",TRUE,TRUE,18,56,52,,0,43,12,,0,76.8,21.4,1.8,0.0,,,,,,54,44,269,,14,,,12,,12,14,,,0,,12,51,,0,0,0,0,0,,0,0,53,0,,0,31,,13,,19,19,11,,,,0,
29100,LA CROSSE-ONALASKA,2022,TRUE,three_year_total,"2020,2021,2022",TRUE,TRUE,15,61,58,,,50,10,,0,82.0,16.4,1.6,0.0,,,,,,61,50,242,0,12,15,11,,,11,12,14,11,0,,11,53,,0,0,0,0,,,0,0,57,,,0,36,10,13,,21,22,14,,,,0,0
29100,LA CROSSE-ONALASKA,2023,TRUE,three_year_total,"2021,2022,2023",TRUE,TRUE,18,72,68,,,55,14,,0,76.4,19.4,4.2,0.0,,,,,,71,62,226,,15,18,12,,,10,14,17,11,0,,10,61,,0,,0,0,,,0,,64,,,0,39,,21,,20,32,13,,,0,0,0
29100,LA CROSSE-ONALASKA,2024,TRUE,three_year_total,"2022,2023,2024",TRUE,TRUE,19,90,84,,,73,13,,0,81.1,14.4,4.4,0.0,,,,,,89,74,175,,15,18,24,,10,17,14,16,23,0,,16,75,,,,0,0,,,0,,79,,,0,50,,27,,19,47,13,,,,0,0
29100,LA CROSSE-ONALASKA,2025,TRUE,three_year_total,"2023,2024,2025",TRUE,TRUE,21,95,87,,,80,10,,0,84.2,10.5,5.3,0.0,,,,,,92,76,174,,21,15,24,,,21,20,14,23,,,19,80,,,,0,0,,,0,,85,,,0,54,,30,,18,48,13,,,,0,0
29180,LAFAYETTE,2018,TRUE,three_year_total,2018,TRUE,TRUE,26,16,,,,,,,0,50.0,43.8,6.2,0.0,,,,,,15,14,83,0,,,0,,,,,,0,0,0,,13,,0,0,0,0,0,,0,0,14,0,,0,11,,,,,,,,,0,0,
29180,LAFAYETTE,2019,TRUE,three_year_total,"2018,2019",TRUE,TRUE,21,31,21,,,19,11,,0,61.3,35.5,3.2,0.0,,,,,,30,22,175,,,,0,10,,10,,,0,0,0,10,25,,,0,0,0,0,,0,0,28,0,,0,16,,11,,,,,,,0,0,
29180,LAFAYETTE,2020,TRUE,three_year_total,"2018,2019,2020",TRUE,TRUE,20,37,25,,,22,12,,0,59.5,32.4,8.1,0.0,,,,,,35,26,256,,,,0,11,,12,,,0,0,0,12,27,,,0,0,0,0,,0,0,32,0,,0,18,,12,,,12,,,,0,0,
29180,LAFAYETTE,2021,TRUE,three_year_total,"2019,2020,2021",TRUE,TRUE,23,40,29,,,25,12,,0,62.5,30.0,7.5,0.0,,,,,,38,24,289,,,,0,,,19,,,0,,0,17,27,,,0,0,0,0,,0,0,34,,,0,13,,16,,,12,,,,0,0,
29180,LAFAYETTE,2022,TRUE,three_year_total,"2020,2021,2022",TRUE,TRUE,25,40,27,,,19,17,,0,47.5,42.5,10.0,0.0,,,,,,37,30,292,,,,,12,,12,,,0,,0,10,20,12,,0,0,0,,,0,,32,,,0,17,,13,,,15,,,,,0,
29180,LAFAYETTE,2023,TRUE,three_year_total,"2021,2022,2023",TRUE,TRUE,23,56,41,,,31,21,,0,55.4,37.5,7.1,0.0,,,,,,54,44,301,,14,,,15,,15,13,,,,0,12,33,15,,0,0,0,,,0,,48,,,0,28,,18,,,18,11,12,,,,
29180,LAFAYETTE,2024,TRUE,three_year_total,"2022,2023,2024",TRUE,TRUE,23,51,39,,,31,16,,0,60.8,31.4,7.8,0.0,,,,,,50,44,262,,16,,,11,,10,15,,,,0,,28,16,0,0,0,,,,0,,46,0,,0,30,,14,,,18,10,11,,,,
29180,LAFAYETTE,2025,TRUE,three_year_total,"2023,2024,2025",TRUE,TRUE,22,50,41,,,38,,,0,76.0,16.0,8.0,0.0,,,,,,49,37,232,,13,,,,,18,12,,,,0,16,33,12,0,0,0,,0,,0,,44,0,,0,26,,16,,,13,11,12,,,,0
29200,LAFAYETTE-WEST LAFAYETTE,2018,TRUE,three_year_total,2018,TRUE,TRUE,29,10,,,,,,0,0,40.0,60.0,0.0,0.0,,,,,,,,46,0,,,0,,,,,,0,0,0,,,,0,0,0,0,0,,0,,,0,,0,,,0,,,,,0,,0,0,
29200,LAFAYETTE-WEST LAFAYETTE,2019,TRUE,three_year_total,"2018,2019",TRUE,TRUE,27,20,15,,,,11,,0,40.0,55.0,5.0,0.0,,,,,,19,16,97,,,,,,,,,,,0,0,,15,,0,0,0,0,0,,0,,16,0,,0,12,,,,,10,,,,0,0,
29200,LAFAYETTE-WEST LAFAYETTE,2020,TRUE,three_year_total,"2018,2019,2020",TRUE,TRUE,26,35,28,,,15,19,,0,42.9,54.3,2.9,0.0,,,,,,34,31,144,,,,,16,,,,,,0,0,,26,,,0,0,0,0,,0,,29,0,,0,21,,,,,16,,,,0,0,
29200,LAFAYETTE-WEST LAFAYETTE,2021,TRUE,three_year_total,"2019,2020,2021",TRUE,TRUE,26,40,33,,,22,17,,0,55.0,42.5,2.5,0.0,,,,,,39,39,152,,14,,,15,,,14,,,0,0,,30,,,0,0,0,,,0,,34,0,,0,25,,,,,18,,,,,0,
29200,LAFAYETTE-WEST LAFAYETTE,2022,TRUE,three_year_total,"2020,2021,2022",TRUE,TRUE,22,36,30,,,21,15,0,0,58.3,41.7,0.0,0.0,,,,,,35,36,162,,14,,,14,0,0,14,,,0,0,0,27,,,0,0,0,,,0,,29,0,,0,21,,,,,13,,,,,0,
29200,LAFAYETTE-WEST LAFAYETTE,2023,TRUE,three_year_total,"2021,2022,2023",TRUE,TRUE,23,38,31,,,26,11,,0,68.4,28.9,2.6,0.0,,,,,,36,38,155,,18,,,10,0,0,18,,,0,0,0,31,,,0,0,0,,,0,,31,0,,0,20,,,,,12,,,,,0,
29200,LAFAYETTE-WEST LAFAYETTE,2024,TRUE,three_year_total,"2022,2023,2024",TRUE,TRUE,22,32,25,,,21,10,,0,65.6,31.2,3.1,0.0,,,,,,31,31,152,,12,,,,0,,12,,,0,0,,27,0,,0,0,0,0,,0,,25,0,,0,14,,,,,,10,,,0,0,0
29200,LAFAYETTE-WEST LAFAYETTE,2025,TRUE,three_year_total,"2023,2024,2025",TRUE,TRUE,20,37,30,,,25,11,,0,67.6,29.7,2.7,0.0,,,,,,36,35,142,0,11,,10,,0,,11,,,0,0,,30,,,0,0,0,0,,0,,28,0,,0,19,,10,,10,,10,,,,0,0
29340,LAKE CHARLES,2018,TRUE,three_year_total,2018,TRUE,TRUE,30,,,,,,,,0,66.7,22.2,11.1,0.0,,,,,,,,61,0,,0,,,,,,0,,0,0,,,,0,,0,0,0,0,0,,,,0,0,,,,0,0,,,,,0,0,0
29340,LAKE CHARLES,2019,TRUE,three_year_total,"2018,2019",TRUE,TRUE,26,16,12,,,10,,,0,62.5,25.0,12.5,0.0,,,,,,16,14,117,0,,0,,,,,,0,,0,0,,11,,0,,0,0,,0,0,,13,,0,0,,,,0,,,,,,,0,0
29340,LAKE CHARLES,2020,TRUE,three_year_total,"2018,2019,2020",TRUE,TRUE,29,26,19,,,16,,,0,61.5,30.8,7.7,0.0,,,,,,23,22,150,,,0,,,,,,0,,0,0,,13,,0,,0,0,,,0,,18,,,0,10,,,,,11,,,,,0,
29340,LAKE CHARLES,2021,TRUE,three_year_total,"2019,2020,2021",TRUE,TRUE,29,31,26,,,14,12,,0,45.2,38.7,16.1,0.0,,,,,,28,27,151,,,,,12,,,,,0,0,0,,17,,,0,0,0,,,0,,25,0,,0,12,,,,,,,,,,,
29340,LAKE CHARLES,2022,TRUE,three_year_total,"2020,2021,2022",TRUE,TRUE,26,36,30,,,18,14,,0,50.0,38.9,11.1,0.0,,,,,,33,32,142,,,,,12,,,,,0,0,0,,19,,,0,0,0,0,,0,0,28,0,,0,13,,10,,,,,,,,,
29340,LAKE CHARLES,2023,TRUE,three_year_total,"2021,2022,2023",TRUE,TRUE,24,38,32,,,18,15,,0,47.4,39.5,13.2,0.0,,,,,,38,36,152,0,,,,11,,,,,,0,0,,24,,,0,0,0,0,,0,,34,0,,0,19,,10,0,,11,,,,,,0
29340,LAKE CHARLES,2024,TRUE,three_year_total,"2022,2023,2024",TRUE,TRUE,25,37,32,,,18,16,,0,48.6,43.2,8.1,0.0,,,,,,37,35,109,0,,,,11,,,,,,0,0,,23,,0,0,0,0,0,,0,,29,,,0,22,,,,,14,,,,,0,0
29340,LAKE CHARLES,2025,TRUE,three_year_total,"2023,2024,2025",TRUE,TRUE,24,41,32,,,20,14,,0,48.8,34.1,17.1,0.0,,,,,,41,37,86,0,,,,10,,10,,,,0,0,,25,11,,0,0,0,,,0,,35,,,0,21,,12,,,16,,,,,0,0
29404,LAKE COUNTY,2018,TRUE,single_year,2018,TRUE,TRUE,15,91,78,,,38,46,,0,41.8,50.5,7.7,0.0,61500,39500,80000,145000,4.75,90,89,99,0,14,14,13,28,19,,13,11,10,0,,,72,,,0,0,0,0,,,20,64,,,0,48,26,14,,18,32,17,11,,,0,0
29404,LAKE COUNTY,2019,TRUE,single_year,2019,TRUE,TRUE,18,107,92,,,44,52,11,0,41.1,48.6,10.3,0.0,57000,43500,73500,145000,4.375,107,105,94,,15,12,23,32,19,,15,,15,,,,85,,,,0,,,11,0,36,61,,,0,65,23,13,,18,38,17,18,10,,,0
29404,LAKE COUNTY,2020,TRUE,single_year,2020,TRUE,TRUE,19,105,94,,,34,63,,0,32.4,60.0,7.6,0.0,57000,45000,73000,165000,3.25,105,105,71,,14,10,,58,14,,14,10,,,,0,74,13,,,,0,,10,0,35,64,,,0,63,21,20,,14,42,19,16,,,0,
29404,LAKE COUNTY,2021,TRUE,single_year,2021,TRUE,TRUE,16,170,159,,,60,101,,0,35.3,59.4,5.3,0.0,54000,42000,78000,175000,3.125,169,169,150,,25,29,11,82,20,,24,26,,,,,121,18,,,0,0,,22,0,74,83,,12,0,79,51,37,,25,68,32,16,21,,,0
29404,LAKE COUNTY,2022,TRUE,single_year,2022,TRUE,TRUE,13,125,119,0,,57,62,,0,45.6,49.6,4.8,0.0,60000,48000,90000,185000,5.125,125,123,130,,20,30,12,50,,,18,27,,,,,96,11,,0,0,0,0,14,0,56,55,,12,0,68,41,13,,24,38,27,21,14,,0,0
29404,LAKE COUNTY,2023,TRUE,single_year,2023,TRUE,TRUE,13,97,87,,,53,39,,0,54.6,40.2,5.2,0.0,71000,56000,89000,215000,6.625,97,96,95,0,15,16,22,31,11,,15,13,20,,,,71,10,0,,0,0,0,15,0,38,48,,10,0,49,30,15,,19,35,21,10,,,,0
29404,LAKE COUNTY,2024,TRUE,single_year,2024,TRUE,TRUE,26,53,44,,,40,10,,0,75.5,18.9,5.7,0.0,84000,69500,131250,265000,6.999,52,50,55,0,,,22,,,,,,20,0,,,37,,,0,0,,,,0,26,23,,,0,33,13,,,,17,,11,,,,0
29404,LAKE COUNTY,2025,TRUE,single_year,2025,TRUE,TRUE,24,53,42,,,33,12,,0,62.3,22.6,15.1,0.0,87000,69000,130000,275000,6.625,53,49,62,,,,15,,,,,,14,0,,,37,,0,,0,,,,0,35,13,,,0,31,11,10,,12,17,13,,,,0,0
29414,LAKE COUNTY-PORTER COUNTY-JASPER COUNTY,2024,TRUE,single_year,2024,TRUE,TRUE,14,95,71,14,10,59,32,,0,62.1,33.7,4.2,0.0,76000,61000,102500,235000,6.625,94,92,127,,10,11,38,24,,,,,34,0,,,63,14,,0,,,0,15,0,36,48,0,11,0,52,29,,,14,37,22,10,11,0,0,
29414,LAKE COUNTY-PORTER COUNTY-JASPER COUNTY,2025,TRUE,single_year,2025,TRUE,TRUE,17,79,62,10,,54,20,,0,68.4,25.3,6.3,0.0,92000,73000,130000,265000,6.5,77,72,128,,10,,28,18,,,,,28,0,0,,50,13,,0,0,0,,13,0,26,43,,,0,47,21,,,11,26,19,,12,,0,0
29420,LAKE HAVASU CITY-KINGMAN,2018,TRUE,three_year_total,2018,TRUE,TRUE,25,,,0,0,,,,0,28.6,42.9,28.6,0.0,,,,,,,,37,0,,0,,,,0,,0,0,0,0,0,,0,,0,0,0,0,,0,0,,0,,0,,,,,0,,,0,,,0,0
29420,LAKE HAVASU CITY-KINGMAN,2019,TRUE,three_year_total,"2018,2019",TRUE,TRUE,27,19,18,0,,10,,,0,52.6,21.1,26.3,0.0,,,,,,18,18,87,0,,,,,,,,,0,0,0,,14,0,,0,0,0,0,,0,,13,0,,0,,,,,,,,,,,,0
29420,LAKE HAVASU CITY-KINGMAN,2020,TRUE,three_year_total,"2018,2019,2020",TRUE,TRUE,26,24,19,,,10,,,0,41.7,33.3,25.0,0.0,,,,,,23,23,125,0,,,,,,,,,0,0,0,,19,0,,0,0,0,0,,0,,16,0,,0,10,,10,,,,,,,,,0
29420,LAKE HAVASU CITY-KINGMAN,2021,TRUE,three_year_total,"2019,2020,2021",TRUE,TRUE,27,30,25,,,14,10,,0,46.7,33.3,20.0,0.0,,,,,,29,29,139,0,,,,,,,,,0,0,0,,25,0,,0,0,,0,,0,,17,,,0,12,,12,,,,,,,,,0
29420,LAKE HAVASU CITY-KINGMAN,2022,TRUE,three_year_total,"2020,2021,2022",TRUE,TRUE,28,23,17,,,,12,,0,34.8,52.2,13.0,0.0,,,,,,23,23,114,0,,,,,,,,,0,0,0,,19,0,,0,0,,0,,0,,11,,,0,12,,,,,,10,,,,,0
29420,LAKE HAVASU CITY-KINGMAN,2023,TRUE,three_year_total,"2021,2022,2023",TRUE,TRUE,25,25,22,0,,12,,,0,48.0,36.0,16.0,0.0,,,,,,25,25,93,0,,,,,,,,,0,0,0,,19,0,,0,0,,0,,0,,11,,,0,14,,,,0,,11,,,,0,0
29420,LAKE HAVASU CITY-KINGMAN,2024,TRUE,three_year_total,"2022,2023,2024",TRUE,TRUE,26,20,17,0,,,,,0,40.0,35.0,25.0,0.0,,,,,,20,20,57,0,,,,,,,,,,0,0,0,15,0,,0,0,0,0,,0,,10,0,,0,15,,,,,,,,,,0,0
29420,LAKE HAVASU CITY-KINGMAN,2025,TRUE,three_year_total,"2023,2024,2025",TRUE,TRUE,24,24,21,0,,13,,,0,54.2,25.0,20.8,0.0,,,,,,24,24,61,0,,,,,,,,,,0,0,0,18,0,0,0,0,0,0,,0,,13,0,,0,17,,,,,,,,,,0,0
29460,LAKELAND-WINTER HAVEN,2018,TRUE,three_year_total,2018,TRUE,TRUE,22,28,24,0,,11,15,,0,39.3,53.6,7.1,0.0,,,,,,28,28,66,0,,,0,10,,,,,0,0,0,,16,,,0,0,0,0,,0,,19,,,0,13,11,,,,15,,,,,0,0
29460,LAKELAND-WINTER HAVEN,2019,TRUE,three_year_total,"2018,2019",TRUE,TRUE,23,60,48,,,23,33,,0,38.3,55.0,6.7,0.0,,,,,,60,60,140,,11,11,,21,12,,10,,,0,,,37,10,,,0,0,,,0,14,38,,,0,28,22,,,,21,14,,,,,0
29460,LAKELAND-WINTER HAVEN,2020,TRUE,three_year_total,"2018,2019,2020",TRUE,TRUE,17,90,74,,,32,52,,0,35.6,57.8,6.7,0.0,,,,,,90,89,211,,13,15,,38,15,,12,11,,0,,,52,17,,,0,0,,15,0,20,55,,11,0,46,29,12,,,34,21,11,10,,,0
29460,LAKELAND-WINTER HAVEN,2021,TRUE,three_year_total,"2019,2020,2021",TRUE,TRUE,16,94,75,10,,33,54,,0,35.1,57.4,7.4,0.0,,,,,,94,93,267,,15,14,,42,15,,14,12,,0,,,58,16,,,0,0,,15,0,24,54,,13,0,51,27,12,,10,30,25,14,,,,0
29460,LAKELAND-WINTER HAVEN,2022,TRUE,three_year_total,"2020,2021,2022",TRUE,TRUE,13,104,88,,,33,59,12,0,31.7,56.7,11.5,0.0,,,,,,104,103,308,,16,15,,48,15,,16,13,,0,0,,54,28,,0,0,0,,17,0,18,63,,20,0,55,31,11,,16,37,29,11,,,0,0
29460,LAKELAND-WINTER HAVEN,2023,TRUE,three_year_total,"2021,2022,2023",TRUE,TRUE,10,119,100,10,,41,64,14,0,34.5,53.8,11.8,0.0,,,,,,119,116,302,,20,13,12,48,18,,20,12,,0,0,,62,30,,,0,0,0,22,0,26,64,,27,0,59,34,16,10,16,39,37,14,,,0,0
29460,LAKELAND-WINTER HAVEN,2024,TRUE,single_year,2024,TRUE,TRUE,18,66,55,,,35,27,,0,53.0,40.9,6.1,0.0,103500,70500,152500,330000,6.625,66,61,95,0,,,17,13,12,11,,,12,0,,10,33,16,,,,0,,11,0,18,36,,10,0,31,14,19,,,20,21,10,,,,0
29460,LAKELAND-WINTER HAVEN,2025,TRUE,single_year,2025,TRUE,TRUE,16,53,40,,,22,19,12,0,41.5,35.8,22.6,0.0,97000,81000,137000,365000,6.625,53,52,104,,,,12,14,10,10,,,11,0,0,,31,,0,0,0,0,0,14,0,18,23,,10,0,31,11,,,,23,13,,,,0,0
29484,LAKEWOOD-NEW BRUNSWICK,2024,TRUE,single_year,2024,TRUE,TRUE,10,267,228,29,10,161,99,,0,60.3,37.1,2.6,0.0,135000,114000,172000,515000,6.679,265,263,258,17,86,44,57,51,24,,84,32,37,0,,,177,23,18,0,0,,,41,,105,123,11,28,0,122,50,89,,15,113,74,38,20,,,0
29484,LAKEWOOD-NEW BRUNSWICK,2025,TRUE,single_year,2025,TRUE,TRUE,13,258,228,22,,154,95,,0,59.7,36.8,3.5,0.0,148000,122000,201000,565000,6.625,255,256,325,,69,31,68,63,20,,67,24,52,,,,155,15,17,,0,0,,62,,118,96,12,32,0,112,49,87,10,15,103,72,31,25,,,
29540,LANCASTER,2018,TRUE,three_year_total,2018,TRUE,TRUE,17,42,30,,,16,24,,0,38.1,57.1,4.8,0.0,,,,,,42,40,147,,13,,,16,,,13,,0,0,0,0,39,0,,0,0,0,0,,0,,34,0,,0,19,,19,0,10,19,,,,0,0,0
29540,LANCASTER,2019,TRUE,single_year,2019,TRUE,TRUE,22,53,43,,,18,32,,0,34.0,60.4,5.7,0.0,63000,48000,81000,175000,4.125,53,52,157,,10,,,26,,,,,,0,0,,45,,0,0,0,0,,,0,,49,0,,0,29,,18,,11,22,11,,,0,,0
29540,LANCASTER,2020,TRUE,three_year_total,"2018,2019,2020",TRUE,TRUE,12,142,109,22,11,60,75,,0,42.3,52.8,4.9,0.0,,,,,,141,139,465,,37,22,14,60,,,36,16,,0,0,,119,,,0,0,0,,11,0,10,122,0,10,0,75,16,46,,28,65,25,11,10,,,0
29540,LANCASTER,2021,TRUE,single_year,2021,TRUE,TRUE,17,81,62,11,,42,36,,0,51.9,44.4,3.7,0.0,64000,52000,90000,225000,3.125,81,80,181,,21,23,,26,,,21,19,,0,0,,63,,,0,0,0,0,12,0,,68,0,,0,47,14,17,,13,39,17,,,,,0
29540,LANCASTER,2022,TRUE,single_year,2022,TRUE,TRUE,23,55,48,,,39,15,,0,70.9,27.3,1.8,0.0,69000,53500,91000,225000,4.99,55,53,145,,20,,,12,,,20,,,0,,,41,,,0,0,0,,,0,,41,0,,0,29,14,12,0,,24,12,,,,,0
29540,LANCASTER,2023,TRUE,single_year,2023,TRUE,TRUE,19,69,55,,,46,19,,0,66.7,27.5,5.8,0.0,91500,62750,119250,245000,6.75,68,68,95,,25,12,14,12,,,25,,,0,0,,42,,,,0,0,0,14,0,,52,,10,0,36,13,15,,17,28,10,,,,,0
29540,LANCASTER,2024,TRUE,three_year_total,"2022,2023,2024",TRUE,TRUE,11,173,142,21,10,121,46,,0,69.9,26.6,3.5,0.0,,,,,,171,169,349,,56,24,41,32,,12,55,19,33,0,,10,118,16,,,0,0,,25,0,22,128,,22,0,92,34,40,,36,76,30,15,11,,,0
29540,LANCASTER,2025,TRUE,single_year,2025,TRUE,TRUE,22,51,42,,,40,,,0,78.4,17.6,3.9,0.0,90000,69000,144000,295000,6.612,51,48,121,,,12,15,,,,,11,15,0,,,36,,0,0,0,0,,11,0,,32,,12,0,30,,10,,13,20,,,,,0,0
29620,LANSING-EAST LANSING,2018,TRUE,three_year_total,2018,TRUE,TRUE,25,42,41,,0,23,18,,0,54.8,42.9,2.4,0.0,,,,,,40,40,84,,,,,13,,,,,,0,,,35,,0,0,0,0,,,0,0,39,,,0,24,,10,,,19,,,,,0,0
29620,LANSING-EAST LANSING,2019,TRUE,single_year,2019,TRUE,TRUE,20,65,55,,,31,30,,0,47.7,46.2,6.2,0.0,57000,41000,89000,125000,4.313,65,64,85,,14,11,10,24,,,12,,,0,,,47,,,,0,0,0,,0,,53,,,0,36,12,14,,,23,13,11,,0,0,0
29620,LANSING-EAST LANSING,2020,TRUE,single_year,2020,TRUE,TRUE,16,76,65,,,37,34,,0,48.7,44.7,6.6,0.0,55000,41500,72500,125000,3.375,75,74,84,,14,13,,28,,,14,13,,0,,,53,10,,,0,0,0,10,0,0,64,,10,0,42,19,12,,12,28,17,13,,,0,0
29620,LANSING-EAST LANSING,2021,TRUE,single_year,2021,TRUE,TRUE,21,97,90,,,43,49,,0,44.3,50.5,5.2,0.0,57000,42000,80000,145000,3.125,97,97,165,0,22,12,,45,,,21,12,,0,,,72,12,,,0,,,,0,,86,0,,0,67,17,,,13,47,20,,,,0,0
29620,LANSING-EAST LANSING,2022,TRUE,single_year,2022,TRUE,TRUE,22,54,43,,,34,18,,0,63.0,33.3,3.7,0.0,59000,44000,79000,145000,5.05,54,53,118,,17,13,,15,,,16,12,,0,,,38,,,0,0,,,,0,,44,0,,0,30,11,,,13,21,11,,,0,,0
29620,LANSING-EAST LANSING,2023,TRUE,single_year,2023,TRUE,TRUE,18,60,54,,,26,29,,0,43.3,48.3,8.3,0.0,78000,55000,110000,165000,6.875,59,60,80,0,11,10,,25,,0,11,,,0,,0,36,,,0,0,0,,13,0,,46,0,,0,30,13,11,,12,24,11,,,,,0
29620,LANSING-EAST LANSING,2024,TRUE,three_year_total,"2022,2023,2024",TRUE,TRUE,12,153,135,10,,82,62,,0,53.6,40.5,5.9,0.0,,,,,,151,152,275,,35,28,26,51,10,,34,22,22,0,,,98,18,,0,0,,,27,0,13,118,,21,0,83,32,25,13,31,62,27,17,11,,,0
29620,LANSING-EAST LANSING,2025,TRUE,three_year_total,"2023,2024,2025",TRUE,TRUE,13,138,129,,,76,53,,0,55.1,38.4,6.5,0.0,,,,,,135,138,233,,29,25,30,42,10,,29,19,26,0,,,87,16,,0,0,0,,24,0,11,106,,20,0,69,31,25,13,24,61,22,18,,,,0
29700,LAREDO,2018,TRUE,three_year_total,2018,TRUE,TRUE,13,,,,0,0,,0,0,0.0,100.0,0.0,0.0,,,,,,,,12,0,0,0,0,,0,0,0,0,0,0,0,0,,0,0,0,0,0,0,0,0,,,0,0,0,,0,0,0,0,,,0,0,0,0,0
29700,LAREDO,2019,TRUE,three_year_total,"2018,2019",TRUE,TRUE,18,,,,0,,,0,0,12.5,87.5,0.0,0.0,,,,,,,,25,0,0,0,0,,0,,0,0,0,0,0,,,0,0,0,0,0,0,0,0,,,0,0,0,,0,,0,0,,,,0,0,0,0
29700,LAREDO,2020,TRUE,three_year_total,"2018,2019,2020",TRUE,TRUE,14,14,,,,,12,0,0,14.3,85.7,0.0,0.0,,,,,,14,13,38,0,,0,0,12,0,,,0,0,0,0,,14,0,0,0,0,0,0,0,0,13,,0,0,0,12,0,,0,,,,,0,0,0,0
29700,LAREDO,2021,TRUE,three_year_total,"2019,2020,2021",TRUE,TRUE,13,24,10,,11,,22,0,0,8.3,91.7,0.0,0.0,,,,,,23,23,44,0,,0,0,21,,,,0,0,0,0,,24,0,0,0,0,0,0,0,0,24,0,0,0,0,18,,,0,,15,,,,0,0,0
29700,LAREDO,2022,TRUE,three_year_total,"2020,2021,2022",TRUE,TRUE,16,22,,,13,,20,0,0,9.1,90.9,0.0,0.0,,,,,,21,21,57,0,,0,,18,,,,0,0,0,0,,21,0,0,0,0,,0,0,0,22,0,0,0,0,15,,,0,,14,,,,0,0,0
29700,LAREDO,2023,TRUE,three_year_total,"2021,2022,2023",TRUE,TRUE,21,23,,,12,,17,0,0,26.1,73.9,0.0,0.0,,,,,,22,22,60,,,0,,15,,,,0,,0,0,,21,0,0,0,0,,0,,0,22,0,0,,0,14,,,,,12,,,,0,0,0
29700,LAREDO,2024,TRUE,three_year_total,"2022,2023,2024",TRUE,TRUE,26,19,,10,,12,,,0,63.2,31.6,5.3,0.0,,,,,,19,18,59,,,0,,,,,,0,,0,0,,15,0,0,,0,,0,,0,16,0,0,,0,,,,,,,,,,0,0,0
29700,LAREDO,2025,TRUE,three_year_total,"2023,2024,2025",TRUE,TRUE,21,29,,12,,19,,,0,65.5,20.7,13.8,0.0,,,,,,29,29,49,,,,14,,,0,,,14,0,0,0,24,0,0,,0,0,0,,0,25,0,0,,0,16,,,,,14,,,,0,0,0
29740,LAS CRUCES,2018,TRUE,three_year_total,2018,TRUE,TRUE,21,12,10,,0,,,,0,58.3,25.0,16.7,0.0,,,,,,12,12,19,0,,,0,0,,,,,0,0,0,0,10,0,0,,0,0,0,,0,,,0,0,0,,,,0,0,,,,,0,0,0
29740,LAS CRUCES,2019,TRUE,three_year_total,"2018,2019",TRUE,TRUE,25,23,19,,,14,,,0,60.9,30.4,8.7,0.0,,,,,,22,18,40,0,,,0,,,,,,0,0,0,,18,0,0,,0,0,,,0,13,10,0,0,0,,,,0,,,,,,,,0
29740,LAS CRUCES,2020,TRUE,three_year_total,"2018,2019,2020",TRUE,TRUE,22,31,25,,,15,12,,0,48.4,38.7,12.9,0.0,,,,,,30,26,55,0,,,,,,,,,0,0,0,,25,0,0,,0,0,,,0,18,13,0,0,0,13,,11,0,,10,,,,,,0
29740,LAS CRUCES,2021,TRUE,three_year_total,"2019,2020,2021",TRUE,TRUE,24,38,26,,,17,19,,0,44.7,50.0,5.3,0.0,,,,,,36,30,53,,,,,15,,,,,0,0,0,,31,0,0,,0,0,,,0,20,16,,,0,15,11,11,,,12,,,,,,0
29740,LAS CRUCES,2022,TRUE,three_year_total,"2020,2021,2022",TRUE,TRUE,23,41,28,,,17,19,,0,41.5,46.3,12.2,0.0,,,,,,40,35,56,,,,,15,,,,,0,0,0,,32,,0,,0,0,,,0,19,18,,,0,15,11,13,,,10,12,11,,,,0
29740,LAS CRUCES,2023,TRUE,three_year_total,"2021,2022,2023",TRUE,TRUE,24,44,30,,,21,18,,0,47.7,40.9,11.4,0.0,,,,,,43,37,62,,,,,16,,,,,0,0,0,,31,,,,0,0,,,0,20,19,,,0,17,10,15,,,11,12,12,,,,0
29740,LAS CRUCES,2024,TRUE,three_year_total,"2022,2023,2024",TRUE,TRUE,28,38,31,,,21,11,,0,55.3,28.9,15.8,0.0,,,,,,38,31,61,,,,,,,11,,,,0,0,,27,,,,0,0,,,0,19,15,,,0,18,,12,,,,11,,,,,0
29740,LAS CRUCES,2025,TRUE,three_year_total,"2023,2024,2025",TRUE,TRUE,30,31,24,,,19,,,0,61.3,29.0,9.7,0.0,,,,,,30,27,49,,,0,,,,,,0,,0,0,,23,,,,0,0,,,0,19,,,,0,16,,,,,10,,,,,,0
29820,LAS VEGAS-HENDERSON-NORTH LAS VEGAS,2018,TRUE,single_year,2018,TRUE,TRUE,20,87,23,,60,24,57,,0,27.6,65.5,6.9,0.0,60000,47000,78000,255000,4.875,87,87,184,,12,,,37,25,,12,,,0,,,67,,,0,0,,,,0,51,32,0,,0,54,19,14,0,,35,20,,,10,,0
29820,LAS VEGAS-HENDERSON-NORTH LAS VEGAS,2019,TRUE,single_year,2019,TRUE,TRUE,16,93,33,,57,37,50,,0,39.8,53.8,6.5,0.0,61000,48000,84500,295000,4.375,90,93,156,,28,,10,38,12,,28,,,0,,0,71,,,0,0,0,0,12,0,46,35,,11,0,50,18,18,,,27,20,12,15,,,
29820,LAS VEGAS-HENDERSON-NORTH LAS VEGAS,2020,TRUE,single_year,2020,TRUE,TRUE,19,89,26,,55,20,56,13,0,22.5,62.9,14.6,0.0,71000,56000,97250,345000,3.125,86,89,147,,12,,,39,19,,11,,,0,,,54,19,,0,0,,,11,0,44,38,,,0,58,16,,,13,24,30,13,,,0,
29820,LAS VEGAS-HENDERSON-NORTH LAS VEGAS,2021,TRUE,single_year,2021,TRUE,TRUE,15,108,45,,54,30,67,11,0,27.8,62.0,10.2,0.0,70000,53000,90000,360000,3,105,108,233,,26,,,44,18,,24,,0,0,,0,61,20,,0,,0,0,23,0,50,33,,24,0,55,26,12,15,,38,29,12,,,,
29820,LAS VEGAS-HENDERSON-NORTH LAS VEGAS,2022,TRUE,single_year,2022,TRUE,TRUE,18,76,45,,25,33,35,,0,43.4,46.1,10.5,0.0,95500,71250,122000,385000,5.25,72,75,206,,25,,,24,14,,25,,,,,,40,13,,0,,0,0,18,0,28,32,,14,0,37,16,15,,13,23,11,10,13,,,
29820,LAS VEGAS-HENDERSON-NORTH LAS VEGAS,2023,TRUE,single_year,2023,TRUE,TRUE,23,59,42,,14,34,18,,0,57.6,30.5,11.9,0.0,104500,68250,148250,405000,6.75,58,59,118,,25,,,15,,,24,0,,,,,34,,,,0,0,,13,0,20,25,,11,,28,13,14,,,,12,14,,,,0
29820,LAS VEGAS-HENDERSON-NORTH LAS VEGAS,2024,TRUE,single_year,2024,TRUE,TRUE,15,70,38,,29,44,21,,0,62.9,30.0,7.1,0.0,139500,86250,188500,515000,6.99,70,70,146,,23,,19,12,,,22,,15,0,0,0,46,,0,,0,0,0,17,0,32,22,,13,0,35,13,19,,,25,10,13,,,,0
29820,LAS VEGAS-HENDERSON-NORTH LAS VEGAS,2025,TRUE,three_year_total,"2023,2024,2025",FALSE,TRUE,11,173,100,10,63,104,51,18,0,60.1,29.5,10.4,0.0,,,,,,170,173,398,11,57,14,42,34,21,,54,10,34,,,,103,21,,,0,0,,41,0,69,65,,32,,87,33,42,11,20,47,32,34,19,12,,
29940,LAWRENCE,2018,TRUE,three_year_total,2018,TRUE,TRUE,15,,,0,0,0,,,0,0.0,75.0,25.0,0.0,,,,,,,,21,0,0,0,0,,,0,0,0,0,0,0,0,,0,0,0,0,0,0,0,0,0,,0,0,0,,0,,0,,,,0,0,0,0,0
29940,LAWRENCE,2019,TRUE,three_year_total,"2018,2019",TRUE,TRUE,26,12,11,0,,,,,0,50.0,33.3,16.7,0.0,,,,,,12,,64,0,,,,,,,,,,0,0,,11,0,0,0,0,0,0,,0,0,,0,,0,,,,0,,,,,0,,0,0
29940,LAWRENCE,2020,TRUE,three_year_total,"2018,2019,2020",TRUE,TRUE,26,20,18,0,,11,,,0,55.0,30.0,15.0,0.0,,,,,,20,17,100,0,,,,,,,,,,0,0,,17,0,,0,0,0,0,,0,0,15,0,,0,,,,,,,,,,,0,0
29940,LAWRENCE,2021,TRUE,three_year_total,"2019,2020,2021",TRUE,TRUE,25,26,24,0,,16,,,0,61.5,30.8,7.7,0.0,,,,,,26,23,133,0,,,,,,,,,,0,0,,21,,,0,0,0,0,,0,0,20,0,,0,,,10,,,10,,,,,0,0
29940,LAWRENCE,2022,TRUE,three_year_total,"2020,2021,2022",TRUE,TRUE,25,21,19,0,,12,,,0,57.1,38.1,4.8,0.0,,,,,,21,21,131,0,,,,,,0,,,,0,0,0,16,,,0,0,0,0,,0,0,17,0,,0,,,,,,,,,,,0,0
29940,LAWRENCE,2023,TRUE,three_year_total,"2021,2022,2023",TRUE,TRUE,25,23,22,0,,12,,,0,52.2,34.8,13.0,0.0,,,,,,23,21,124,0,,,,,,,,,,0,0,,18,,0,0,0,0,0,,0,0,20,,,0,,,10,0,,,,,,,0,0
29940,LAWRENCE,2024,TRUE,three_year_total,"2022,2023,2024",TRUE,TRUE,29,24,22,,,17,,,0,70.8,12.5,16.7,0.0,,,,,,24,21,112,0,,,,,,,,,,0,0,,18,,0,0,0,0,,,0,0,21,,,0,,,12,,,,,,,,,0
29940,LAWRENCE,2025,TRUE,three_year_total,"2023,2024,2025",TRUE,TRUE,28,34,31,,,27,,,0,79.4,5.9,14.7,0.0,,,,,,34,29,108,0,14,,,,,,14,,,,0,,22,,,0,0,0,,,0,0,31,,,0,,12,16,,,,,,,,,0
30020,LAWTON,2018,TRUE,three_year_total,2018,TRUE,TRUE,24,,,0,,,0,,0,80.0,0.0,20.0,0.0,,,,,,,,31,,,0,0,0,,,,0,0,0,0,,,,0,0,0,0,0,0,0,0,,0,0,0,,,,0,,,0,,,,0,0
30020,LAWTON,2019,TRUE,three_year_total,"2018,2019",TRUE,TRUE,32,12,,,,,,,0,58.3,8.3,33.3,0.0,,,,,,11,11,62,,,,,0,,,,,,0,,,,,0,,0,0,0,,0,0,10,0,,0,,,,,,,,,,,0,0
30020,LAWTON,2020,TRUE,three_year_total,"2018,2019,2020",TRUE,TRUE,34,20,15,,,10,,,0,50.0,10.0,40.0,0.0,,,,,,19,18,94,,,,,,,,,,,,,,,,,,0,0,0,,0,0,17,0,,0,,,,,,,,,,,,0
30020,LAWTON,2021,TRUE,three_year_total,"2019,2020,2021",TRUE,TRUE,28,35,27,,,16,,14,0,45.7,14.3,40.0,0.0,,,,,,34,28,121,,,,,,12,10,,,,,,,15,,,,0,0,0,,0,,26,0,,0,12,,11,,,11,,,,,,0
30020,LAWTON,2022,TRUE,three_year_total,"2020,2021,2022",TRUE,TRUE,26,39,32,,,20,,15,0,51.3,10.3,38.5,0.0,,,,,,39,28,147,,,,,,13,14,,,0,,,11,20,,,,0,0,0,,0,,31,0,,0,16,,13,,,14,,,,,,0
30020,LAWTON,2023,TRUE,three_year_total,"2021,2022,2023",TRUE,TRUE,25,42,32,,,20,,18,0,47.6,9.5,42.9,0.0,,,,,,42,30,154,0,,,,,16,15,,,,0,,12,25,,,,0,0,0,,0,,32,0,,0,17,,13,,,14,,,,,,0
30020,LAWTON,2024,TRUE,three_year_total,"2022,2023,2024",TRUE,TRUE,25,25,19,,,12,,12,0,48.0,4.0,48.0,0.0,,,,,,25,18,143,0,,,,0,11,10,,,,0,,,17,,,0,0,0,0,,0,,20,0,,0,12,,,,,10,,,,,,0
30020,LAWTON,2025,TRUE,three_year_total,"2023,2024,2025",TRUE,TRUE,24,23,17,,,,,14,0,30.4,8.7,60.9,0.0,,,,,,23,20,130,0,,0,,0,12,,,0,,0,,,15,,,0,0,0,0,,0,,14,0,,0,14,,,0,,13,,,,,,0
30140,LEBANON,2018,TRUE,three_year_total,2018,TRUE,TRUE,25,15,15,0,0,,,,0,40.0,46.7,13.3,0.0,,,,,,15,15,37,0,,,,,,,,,,0,,0,13,0,,0,0,0,0,,0,,11,0,0,0,,,,0,,,,,,,0,0
30140,LEBANON,2019,TRUE,three_year_total,"2018,2019",TRUE,TRUE,25,34,33,0,,13,18,,0,38.2,52.9,8.8,0.0,,,,,,34,33,73,,10,,,11,,,,,,0,,,28,,,0,0,0,0,,0,10,22,0,,0,19,,,,,,,,,,0,0
30140,LEBANON,2020,TRUE,three_year_total,"2018,2019,2020",TRUE,TRUE,21,52,48,,,22,27,,0,42.3,51.9,5.8,0.0,,,,,,52,49,120,,13,,,18,,,11,,,0,,,43,,,,0,0,0,,0,16,34,0,,0,30,10,11,,,16,12,,11,,0,0
30140,LEBANON,2021,TRUE,three_year_total,"2019,2020,2021",TRUE,TRUE,20,69,58,,,32,34,,0,46.4,49.3,4.3,0.0,,,,,,69,65,148,,17,10,,29,,,17,,,0,0,,54,,,,0,0,0,,0,20,42,0,,0,39,18,,,,20,22,,13,,0,0
30140,LEBANON,2022,TRUE,three_year_total,"2020,2021,2022",TRUE,TRUE,19,66,53,,,35,29,,0,53.0,43.9,3.0,0.0,,,,,,66,63,186,,15,15,,25,,,15,14,,0,0,,51,,,,0,0,0,,0,19,39,0,,0,36,18,,,,21,22,,,0,0,0
30140,LEBANON,2023,TRUE,three_year_total,"2021,2022,2023",TRUE,TRUE,17,62,49,,,35,24,,0,56.5,38.7,4.8,0.0,,,,,,61,61,179,0,17,17,,20,,,16,15,,0,,,46,,,0,0,0,0,10,0,19,34,0,,0,32,18,,,,24,20,,,0,0,0
30140,LEBANON,2024,TRUE,three_year_total,"2022,2023,2024",TRUE,TRUE,21,41,32,,,28,11,,0,68.3,26.8,4.9,0.0,,,,,,40,41,150,0,,15,,,,0,,14,,0,,0,32,,,0,0,0,0,,0,12,24,0,,0,23,11,,,,24,,,,,0,0
30140,LEBANON,2025,TRUE,three_year_total,"2023,2024,2025",TRUE,TRUE,23,38,27,,,25,11,,0,65.8,28.9,5.3,0.0,,,,,,37,38,112,,,10,,,,0,,,,0,,0,32,,,0,0,0,0,,0,,27,0,,0,23,10,,0,,25,,,,,0,0
30300,LEWISTON,2018,TRUE,three_year_total,2018,TRUE,TRUE,22,,,0,0,,,0,0,75.0,25.0,0.0,0.0,,,,,,,,,0,,,0,,0,0,,,0,0,0,0,,0,0,0,0,0,0,0,0,0,,,0,0,,,,0,,,0,,0,0,,0
30300,LEWISTON,2019,TRUE,three_year_total,"2018,2019",TRUE,TRUE,27,13,12,,0,,,,0,69.2,23.1,7.7,0.0,,,,,,13,13,16,,,,,,,0,,,,0,0,0,11,0,0,0,0,0,0,,0,0,,,,0,,,,,,,,,0,,,0
30300,LEWISTON,2020,TRUE,three_year_total,"2018,2019,2020",TRUE,TRUE,30,25,22,,,13,,,0,52.0,32.0,16.0,0.0,,,,,,25,25,25,,,,,,,0,,,,0,,0,20,,0,0,0,0,0,,0,,18,,,0,,,,,,,,,,,,0
30300,LEWISTON,2021,TRUE,three_year_total,"2019,2020,2021",TRUE,TRUE,27,34,29,,,16,10,,,47.1,29.4,20.6,2.9,,,,,,34,34,33,,10,,,,,0,,,,0,,0,23,,0,0,0,0,,,0,,25,,,0,11,,11,,,,,,,,0,0
30300,LEWISTON,2022,TRUE,three_year_total,"2020,2021,2022",TRUE,TRUE,22,36,30,,,16,12,,,44.4,33.3,19.4,2.8,,,,,,36,36,33,,11,,,11,,0,10,,0,0,,0,25,,0,,0,0,,,0,,28,0,,0,14,10,11,,,,10,,,,0,0
30300,LEWISTON,2023,TRUE,three_year_total,"2021,2022,2023",TRUE,TRUE,23,30,25,,,15,10,,,50.0,33.3,13.3,3.3,,,,,,30,30,34,0,10,,,,,0,,,0,0,0,0,19,0,0,,0,0,,,0,,23,0,,0,10,,10,,,,,,,,0,0
30300,LEWISTON,2024,TRUE,three_year_total,"2022,2023,2024",TRUE,TRUE,27,30,25,,,17,11,,0,56.7,36.7,6.7,0.0,,,,,,30,29,30,,,,,,,,,,,0,0,,23,0,0,,0,0,,,0,,23,,,0,10,,11,,,,,,,0,0,0
30300,LEWISTON,2025,TRUE,three_year_total,"2023,2024,2025",TRUE,TRUE,27,30,23,,,17,11,,0,56.7,36.7,6.7,0.0,,,,,,30,29,36,,,,,,,,,,,0,0,,22,0,,,0,0,0,,0,,23,,,0,12,,,,,11,,,,0,0,0
30340,LEWISTON-AUBURN,2018,TRUE,single_year,2018,TRUE,TRUE,19,73,57,12,,20,51,,0,27.4,69.9,2.7,0.0,49000,40750,67000,135000,4.688,72,68,50,0,11,,,44,,,10,,0,0,0,,59,,,,0,0,,,0,,66,0,,0,39,11,17,,,23,18,12,,,0,0
30340,LEWISTON-AUBURN,2019,TRUE,single_year,2019,TRUE,TRUE,18,95,69,21,,20,67,,0,21.1,70.5,8.4,0.0,54000,44000,69000,155000,4.375,94,89,49,,,,,59,11,,,,,0,0,,65,11,,0,0,0,,17,0,,73,,17,0,44,20,20,11,,40,17,22,,,0,0
30340,LEWISTON-AUBURN,2020,TRUE,single_year,2020,TRUE,TRUE,17,92,69,16,,24,66,,0,26.1,71.7,2.2,0.0,49000,41500,71000,165000,3.125,91,89,69,,14,,,59,,,13,,,0,,,63,16,,,0,0,0,11,0,,78,0,12,0,51,19,15,,17,39,16,10,,,0,0
30340,LEWISTON-AUBURN,2021,TRUE,single_year,2021,TRUE,TRUE,13,129,87,29,13,41,83,,0,31.8,64.3,3.9,0.0,57000,46000,71000,215000,3,128,125,74,12,17,24,,73,,,17,17,,0,0,,74,28,,,0,,0,24,0,,103,,23,0,65,34,15,15,22,49,30,13,11,,,0
30340,LEWISTON-AUBURN,2022,TRUE,single_year,2022,TRUE,TRUE,13,135,84,34,17,34,94,,0,25.2,69.6,5.2,0.0,74000,58000,92000,255000,5,134,133,74,13,21,15,,80,,,19,12,,0,0,,81,31,0,,0,,,18,0,10,101,,21,0,73,25,28,,21,58,34,14,,,0,0
30340,LEWISTON-AUBURN,2023,TRUE,single_year,2023,TRUE,TRUE,17,109,65,29,15,28,77,,0,25.7,70.6,3.7,0.0,86000,70000,100000,315000,6.375,109,104,39,17,13,12,19,55,,,13,,,0,0,,51,46,,0,,0,,,0,,94,,,,47,29,29,,12,43,32,16,,,0,0
30340,LEWISTON-AUBURN,2024,TRUE,single_year,2024,TRUE,TRUE,13,121,76,34,11,44,75,,0,36.4,62.0,1.7,0.0,92000,76000,107000,345000,6.625,119,120,42,14,12,11,30,65,,,12,,23,0,0,,54,47,,0,0,,,15,0,,95,,17,,61,26,22,12,18,43,36,10,11,,0,
30340,LEWISTON-AUBURN,2025,TRUE,single_year,2025,TRUE,TRUE,15,111,78,25,,49,60,,0,44.1,54.1,1.8,0.0,94000,79000,112000,375000,6.375,111,106,44,10,,,34,51,,,,,31,0,0,,51,42,,0,0,0,0,17,0,,86,,16,0,62,18,17,14,28,33,30,10,,,,0
30460,LEXINGTON-FAYETTE,2018,TRUE,single_year,2018,TRUE,TRUE,20,69,64,,,52,14,,0,75.4,20.3,4.3,0.0,75000,48750,117250,215000,4.5,68,65,170,0,32,13,,10,,,32,12,,0,0,,62,,,,0,0,0,,0,,61,,,0,29,18,21,,,20,13,15,,,,0
30460,LEXINGTON-FAYETTE,2019,TRUE,single_year,2019,TRUE,TRUE,24,71,68,,,53,12,,0,74.6,16.9,8.5,0.0,94000,66500,136750,265000,4.24,70,63,171,0,33,,,10,,,33,,,0,,,58,,,0,0,0,,,0,,58,,,0,26,,35,,,21,14,,11,,,0
30460,LEXINGTON-FAYETTE,2020,TRUE,single_year,2020,TRUE,TRUE,23,64,61,,,45,17,,0,70.3,26.6,3.1,0.0,78500,48250,103000,235000,3.5,62,58,168,,26,,,15,,,26,,,0,0,,54,,,0,0,0,,,0,,56,0,,0,21,19,19,,,16,14,11,,,,
30460,LEXINGTON-FAYETTE,2021,TRUE,single_year,2021,TRUE,TRUE,22,56,50,,,38,16,,0,67.9,28.6,3.6,0.0,69500,46500,137250,270000,3.125,56,53,206,,26,,,14,,,26,,,0,0,,49,,,,0,0,0,,0,,49,0,,0,28,13,13,,,19,10,11,,,,0
30460,LEXINGTON-FAYETTE,2022,TRUE,three_year_total,"2020,2021,2022",TRUE,TRUE,13,166,153,10,,118,42,,0,71.1,25.3,3.6,0.0,,,,,,164,154,551,,83,16,,36,,15,82,16,,0,0,14,141,,,,0,0,,13,0,10,141,,13,0,63,42,49,12,11,44,32,33,24,15,,
30460,LEXINGTON-FAYETTE,2023,TRUE,single_year,2023,TRUE,TRUE,26,66,60,,,54,11,,0,81.8,16.7,1.5,0.0,114000,80000,188000,315000,6.75,65,58,98,,33,10,,,,,33,,,0,,,55,,,0,0,0,,,0,,57,,,0,23,12,26,,,20,,,14,,,
30460,LEXINGTON-FAYETTE,2024,TRUE,single_year,2024,TRUE,TRUE,20,79,75,,,67,10,,0,84.8,12.7,2.5,0.0,118000,80000,199500,455000,7.5,79,73,142,0,50,,,,,,50,,,,0,,68,,0,0,0,0,0,10,0,,66,,,0,19,16,42,,,17,21,,11,11,,0
30460,LEXINGTON-FAYETTE,2025,TRUE,single_year,2025,TRUE,TRUE,20,93,89,,,85,,0,0,91.4,8.6,0.0,0.0,166000,90000,254000,505000,7.25,93,86,136,0,63,,,,0,,63,,,0,0,,77,0,,,,0,,,0,,79,,10,0,24,22,42,,,19,23,15,13,13,,0
30500,LEXINGTON PARK,2024,TRUE,three_year_total,2024,TRUE,TRUE,24,,,,0,,0,,0,85.7,0.0,14.3,0.0,,,,,,,,,0,,,,0,0,0,,,,0,0,0,,,0,0,0,0,0,,0,0,,0,,0,,0,,0,0,,,0,,0,0,0
30500,LEXINGTON PARK,2025,TRUE,three_year_total,"2024,2025",TRUE,TRUE,27,15,11,,,11,,,0,73.3,6.7,20.0,0.0,,,,,,14,15,,0,,,,,,,,,,0,0,,10,,,0,0,0,,,0,0,13,0,,0,,,10,0,0,,,,,,0,0
30620,LIMA,2018,TRUE,three_year_total,2018,TRUE,TRUE,15,,,0,0,,0,0,0,100.0,0.0,0.0,0.0,,,,,,,,15,0,,0,0,0,,0,,0,0,0,,0,,0,0,0,0,0,0,0,0,0,,0,0,0,0,,,0,0,0,,0,0,,0,0
30620,LIMA,2019,TRUE,three_year_total,"2018,2019",TRUE,TRUE,22,,,0,0,,0,0,0,100.0,0.0,0.0,0.0,,,,,,,,35,0,,0,0,0,,0,,0,0,0,,0,,0,0,0,0,0,0,,0,0,,0,,0,,,,0,,,,,0,,,0
30620,LIMA,2020,TRUE,three_year_total,"2018,2019,2020",TRUE,TRUE,26,16,15,0,,13,,,0,81.2,12.5,6.2,0.0,,,,,,15,15,66,,,0,,,,,,0,,0,,,13,0,0,0,0,0,0,,0,0,13,0,,0,,,,,,,,,0,,,
30620,LIMA,2021,TRUE,three_year_total,"2019,2020,2021",TRUE,TRUE,28,19,17,0,,14,,,0,73.7,15.8,10.5,0.0,,,,,,18,18,86,,,,,,,,,,,0,,,15,0,0,0,0,0,0,,0,0,15,0,,0,,,,,,,,,,0,,
30620,LIMA,2022,TRUE,three_year_total,"2020,2021,2022",TRUE,TRUE,26,21,19,0,,13,,,0,61.9,28.6,9.5,0.0,,,,,,20,20,92,,,,,,,,,,,0,0,,16,,0,0,0,0,0,,0,0,17,0,,0,11,,,,,,,,,0,0,
30620,LIMA,2023,TRUE,three_year_total,"2021,2022,2023",TRUE,TRUE,20,24,23,0,,17,,,0,70.8,25.0,4.2,0.0,,,,,,24,24,89,0,11,,0,,,0,11,,0,,0,0,18,,0,0,0,0,0,,0,,18,,,0,15,,,,,10,,,,0,0,0
30620,LIMA,2024,TRUE,three_year_total,"2022,2023,2024",TRUE,TRUE,24,31,28,,,20,,,0,64.5,29.0,6.5,0.0,,,,,,30,31,95,,15,,0,,,0,15,,0,,0,0,20,,0,0,0,0,0,,0,,23,,,0,17,,,,,11,,,,0,,
30620,LIMA,2025,TRUE,three_year_total,"2023,2024,2025",TRUE,TRUE,24,52,39,,,40,10,,0,76.9,19.2,3.8,0.0,,,,,,40,51,90,24,29,,,,,,29,,,,,,28,,0,0,0,0,,17,0,,30,,16,0,23,,11,16,,13,,,,,,15
30700,LINCOLN,2018,TRUE,three_year_total,2018,TRUE,TRUE,25,46,40,,,32,11,,0,69.6,23.9,6.5,0.0,,,,,,43,38,111,,19,,,,,,18,,,0,0,,43,0,,0,0,0,0,,0,,42,0,,0,21,10,14,,,,,,,,,
30700,LINCOLN,2019,TRUE,three_year_total,"2018,2019",TRUE,TRUE,18,86,78,,,66,15,,0,76.7,17.4,5.8,0.0,,,,,,82,70,270,,42,,,,,17,41,,,0,0,16,79,0,,0,0,0,,,0,,82,0,,0,36,20,29,,14,15,12,11,,13,12,
30700,LINCOLN,2020,TRUE,single_year,2020,TRUE,TRUE,25,52,46,,,34,13,,0,65.4,25.0,9.6,0.0,66500,44250,101750,180000,3.438,44,48,125,,19,,,14,,,19,,,,,,42,,,0,0,0,,,0,0,49,,,0,24,10,18,0,,19,,,,,,0
30700,LINCOLN,2021,TRUE,three_year_total,"2019,2020,2021",TRUE,TRUE,16,128,111,12,,93,24,11,0,72.7,18.8,8.6,0.0,,,,,,115,115,472,,55,14,,21,15,15,55,11,,,,13,105,,,,0,0,,,0,,119,,,0,58,26,43,,15,38,17,,17,18,14,0
30700,LINCOLN,2022,TRUE,single_year,2022,TRUE,TRUE,25,52,50,,0,40,10,,0,76.9,19.2,3.8,0.0,66000,47000,94000,230000,5.037,49,46,135,0,25,,,,,,25,,,0,,,43,,,0,0,0,,,0,,46,0,,0,18,,22,,,14,,,,,,0
30700,LINCOLN,2023,TRUE,single_year,2023,TRUE,TRUE,20,69,58,,,47,13,,0,68.1,18.8,13.0,0.0,92000,61500,129000,275000,6.995,63,60,111,,27,,,,10,10,26,,,0,0,,55,,,0,0,0,0,10,0,,55,,10,0,33,12,18,,16,16,11,,,,,
30700,LINCOLN,2024,TRUE,single_year,2024,TRUE,TRUE,20,72,67,,,62,,,0,86.1,8.3,5.6,0.0,83000,54250,120250,295000,7.3,70,64,134,0,35,,12,,,,35,,12,0,,,61,0,,,0,0,0,,0,,61,0,10,0,23,20,23,,13,13,,,,22,,0
30700,LINCOLN,2025,TRUE,single_year,2025,TRUE,TRUE,21,65,57,,,55,,,0,84.6,7.7,7.7,0.0,99500,62750,158250,335000,6.875,62,44,142,0,21,,11,,,23,21,,10,0,,21,56,,,0,0,,0,,0,,53,0,,0,23,,30,,,14,,,12,20,,0
30780,LITTLE ROCK-NORTH LITTLE ROCK-CONWAY,2018,TRUE,three_year_total,2018,TRUE,TRUE,30,24,19,,,14,,,0,58.3,33.3,8.3,0.0,,,,,,23,24,178,0,,,,,,,,,,,,,12,,,,0,0,0,,0,0,20,0,,0,11,,,,,,,,0,,0,
30780,LITTLE ROCK-NORTH LITTLE ROCK-CONWAY,2019,TRUE,three_year_total,"2018,2019",TRUE,TRUE,25,44,33,,,22,15,,0,50.0,34.1,15.9,0.0,,,,,,43,44,347,,,,,12,12,,,,,,,,22,14,,,0,0,0,,0,0,36,0,,0,17,,15,,,11,14,10,,,,
30780,LITTLE ROCK-NORTH LITTLE ROCK-CONWAY,2020,TRUE,three_year_total,"2018,2019,2020",TRUE,TRUE,20,76,58,,11,39,23,14,0,51.3,30.3,18.4,0.0,,,,,,75,74,523,,15,15,,18,20,,15,15,,,,,41,22,,,0,0,,,0,,63,,11,0,35,12,23,,,22,21,16,,,,
30780,LITTLE ROCK-NORTH LITTLE ROCK-CONWAY,2021,TRUE,three_year_total,"2019,2020,2021",TRUE,TRUE,15,84,67,,12,38,30,16,0,45.2,35.7,19.0,0.0,,,,,,84,81,591,,19,11,,21,24,,19,11,0,0,,,48,20,,,0,0,,11,0,,65,,14,0,39,24,18,,,24,20,14,14,,,0
30780,LITTLE ROCK-NORTH LITTLE ROCK-CONWAY,2022,TRUE,three_year_total,"2020,2021,2022",TRUE,TRUE,17,96,78,,11,47,33,16,0,49.0,34.4,16.7,0.0,,,,,,94,90,647,,23,13,,22,20,13,23,12,,0,,,58,18,,,0,,,14,0,,73,,15,0,47,25,20,,,29,20,16,14,,,
30780,LITTLE ROCK-NORTH LITTLE ROCK-CONWAY,2023,TRUE,three_year_total,"2021,2022,2023",TRUE,TRUE,16,111,97,,,55,40,16,0,49.5,36.0,14.4,0.0,,,,,,109,107,661,,25,15,,23,26,16,25,12,,,,11,64,24,,,0,,,18,0,11,81,,17,0,49,31,25,,13,29,27,18,13,,,
30780,LITTLE ROCK-NORTH LITTLE ROCK-CONWAY,2024,TRUE,three_year_total,"2022,2023,2024",TRUE,TRUE,13,125,112,,,71,33,21,0,56.8,26.4,16.8,0.0,,,,,,122,119,595,,24,19,13,18,29,22,24,16,10,,,15,70,29,,,0,,,21,0,12,94,,17,0,50,27,38,10,13,40,27,19,11,,,
30780,LITTLE ROCK-NORTH LITTLE ROCK-CONWAY,2025,TRUE,three_year_total,"2023,2024,2025",TRUE,TRUE,13,138,122,,,75,39,24,0,54.3,28.3,17.4,0.0,,,,,,136,131,597,,20,19,18,22,35,24,20,16,14,,,19,78,34,,,0,,,19,0,16,106,,15,0,61,29,40,,20,42,28,17,15,13,,
30860,LOGAN,2018,TRUE,three_year_total,2018,TRUE,TRUE,22,18,14,,,11,,0,0,61.1,38.9,0.0,0.0,,,,,,18,18,23,0,,,,,0,0,,,,0,0,0,16,0,0,0,0,0,,,0,0,17,0,,0,,0,,,,,,,,,0,0
30860,LOGAN,2019,TRUE,three_year_total,"2018,2019",TRUE,TRUE,22,36,29,,,21,13,,0,58.3,36.1,5.6,0.0,,,,,,36,36,44,0,,,,12,,0,,,,0,0,0,31,0,0,,0,0,,,0,0,31,,,0,19,,12,,11,13,,,,,,0
30860,LOGAN,2020,TRUE,three_year_total,"2018,2019,2020",TRUE,TRUE,24,50,36,,,31,16,,0,62.0,32.0,6.0,0.0,,,,,,50,50,66,,17,,,15,,,17,,,0,0,0,44,0,0,,,0,,,0,,41,,,0,27,,16,,12,23,,,,,,0
30860,LOGAN,2021,TRUE,three_year_total,"2019,2020,2021",TRUE,TRUE,23,54,42,,,34,17,,0,63.0,31.5,5.6,0.0,,,,,,54,54,82,,17,13,,12,,,17,10,,0,,0,46,0,0,,,0,,,0,,42,,,0,27,,17,,13,29,,,,,,0
30860,LOGAN,2022,TRUE,three_year_total,"2020,2021,2022",TRUE,TRUE,22,43,34,,,30,12,,0,69.8,27.9,2.3,0.0,,,,,,42,43,74,,20,,,,,,20,,,0,,0,37,0,0,0,,0,,,0,,34,,,0,18,,19,,10,25,,0,,0,0,0
30860,LOGAN,2023,TRUE,three_year_total,"2021,2022,2023",TRUE,TRUE,18,38,35,,0,28,10,0,0,73.7,26.3,0.0,0.0,,,,,,37,38,64,0,19,,,,,0,19,,,0,,0,32,0,0,0,0,0,,,0,,31,,,0,12,,20,,13,16,,,,0,0,0
30860,LOGAN,2024,TRUE,three_year_total,"2022,2023,2024",TRUE,TRUE,18,30,27,,,25,,0,0,83.3,16.7,0.0,0.0,,,,,,29,30,40,0,17,,,,0,0,17,,,0,0,0,26,0,0,0,0,0,,,0,,21,,,0,11,,15,,11,,,,0,0,0,0
30860,LOGAN,2025,TRUE,three_year_total,"2023,2024,2025",TRUE,TRUE,21,31,26,,,25,,,0,80.6,16.1,3.2,0.0,,,,,,31,31,37,0,14,,,,,0,14,,,0,0,0,28,0,0,0,0,0,,,0,,23,,,0,11,,16,,14,,,,0,,0,0
30980,LONGVIEW,2018,TRUE,three_year_total,2018,TRUE,TRUE,23,11,11,0,0,,,0,0,81.8,18.2,0.0,0.0,,,,,,11,,43,0,,0,,,,,,0,,0,,,11,0,0,0,0,0,0,0,0,,,,0,0,,,,0,0,,,0,,,,0
30980,LONGVIEW,2019,TRUE,three_year_total,"2018,2019",TRUE,TRUE,20,25,23,0,,18,,0,0,72.0,28.0,0.0,0.0,,,,,,24,17,89,0,,,,,,11,,0,,0,,11,23,,0,0,0,0,0,0,0,,23,,0,0,11,,11,0,,,,0,,,,0
30980,LONGVIEW,2020,TRUE,three_year_total,"2018,2019,2020",TRUE,TRUE,24,42,38,0,,30,,,0,71.4,21.4,7.1,0.0,,,,,,41,26,149,0,,,,,,21,,0,,0,,20,37,,0,0,0,0,0,,0,,38,,,0,20,,16,,,,,,,10,,0
30980,LONGVIEW,2021,TRUE,three_year_total,"2019,2020,2021",TRUE,TRUE,22,54,49,0,,40,11,,0,74.1,20.4,5.6,0.0,,,,,,52,35,170,0,10,,,,,24,10,,,0,,23,43,,0,0,0,0,,,0,,46,,,0,25,,21,,,15,,,,11,,0
30980,LONGVIEW,2022,TRUE,three_year_total,"2020,2021,2022",TRUE,TRUE,24,57,53,,,45,,,0,78.9,15.8,5.3,0.0,,,,,,56,37,207,0,10,,,,,22,10,,,0,,21,46,,0,0,0,0,,,0,,43,,,0,25,,21,,,18,,,,10,,0
30980,LONGVIEW,2023,TRUE,three_year_total,"2021,2022,2023",TRUE,TRUE,22,56,51,,,45,10,,0,80.4,17.9,1.8,0.0,,,,,,54,40,210,0,11,,,10,,18,11,,,0,,18,44,,,0,0,0,,,0,,37,,,0,22,,21,,,18,10,11,,,,0
30980,LONGVIEW,2024,TRUE,three_year_total,"2022,2023,2024",TRUE,TRUE,22,49,45,,,35,11,,0,71.4,22.4,6.1,0.0,,,,,,48,38,207,0,,,,11,,16,,,,0,,15,36,,,0,0,0,0,,0,,31,,,0,16,10,18,,,13,11,13,,,,0
30980,LONGVIEW,2025,TRUE,three_year_total,"2023,2024,2025",TRUE,TRUE,20,55,50,,,38,13,,0,69.1,23.6,7.3,0.0,,,,,,53,42,174,0,11,,,12,,18,11,,,0,,17,38,,,0,0,0,,11,0,,38,,11,0,14,12,24,,,13,13,11,,,,
31020,LONGVIEW-KELSO,2018,TRUE,three_year_total,2018,TRUE,TRUE,22,14,10,,,,,0,0,35.7,64.3,0.0,0.0,,,,,,14,14,26,0,,,,,,0,,,0,0,0,0,10,0,,0,0,0,0,,0,0,11,0,,0,,,,0,,,,,,0,0,0
31020,LONGVIEW-KELSO,2019,TRUE,three_year_total,"2018,2019",TRUE,TRUE,21,24,17,,,11,12,,0,45.8,50.0,4.2,0.0,,,,,,24,24,42,0,,,,10,,0,,,0,0,,0,18,0,,0,0,0,0,,0,0,19,0,,0,12,,,,,,,,,0,0,0
31020,LONGVIEW-KELSO,2020,TRUE,three_year_total,"2018,2019,2020",TRUE,TRUE,21,31,23,,,15,14,,0,48.4,45.2,6.5,0.0,,,,,,31,31,68,0,,,,12,,0,,,0,0,,0,24,0,,0,0,0,,,0,0,24,0,,0,14,,,,,11,,,,0,0,0
31020,LONGVIEW-KELSO,2021,TRUE,three_year_total,"2019,2020,2021",TRUE,TRUE,22,39,28,,,23,12,,0,59.0,30.8,10.3,0.0,,,,,,39,39,88,,15,,,10,,,15,,0,0,,0,32,0,0,0,0,,,,0,,29,0,,0,17,,13,,,11,,,,,0,0
31020,LONGVIEW-KELSO,2022,TRUE,three_year_total,"2020,2021,2022",TRUE,TRUE,22,41,32,,,23,14,,0,56.1,34.1,9.8,0.0,,,,,,41,41,98,,18,,,10,,,18,,0,0,0,0,31,0,,,0,,,,0,,30,0,,0,13,10,15,,,14,11,,,,,0
31020,LONGVIEW-KELSO,2023,TRUE,three_year_total,"2021,2022,2023",TRUE,TRUE,22,42,34,,,22,16,,0,52.4,38.1,9.5,0.0,,,,,,42,42,81,,20,,,11,,,19,,0,0,0,0,31,,,,0,,0,,0,,32,0,,0,17,10,12,,,15,11,,,,,0
31020,LONGVIEW-KELSO,2024,TRUE,three_year_total,"2022,2023,2024",TRUE,TRUE,23,24,23,0,,11,11,,0,45.8,45.8,8.3,0.0,,,,,,24,24,49,0,10,,,,,0,,,,0,0,0,16,,,,0,0,0,,0,,19,0,,0,,,,,0,15,,,0,,,0
31020,LONGVIEW-KELSO,2025,TRUE,three_year_total,"2023,2024,2025",TRUE,TRUE,27,28,23,,,13,14,,0,46.4,50.0,3.6,0.0,,,,,,28,28,32,,,,,,,,,,,0,0,0,22,,,0,0,0,,,0,,21,0,,0,15,,,,,15,,,0,,,0
31084,LOS ANGELES-LONG BEACH-GLENDALE,2018,TRUE,single_year,2018,FALSE,TRUE,6,1615,1256,223,136,924,634,57,0,57.2,39.3,3.5,0.0,124000,95000,178000,555000,4.75,1607,1571,2013,33,726,150,118,359,165,97,712,104,48,,22,37,1058,134,189,,,,42,178,0,648,765,39,163,0,675,347,540,53,52,573,512,274,152,40,,
31084,LOS ANGELES-LONG BEACH-GLENDALE,2019,TRUE,single_year,2019,FALSE,TRUE,7,1612,1221,238,153,923,630,59,0,57.3,39.1,3.7,0.0,129000,100000,179000,585000,4.125,1596,1607,1742,52,685,160,143,386,99,139,672,105,71,,28,46,1028,118,168,,,,37,250,,642,688,45,237,0,658,349,504,101,51,633,449,275,151,43,,
31084,LOS ANGELES-LONG BEACH-GLENDALE,2020,TRUE,single_year,2020,FALSE,TRUE,6,1569,1207,219,143,897,605,67,0,57.2,38.6,4.3,0.0,133000,101000,200000,645000,3.125,1547,1560,1306,33,734,164,83,426,98,64,719,112,,,30,26,871,136,206,,,,30,312,0,569,689,39,272,0,657,359,465,88,62,566,456,272,155,37,14,
31084,LOS ANGELES-LONG BEACH-GLENDALE,2021,TRUE,single_year,2021,FALSE,TRUE,5,2162,1609,321,232,1297,779,86,0,60.0,36.0,4.0,0.0,147000,111000,220000,725000,2.99,2123,2157,2215,65,1059,250,112,568,120,53,1049,185,,0,34,27,1162,167,249,,,,53,519,0,705,969,46,442,0,888,476,633,165,85,838,654,331,175,60,,10
31084,LOS ANGELES-LONG BEACH-GLENDALE,2022,TRUE,single_year,2022,FALSE,TRUE,6,1648,1258,241,149,1054,528,66,0,64.0,32.0,4.0,0.0,180000,133000,270000,785000,4.625,1606,1644,1754,37,898,202,87,352,73,36,878,138,,,13,16,911,111,197,,,,61,352,,562,742,52,292,0,649,360,528,111,52,547,547,268,156,57,11,10
31084,LOS ANGELES-LONG BEACH-GLENDALE,2023,TRUE,single_year,2023,FALSE,TRUE,6,1255,980,171,104,717,497,41,0,57.1,39.6,3.3,0.0,193000,153000,279000,775000,6.5,1233,1249,969,38,631,125,73,340,72,14,611,72,10,,10,11,664,82,152,,0,,34,311,0,436,506,40,271,,487,272,399,97,56,402,425,214,116,31,,
31084,LOS ANGELES-LONG BEACH-GLENDALE,2024,TRUE,single_year,2024,FALSE,TRUE,4,1326,948,236,142,923,358,45,0,69.6,27.0,3.4,0.0,208500,159000,304250,815000,6.625,1308,1324,1066,55,597,171,233,234,69,22,584,121,183,,14,15,652,105,141,,0,,34,387,0,451,489,55,331,0,530,245,432,119,50,467,435,209,109,40,11,
31084,LOS ANGELES-LONG BEACH-GLENDALE,2025,TRUE,single_year,2025,FALSE,TRUE,5,1261,873,210,178,858,347,56,0,68.0,27.5,4.4,0.0,213000,163000,310500,825000,6.5,1227,1261,1244,56,535,181,196,243,84,22,523,150,142,12,15,16,633,94,124,,,,38,357,0,454,486,35,286,0,489,261,394,117,42,416,396,253,109,35,,
31140,LOUISVILLE/JEFFERSON COUNTY,2018,TRUE,single_year,2018,TRUE,TRUE,17,87,69,10,,62,23,,0,71.3,26.4,2.3,0.0,75000,50000,114500,195000,4.625,87,68,213,,29,12,,13,,22,29,10,,0,0,20,73,,,0,0,0,,,0,,78,,,0,38,15,32,,,29,13,17,10,,,0
31140,LOUISVILLE/JEFFERSON COUNTY,2019,TRUE,single_year,2019,TRUE,TRUE,21,94,77,,,60,28,,0,63.8,29.8,6.4,0.0,70000,47000,97000,195000,4.25,93,69,231,,23,,,19,14,26,21,,,0,,24,78,,,0,,0,,,0,,84,0,,0,46,14,28,,,28,20,15,14,,,
31140,LOUISVILLE/JEFFERSON COUNTY,2020,TRUE,single_year,2020,TRUE,TRUE,21,65,44,,14,36,25,,0,55.4,38.5,6.2,0.0,73500,58250,124500,235000,3.25,64,48,194,,13,,,23,,18,13,,,0,,17,41,11,,,0,0,0,,0,,48,,11,0,34,18,,,,23,18,,,,,0
31140,LOUISVILLE/JEFFERSON COUNTY,2021,TRUE,single_year,2021,TRUE,TRUE,11,115,79,25,11,67,38,10,0,58.3,33.0,8.7,0.0,77000,50000,133000,245000,3,114,104,287,,28,20,,29,15,14,28,18,,0,,12,86,14,,0,0,0,0,11,0,,99,0,12,0,60,29,20,,12,40,30,16,,,,
31140,LOUISVILLE/JEFFERSON COUNTY,2022,TRUE,single_year,2022,TRUE,TRUE,14,86,63,13,10,53,29,,0,61.6,33.7,4.7,0.0,87500,58000,136500,270000,4.5,84,73,282,,26,12,,18,10,14,26,11,,0,0,13,54,12,,0,0,0,,15,0,,62,,15,0,39,21,17,,,31,16,,14,,,
31140,LOUISVILLE/JEFFERSON COUNTY,2023,TRUE,single_year,2023,TRUE,TRUE,18,94,71,11,12,59,30,,0,62.8,31.9,5.3,0.0,93000,62500,150750,265000,6.933,94,74,200,,25,,,25,,23,25,,,0,0,22,63,18,,0,0,0,,,0,,78,0,,0,52,12,24,,,34,27,,,,,0
31140,LOUISVILLE/JEFFERSON COUNTY,2024,TRUE,single_year,2024,TRUE,TRUE,13,127,105,10,12,98,22,,0,77.2,17.3,5.5,0.0,100000,63500,153750,275000,6.928,126,102,208,,31,11,26,17,12,30,31,,24,,,30,93,18,,0,0,0,,11,0,,106,,11,0,54,28,38,,11,44,22,21,,,10,
31140,LOUISVILLE/JEFFERSON COUNTY,2025,TRUE,single_year,2025,TRUE,TRUE,9,142,106,11,25,107,30,,0,75.4,21.1,3.5,0.0,91000,67750,129500,295000,6.875,140,124,223,,50,10,24,22,10,26,50,,22,0,,26,105,20,,0,0,0,,14,0,23,106,,12,0,63,35,40,,17,43,28,13,18,15,,0
31180,LUBBOCK,2018,TRUE,three_year_total,2018,TRUE,TRUE,29,28,26,,,15,10,,0,53.6,35.7,10.7,0.0,,,,,,27,22,100,0,,,,,,,,,,,0,,20,,,0,0,0,0,,0,,19,,,0,,,16,,0,12,,,,,,
31180,LUBBOCK,2019,TRUE,three_year_total,"2018,2019",TRUE,TRUE,27,50,48,,,30,14,,0,60.0,28.0,12.0,0.0,,,,,,49,44,212,0,14,,,12,,,14,,,,,,34,,,0,0,0,,,0,,30,,,0,17,,21,,,19,,,13,,,
31180,LUBBOCK,2020,TRUE,three_year_total,"2018,2019,2020",TRUE,TRUE,18,89,87,,,46,31,12,0,51.7,34.8,13.5,0.0,,,,,,88,83,384,,24,15,,24,15,,23,12,,,,,60,,,0,0,0,,13,0,17,58,,11,0,35,12,33,,11,33,16,,18,,,
31180,LUBBOCK,2021,TRUE,three_year_total,"2019,2020,2021",TRUE,TRUE,12,78,77,0,,41,26,11,0,52.6,33.3,14.1,0.0,,,,,,77,78,545,,25,16,,19,15,,24,14,0,,,0,49,,,0,0,0,,14,0,16,48,,12,0,37,13,18,10,15,25,14,,13,,0,0
31180,LUBBOCK,2022,TRUE,three_year_total,"2020,2021,2022",TRUE,TRUE,15,88,87,0,,42,34,12,0,47.7,38.6,13.6,0.0,,,,,,87,83,687,,21,19,,25,14,,19,16,,,0,,55,,,0,0,0,,15,0,13,61,,13,0,43,15,21,,18,27,18,11,,,,0
31180,LUBBOCK,2023,TRUE,three_year_total,"2021,2022,2023",TRUE,TRUE,16,87,84,0,,41,33,13,0,47.1,37.9,14.9,0.0,,,,,,86,82,634,,18,18,,26,13,,16,15,,,,,52,,,,0,0,0,18,0,15,55,,16,0,47,19,15,,18,27,15,15,,,,0
31180,LUBBOCK,2024,TRUE,three_year_total,"2022,2023,2024",TRUE,TRUE,15,110,106,0,,50,45,15,0,45.5,40.9,13.6,0.0,,,,,,110,101,503,,20,14,12,38,15,11,18,11,,,,,69,10,,,0,,,20,0,29,66,,14,0,62,23,22,,26,38,16,10,,,,0
31180,LUBBOCK,2025,TRUE,three_year_total,"2023,2024,2025",TRUE,TRUE,14,109,103,0,,46,45,18,0,42.2,41.3,16.5,0.0,,,,,,109,103,336,,14,14,16,38,17,10,13,11,13,,,,68,11,,,0,,,15,0,35,64,,,0,68,23,18,0,28,40,14,10,,,,0
31340,LYNCHBURG,2018,TRUE,three_year_total,2018,TRUE,TRUE,23,12,,,,,,,0,25.0,58.3,16.7,0.0,,,,,,12,12,54,0,,,,,,,,,0,0,0,0,11,0,0,0,0,0,0,,0,,10,0,,0,,,,0,,,,0,0,0,0,0
31340,LYNCHBURG,2019,TRUE,three_year_total,"2018,2019",TRUE,TRUE,21,24,20,,,10,12,,0,41.7,50.0,8.3,0.0,,,,,,24,22,91,0,,,,10,,,,,,0,0,,22,0,,0,0,0,0,,0,,22,0,,0,16,,,0,,14,,,0,0,0,0
31340,LYNCHBURG,2020,TRUE,three_year_total,"2018,2019,2020",TRUE,TRUE,23,42,35,,,17,22,,0,40.5,52.4,7.1,0.0,,,,,,42,40,117,0,,,,18,,,,,,0,0,,35,,,,0,0,0,,0,,35,0,,0,30,,,0,10,23,,,,0,0,0
31340,LYNCHBURG,2021,TRUE,three_year_total,"2019,2020,2021",TRUE,TRUE,28,50,41,,,22,26,,0,44.0,52.0,4.0,0.0,,,,,,49,46,126,,,,,22,,,,,,0,0,,40,,,,0,0,0,,0,,42,0,,0,32,,,,,21,,,,,0,
31340,LYNCHBURG,2022,TRUE,three_year_total,"2020,2021,2022",TRUE,TRUE,25,52,42,,,24,25,,0,46.2,48.1,5.8,0.0,,,,,,51,47,145,,,,,22,,10,,,,0,0,,36,,,,0,0,0,,0,,39,0,10,0,28,,13,,,22,,,,,0,
31340,LYNCHBURG,2023,TRUE,three_year_total,"2021,2022,2023",TRUE,TRUE,24,52,43,,,27,21,,0,51.9,40.4,7.7,0.0,,,,,,51,43,166,,,,,19,,13,,,,0,0,11,36,,,0,0,0,,,0,,42,0,,0,21,12,17,,,19,,,,,0,
31340,LYNCHBURG,2024,TRUE,three_year_total,"2022,2023,2024",TRUE,TRUE,22,59,52,,,41,12,,0,69.5,20.3,10.2,0.0,,,,,,59,47,163,,,,11,10,,20,,,11,0,0,18,38,,,,0,0,,,0,,48,0,,0,23,14,20,,11,20,,,,,,0
31340,LYNCHBURG,2025,TRUE,three_year_total,"2023,2024,2025",TRUE,TRUE,21,66,57,,,43,15,,0,65.2,22.7,12.1,0.0,,,,,,66,57,158,,,,17,12,,17,,,16,0,0,16,47,,,,0,0,,,0,,56,0,,0,26,20,19,,19,19,,11,,,,0
31420,MACON-BIBB COUNTY,2018,TRUE,three_year_total,2018,TRUE,TRUE,15,,,0,0,,,0,0,33.3,66.7,0.0,0.0,,,,,,,,25,0,0,0,0,,0,,0,0,0,0,0,,,,0,0,0,0,0,0,0,0,,0,0,0,,0,0,0,,0,0,0,,0,0,0
31420,MACON-BIBB COUNTY,2019,TRUE,three_year_total,"2018,2019",TRUE,TRUE,25,,,0,0,,,0,0,42.9,57.1,0.0,0.0,,,,,,,,59,0,,,0,,0,,,,0,0,0,,,,0,0,0,0,0,,0,0,,0,,0,,,0,,,,0,,,0,0,0
31420,MACON-BIBB COUNTY,2020,TRUE,three_year_total,"2018,2019,2020",TRUE,TRUE,23,11,,0,,,,0,0,45.5,54.5,0.0,0.0,,,,,,11,10,90,0,,,0,,0,,,,0,0,0,,,,0,0,0,0,0,,0,0,,0,,0,,,0,,,,0,,,0,0,0
31420,MACON-BIBB COUNTY,2021,TRUE,three_year_total,"2019,2020,2021",TRUE,TRUE,21,16,12,,,,,0,0,56.2,43.8,0.0,0.0,,,,,,15,15,104,0,,,0,,0,,,,0,0,0,,11,,0,0,0,0,0,,0,,13,0,,0,10,,,,0,,,,0,0,0,0
31420,MACON-BIBB COUNTY,2022,TRUE,three_year_total,"2020,2021,2022",TRUE,TRUE,26,18,13,,,11,,,0,61.1,33.3,5.6,0.0,,,,,,16,17,134,,,,,,,,,,,0,0,,12,,0,0,0,0,0,,0,,15,0,,0,12,,,,,,,,0,0,0,0
31420,MACON-BIBB COUNTY,2023,TRUE,three_year_total,"2021,2022,2023",TRUE,TRUE,28,20,13,,,10,,,0,50.0,45.0,5.0,0.0,,,,,,18,19,134,,,,,,,,,,,0,0,,10,,0,0,0,0,0,,0,,16,0,,0,11,,,,,,,,,,0,0
31420,MACON-BIBB COUNTY,2024,TRUE,three_year_total,"2022,2023,2024",TRUE,TRUE,27,24,18,,,10,11,,0,41.7,45.8,12.5,0.0,,,,,,23,24,138,,,,,,,,,,,0,0,0,,,0,0,0,0,0,,0,,16,0,,0,12,,,,,,,,,,0,0
31420,MACON-BIBB COUNTY,2025,TRUE,three_year_total,"2023,2024,2025",TRUE,TRUE,22,28,22,,,12,13,,0,42.9,46.4,10.7,0.0,,,,,,28,26,105,,,0,,10,,,,0,,0,0,,10,13,0,0,0,0,0,,0,,20,0,,0,12,10,,,,,,,,,0,0
31460,MADERA,2018,TRUE,three_year_total,2018,TRUE,TRUE,12,,0,,0,,0,0,0,100.0,0.0,0.0,0.0,,,,,,,,,0,0,,0,0,0,0,0,,0,0,0,0,,0,0,0,0,0,0,0,0,,0,0,0,0,0,0,,0,0,,0,0,0,0,0,0
31460,MADERA,2019,TRUE,three_year_total,"2018,2019",TRUE,TRUE,23,,,,0,,,0,0,80.0,20.0,0.0,0.0,,,,,,,,15,0,,,,,0,0,,,,0,0,0,,0,0,0,0,0,0,0,0,,,0,0,0,,,,0,,,0,0,0,,0,0
31460,MADERA,2020,TRUE,three_year_total,"2018,2019,2020",TRUE,TRUE,26,,,,0,,,0,0,55.6,44.4,0.0,0.0,,,,,,,,29,0,,,,,,0,,,,0,0,0,,0,0,0,0,0,0,0,0,,,0,,0,,,,0,,,,0,0,,0,0
31460,MADERA,2021,TRUE,three_year_total,"2019,2020,2021",TRUE,TRUE,21,12,11,0,,,,0,0,50.0,50.0,0.0,0.0,,,,,,12,12,30,0,,0,,,,0,,0,,0,0,0,11,0,0,0,0,0,0,,0,,,0,,0,,,,,,,,0,0,,0,0
31460,MADERA,2022,TRUE,three_year_total,"2020,2021,2022",TRUE,TRUE,23,12,10,,,,,0,0,50.0,50.0,0.0,0.0,,,,,,12,12,31,0,,,0,,,0,,,0,0,0,0,10,0,,0,0,0,0,,0,,,0,,0,,,,,,,,0,,0,0,0
31460,MADERA,2023,TRUE,three_year_total,"2021,2022,2023",TRUE,TRUE,27,11,,,,,,0,0,54.5,45.5,0.0,0.0,,,,,,11,11,22,0,,,0,,,0,,,0,0,0,0,,,,0,0,0,0,,0,,,0,,0,,,,,,,,,,0,0,0
31540,MADISON,2018,TRUE,single_year,2018,TRUE,TRUE,14,138,121,,10,101,30,,0,73.2,21.7,5.1,0.0,81500,59000,102750,235000,4.625,136,121,268,,36,26,20,24,11,21,36,25,16,,,18,110,,,0,,0,,14,0,,113,,16,0,63,24,43,,14,64,30,10,11,,,0
31540,MADISON,2019,TRUE,single_year,2019,TRUE,TRUE,11,146,119,11,16,99,38,,0,67.8,26.0,6.2,0.0,85000,61000,116000,265000,4.125,145,126,219,21,38,31,16,26,,26,38,28,10,0,,20,116,,,0,0,0,,14,0,,122,,17,0,68,13,58,,16,66,31,18,,,0,0
31540,MADISON,2020,TRUE,single_year,2020,TRUE,TRUE,13,156,135,,12,109,40,,0,69.9,25.6,4.5,0.0,80000,60000,108750,265000,3.25,154,147,259,,51,27,27,25,17,,51,24,22,0,,,128,,,0,0,0,,13,0,,131,,19,0,66,39,45,,20,74,32,14,10,,0,0
31540,MADISON,2021,TRUE,single_year,2021,TRUE,TRUE,16,178,159,,13,121,49,,0,68.0,27.5,4.5,0.0,88000,65000,118000,310000,3,175,170,307,,67,43,14,35,,11,67,38,,0,,,140,,,,0,,,22,0,15,137,,20,0,79,27,60,12,13,81,39,20,18,,,
31540,MADISON,2022,TRUE,single_year,2022,TRUE,TRUE,18,149,138,,,106,40,,0,71.1,26.8,2.0,0.0,96000,70000,132000,315000,4.99,149,140,242,,42,32,30,29,,,42,31,22,,,,111,,,,0,0,,24,0,10,114,,20,0,49,29,62,,20,68,31,17,,,,0
31540,MADISON,2023,TRUE,single_year,2023,TRUE,TRUE,14,115,99,,,90,23,,0,78.3,20.0,1.7,0.0,106000,81000,167000,345000,6.625,111,100,159,,33,30,16,17,,15,33,27,14,0,,15,97,0,,,0,0,,13,0,11,87,,14,0,46,23,38,,12,39,31,12,10,,,
31540,MADISON,2024,TRUE,single_year,2024,TRUE,TRUE,14,98,84,,,84,11,,0,85.7,11.2,3.1,0.0,119000,86000,164500,370000,6.85,98,91,139,,28,24,28,,,,28,23,26,0,0,,65,,10,0,0,0,,15,0,,79,,13,0,36,19,36,,16,35,18,15,,10,0,0
31540,MADISON,2025,TRUE,single_year,2025,TRUE,TRUE,14,97,77,,17,83,11,,0,85.6,11.3,3.1,0.0,126500,88750,175000,425000,6.75,96,85,184,,35,18,24,,,12,33,16,22,0,0,12,69,,,0,0,,,17,0,11,72,,11,0,45,11,32,,17,32,22,12,,,,0
31700,MANCHESTER-NASHUA,2018,TRUE,single_year,2018,TRUE,TRUE,11,297,228,57,12,90,189,18,0,30.3,63.6,6.1,0.0,72000,60500,93500,255000,4.75,295,294,148,,42,18,40,133,58,,40,15,31,0,,,228,20,,,0,,,37,0,41,210,,42,0,151,55,64,27,33,154,45,42,19,,,0
31700,MANCHESTER-NASHUA,2019,TRUE,single_year,2019,TRUE,TRUE,10,303,227,61,15,106,178,19,0,35.0,58.7,6.3,0.0,76000,63250,97000,285000,4.125,302,298,157,,49,29,47,120,50,,49,22,29,,,,228,12,,,0,0,,50,0,57,199,,42,0,150,57,69,27,31,139,59,32,30,10,0,
31700,MANCHESTER-NASHUA,2020,TRUE,single_year,2020,TRUE,TRUE,12,352,290,55,,120,209,23,0,34.1,59.4,6.5,0.0,76000,61000,96250,305000,3.125,352,349,132,21,61,35,42,154,53,,59,28,24,,,,258,15,,,,,,65,0,71,217,,61,0,196,61,70,25,47,172,62,43,20,,0,0
31700,MANCHESTER-NASHUA,2021,TRUE,single_year,2021,FALSE,TRUE,8,350,275,61,14,134,193,23,0,38.3,55.1,6.6,0.0,82000,69000,103000,355000,2.99,350,347,203,25,61,53,43,145,41,,60,44,23,0,,,237,12,15,0,0,,,77,0,78,208,,55,0,176,60,77,37,47,161,80,32,18,,,0
31700,MANCHESTER-NASHUA,2022,TRUE,single_year,2022,TRUE,TRUE,10,220,163,49,,86,118,16,0,39.1,53.6,7.3,0.0,99000,83250,125000,405000,5,218,219,154,11,46,25,32,92,19,,46,22,16,,0,,158,10,,,0,0,,41,0,53,126,,34,0,99,53,54,14,22,102,48,26,17,,,0
31700,MANCHESTER-NASHUA,2023,TRUE,single_year,2023,TRUE,TRUE,11,191,147,35,,83,94,14,0,43.5,49.2,7.3,0.0,112000,90000,139000,425000,6.625,189,188,114,,42,27,31,69,15,,40,20,20,0,0,,113,14,12,,,,,44,0,43,117,0,31,0,106,40,32,13,17,96,47,17,,,,0
31700,MANCHESTER-NASHUA,2024,TRUE,single_year,2024,TRUE,TRUE,10,206,157,43,,133,65,,0,64.6,31.6,3.9,0.0,129500,103750,165000,485000,6.75,204,202,118,,39,25,77,49,11,,38,24,67,0,0,,135,12,15,0,0,,,37,0,40,124,,36,0,92,24,68,22,18,109,39,21,15,,,0
31700,MANCHESTER-NASHUA,2025,TRUE,single_year,2025,TRUE,TRUE,10,215,164,44,,119,85,11,0,55.3,39.5,5.1,0.0,138500,114000,175750,525000,6.5,210,214,119,10,48,20,69,63,14,,45,17,56,0,0,,136,13,13,0,0,,,47,0,58,118,,32,,107,27,70,11,19,106,56,21,,,,0
31740,MANHATTAN,2018,TRUE,three_year_total,2018,TRUE,TRUE,25,,,0,,,,,0,66.7,22.2,11.1,0.0,,,,,,,,29,0,,0,,,,,,0,,0,0,,,0,0,0,0,0,0,0,0,0,,0,0,0,,,,0,,,,,0,0,0,0
31740,MANHATTAN,2019,TRUE,three_year_total,"2018,2019",TRUE,TRUE,25,30,23,,,12,,12,0,40.0,20.0,40.0,0.0,,,,,,29,25,63,,,,,,,,,,,0,0,,26,,,0,0,0,,,0,,27,0,,0,20,,,0,10,12,,,,0,0,0
31740,MANHATTAN,2020,TRUE,three_year_total,"2018,2019,2020",TRUE,TRUE,22,59,49,,,19,13,27,0,32.2,22.0,45.8,0.0,,,,,,57,53,99,,,,,,18,15,,,,0,0,,45,,,,0,0,,,0,,53,,,0,36,,19,0,16,24,10,,,0,0,0
31740,MANHATTAN,2021,TRUE,three_year_total,"2019,2020,2021",TRUE,TRUE,19,94,84,,,19,15,60,0,20.2,16.0,63.8,0.0,,,,,,93,88,140,,13,,,11,39,21,10,,,0,0,,64,14,,,0,0,,,0,16,71,,,0,51,13,29,,23,44,13,,,,,0
31740,MANHATTAN,2022,TRUE,three_year_total,"2020,2021,2022",TRUE,TRUE,18,102,97,,,26,17,59,0,25.5,16.7,57.8,0.0,,,,,,101,96,203,,15,,,15,38,23,12,,,0,0,,65,15,,,0,0,,11,0,16,75,,,0,54,16,30,,24,49,13,,,,,0
31740,MANHATTAN,2023,TRUE,three_year_total,"2021,2022,2023",TRUE,TRUE,14,105,99,,,35,10,60,0,33.3,9.5,57.1,0.0,,,,,,104,96,213,,17,10,,10,36,27,15,,,0,0,,62,13,10,0,0,0,,15,0,16,75,,11,0,55,15,31,,24,48,16,,,,,0
31740,MANHATTAN,2024,TRUE,three_year_total,"2022,2023,2024",TRUE,TRUE,19,87,78,,,40,,38,0,46.0,10.3,43.7,0.0,,,,,,86,78,190,,14,10,12,,23,20,13,10,,0,0,,53,,,,0,0,,13,0,,67,,11,0,42,,32,,22,33,15,,,,,0
31740,MANHATTAN,2025,TRUE,three_year_total,"2023,2024,2025",TRUE,TRUE,18,91,79,,,44,,43,0,48.4,4.4,47.3,0.0,,,,,,90,80,147,,16,13,11,,26,23,14,12,,0,0,11,59,,,,0,0,,14,0,,73,,,0,41,11,31,,22,29,16,,,,,0
31860,MANKATO,2018,TRUE,three_year_total,2018,TRUE,TRUE,22,15,13,,0,,,,0,53.3,33.3,13.3,0.0,,,,,,15,13,24,0,,,0,,,,,,0,0,0,,14,0,0,0,0,0,0,,0,0,14,0,,0,,,,,,,,0,,0,0,0
31860,MANKATO,2019,TRUE,three_year_total,"2018,2019",TRUE,TRUE,23,29,23,,0,18,,,0,62.1,31.0,6.9,0.0,,,,,,29,23,57,0,,,,,,,,,,0,0,,27,0,0,0,0,0,0,,0,0,26,0,,0,15,,,,,,,0,,,0,0
31860,MANKATO,2020,TRUE,three_year_total,"2018,2019,2020",TRUE,TRUE,22,49,39,,,29,17,,0,59.2,34.7,6.1,0.0,,,,,,48,42,76,,12,,,14,,,12,,,0,0,,45,,,0,0,0,0,,0,,45,0,,0,28,10,,,14,13,,,,,0,0
31860,MANKATO,2021,TRUE,three_year_total,"2019,2020,2021",TRUE,TRUE,22,54,44,,,32,20,,0,59.3,37.0,3.7,0.0,,,,,,52,49,92,,14,,,18,,,14,,,0,0,,47,,,0,0,0,,,0,,48,0,,0,32,,13,,12,20,14,,,,0,0
31860,MANKATO,2022,TRUE,three_year_total,"2020,2021,2022",TRUE,TRUE,21,52,44,,,31,19,,0,59.6,36.5,3.8,0.0,,,,,,50,50,72,,15,10,,17,,,15,10,,0,0,,42,,,0,,0,,,0,,46,0,,0,32,,12,,12,18,14,,,,0,0
31860,MANKATO,2023,TRUE,three_year_total,"2021,2022,2023",TRUE,TRUE,24,39,34,,,25,12,,0,64.1,30.8,5.1,0.0,,,,,,38,38,77,0,12,,,11,,,12,,,0,0,,28,0,,0,,0,,,0,,32,,,0,23,,10,,,17,,,,,0,0
31860,MANKATO,2024,TRUE,three_year_total,"2022,2023,2024",TRUE,TRUE,26,24,19,,,19,,,0,79.2,16.7,4.2,0.0,,,,,,24,23,51,0,,,,,0,,,,,0,0,,16,0,0,0,,0,,,0,0,19,,,0,15,,,,,,,,,0,0,0
31860,MANKATO,2025,TRUE,three_year_total,"2023,2024,2025",TRUE,TRUE,23,24,19,,,17,,,0,70.8,16.7,12.5,0.0,,,,,,24,21,58,0,,,,,0,,,,,0,0,,20,0,0,0,0,0,,,0,,20,,,0,10,,11,0,,12,,0,,,0,0
31900,MANSFIELD,2018,TRUE,three_year_total,2018,TRUE,TRUE,20,22,22,0,0,14,,0,0,63.6,36.4,0.0,0.0,,,,,,22,19,34,0,,,,,0,,,,0,0,0,,21,0,0,0,0,0,0,,0,0,21,0,,0,10,,,,,,,,,,0,0
31900,MANSFIELD,2019,TRUE,three_year_total,"2018,2019",TRUE,TRUE,18,38,37,,0,23,14,,0,60.5,36.8,2.6,0.0,,,,,,37,34,73,0,12,,,10,,,12,,0,0,0,,36,0,0,0,0,0,0,,0,0,36,0,,0,19,,11,,,,,,,,0,0
31900,MANSFIELD,2020,TRUE,three_year_total,"2018,2019,2020",TRUE,TRUE,17,68,65,,,41,23,,0,60.3,33.8,5.9,0.0,,,,,,67,64,112,,20,19,,17,,,19,18,,0,0,,64,0,0,0,0,0,0,,0,0,63,0,,0,32,,22,,,18,,10,15,,,0
31900,MANSFIELD,2021,TRUE,three_year_total,"2019,2020,2021",TRUE,TRUE,19,79,75,,,48,25,,0,60.8,31.6,7.6,0.0,,,,,,76,78,123,,20,28,,20,,,19,27,,0,0,,66,,,0,0,0,0,,0,,67,0,,0,37,11,23,,,29,10,13,14,,,
31900,MANSFIELD,2022,TRUE,three_year_total,"2020,2021,2022",TRUE,TRUE,17,85,79,,,53,24,,0,62.4,28.2,9.4,0.0,,,,,,83,85,126,,25,28,,19,,,24,28,,0,0,0,69,,,0,0,0,0,10,0,,71,0,10,0,39,14,23,,,33,,19,10,,,
31900,MANSFIELD,2023,TRUE,three_year_total,"2021,2022,2023",TRUE,TRUE,19,80,74,,,54,20,,0,67.5,25.0,7.5,0.0,,,,,,77,79,122,,22,29,,16,,,22,29,,0,,,58,,,0,0,0,,13,0,,64,0,11,0,37,16,18,,10,34,,16,,,0,
31900,MANSFIELD,2024,TRUE,three_year_total,"2022,2023,2024",TRUE,TRUE,22,69,60,,,51,12,,0,73.9,17.4,8.7,0.0,,,,,,68,67,110,,19,21,,,,,19,21,,0,,,55,,,0,0,0,,,0,,58,,,0,32,16,16,,14,22,10,11,,,,0
31900,MANSFIELD,2025,TRUE,three_year_total,"2023,2024,2025",TRUE,TRUE,25,68,62,,,52,,,0,76.5,13.2,10.3,0.0,,,,,,67,65,112,,17,20,,,,,17,20,,0,,,56,,,0,,0,,,0,,58,,,0,29,20,16,,15,20,11,,,,,0
31924,MARIETTA,2024,TRUE,three_year_total,2024,TRUE,TRUE,29,32,27,,,20,,,0,62.5,28.1,9.4,0.0,,,,,,32,32,53,,,,,,,,,,,0,,,15,,0,,0,0,,,0,10,15,,,0,19,,,,,13,,,,0,0,0
31924,MARIETTA,2025,TRUE,three_year_total,"2024,2025",TRUE,TRUE,19,57,51,,,41,12,,0,71.9,21.1,7.0,0.0,,,,,,57,55,98,,11,,14,11,,11,10,,13,0,,10,27,14,,,0,0,,11,0,17,31,,,0,27,12,14,,,22,15,,,,,0
32420,MAYAGÜEZ,2018,TRUE,three_year_total,2018,TRUE,TRUE,19,,,0,,,,0,0,40.0,60.0,0.0,0.0,,,,,,,,,0,,0,0,,0,,,0,0,0,0,0,,0,0,0,0,0,0,0,0,,0,0,0,0,,,,0,0,0,,,0,0,0,0
32420,MAYAGÜEZ,2019,TRUE,three_year_total,"2018,2019",TRUE,TRUE,18,13,10,,,,10,0,0,23.1,76.9,0.0,0.0,,,,,,13,13,,0,,,0,,,,,,0,0,0,0,13,0,0,0,0,0,0,0,0,13,0,0,0,0,,,,0,0,,,,,0,0,0
32420,MAYAGÜEZ,2020,TRUE,three_year_total,"2018,2019,2020",TRUE,TRUE,18,17,12,,,,12,0,0,29.4,70.6,0.0,0.0,,,,,,17,17,,0,,,0,,,,,,0,0,0,0,17,0,0,0,0,0,0,0,0,17,0,0,0,0,,,,0,0,,,,,0,0,0
32420,MAYAGÜEZ,2021,TRUE,three_year_total,"2019,2020,2021",TRUE,TRUE,16,23,17,,,,19,0,0,17.4,82.6,0.0,0.0,,,,,,23,23,,0,,,0,16,,,,,0,0,0,0,23,0,0,0,0,0,0,0,0,23,0,0,0,0,11,,,0,,,11,,,0,0,0
32420,MAYAGÜEZ,2022,TRUE,three_year_total,"2020,2021,2022",TRUE,TRUE,19,29,24,,,,21,,0,20.7,72.4,6.9,0.0,,,,,,29,29,,0,,,0,13,,,,,0,0,,0,26,0,0,0,0,0,0,,0,27,0,0,,0,12,,,0,,10,11,,0,,0,0
32420,MAYAGÜEZ,2023,TRUE,three_year_total,"2021,2022,2023",TRUE,TRUE,17,34,30,,,,22,,0,26.5,64.7,8.8,0.0,,,,,,34,34,12,0,,,0,14,10,,,,0,0,,0,30,0,0,0,0,0,0,,0,31,0,0,,0,14,11,,0,,14,10,,,,0,0
32420,MAYAGÜEZ,2024,TRUE,three_year_total,"2022,2023,2024",TRUE,TRUE,20,55,46,,,22,26,,0,40.0,47.3,12.7,0.0,,,,,,54,54,14,,,13,0,12,21,,,,0,0,,0,44,,0,0,0,0,0,,0,49,,,,0,18,16,20,,,20,15,,,,0,
32420,MAYAGÜEZ,2025,TRUE,three_year_total,"2023,2024,2025",TRUE,TRUE,23,72,57,10,,28,35,,0,38.9,48.6,12.5,0.0,,,,,,71,71,16,,,12,,20,23,,,,,0,,,58,,0,0,,0,,,0,66,,,,0,28,22,20,,,26,18,13,,,0,
32580,MCALLEN-EDINBURG-MISSION,2018,TRUE,single_year,2018,TRUE,TRUE,19,76,11,,64,17,49,10,0,22.4,64.5,13.2,0.0,93500,73500,111000,265000,4.875,76,75,126,,14,,,27,24,,14,,,0,0,,65,,,0,0,0,,,0,56,14,,,0,40,14,21,,,38,19,,,,0,0
32580,MCALLEN-EDINBURG-MISSION,2019,TRUE,single_year,2019,TRUE,TRUE,19,89,14,,73,15,65,,0,16.9,73.0,10.1,0.0,84000,64750,103250,285000,4,88,86,185,,,,,47,19,,,,,0,0,,71,,,0,0,0,0,,0,69,11,0,,0,63,13,10,,,49,21,,,0,0,0
32580,MCALLEN-EDINBURG-MISSION,2020,TRUE,single_year,2020,TRUE,TRUE,15,128,,,117,22,92,14,0,17.2,71.9,10.9,0.0,82000,65750,109500,295000,2.933,128,124,206,,17,,,74,10,11,17,0,,0,0,,95,,,0,0,0,,17,0,93,23,,10,0,78,28,19,,15,64,30,10,,,,0
32580,MCALLEN-EDINBURG-MISSION,2021,TRUE,single_year,2021,TRUE,TRUE,19,116,11,,100,15,87,14,0,12.9,75.0,12.1,0.0,83500,69250,108000,335000,3.125,114,115,228,,,,,73,,12,,,0,0,0,,94,,,,0,0,0,,0,89,22,,,0,76,21,18,,,71,21,13,0,,,0
32580,MCALLEN-EDINBURG-MISSION,2022,TRUE,single_year,2022,TRUE,TRUE,15,109,21,,85,28,59,22,0,25.7,54.1,20.2,0.0,109000,88000,146000,375000,4.933,109,104,249,,18,10,11,40,18,12,15,,,0,0,,92,,,,0,,0,10,0,82,16,,,0,61,17,25,,,55,26,15,,,0,0
32580,MCALLEN-EDINBURG-MISSION,2023,TRUE,single_year,2023,TRUE,TRUE,15,106,15,,90,32,45,29,0,30.2,42.5,27.4,0.0,135500,102000,163250,445000,6.625,106,105,255,,18,15,15,28,22,,17,,,0,0,,81,,,,0,0,,14,0,78,18,,,0,65,12,26,,10,50,27,10,,0,,0
32580,MCALLEN-EDINBURG-MISSION,2024,TRUE,single_year,2024,TRUE,TRUE,11,206,16,,186,113,55,38,0,54.9,26.7,18.4,0.0,135000,112000,166000,475000,6.5,206,204,205,16,19,16,90,40,35,,15,14,80,,,,152,12,,,0,0,,27,0,160,30,,10,0,132,25,43,,20,100,52,19,12,,0,0
32580,MCALLEN-EDINBURG-MISSION,2025,TRUE,single_year,2025,TRUE,TRUE,14,158,21,,134,79,44,35,0,50.0,27.8,22.2,0.0,134000,102500,166000,475000,6.5,151,155,231,,15,10,61,32,33,,12,,56,,0,,127,,,,0,0,0,14,0,126,17,,10,0,95,33,25,,18,85,26,17,,,,0
32780,MEDFORD,2018,TRUE,three_year_total,2018,TRUE,TRUE,24,33,30,,,17,13,,0,51.5,39.4,9.1,0.0,,,,,,33,29,56,0,11,,,,,,10,,,0,0,,29,,0,0,0,0,0,,0,,26,,,0,10,,12,,,11,,,,,,0
32780,MEDFORD,2019,TRUE,three_year_total,"2018,2019",TRUE,TRUE,21,65,56,,,30,27,,0,46.2,41.5,12.3,0.0,,,,,,65,59,110,,18,,,19,,,17,,,0,0,,56,,0,0,0,0,0,,0,,48,,,0,27,15,17,,,14,19,13,,,,0
32780,MEDFORD,2020,TRUE,three_year_total,"2018,2019,2020",TRUE,TRUE,13,100,88,,,46,43,11,0,46.0,43.0,11.0,0.0,,,,,,100,91,152,,27,14,,30,10,11,26,10,,0,0,,86,,0,0,,0,,10,0,11,74,,11,0,41,24,27,,10,24,27,15,14,,,0
32780,MEDFORD,2021,TRUE,three_year_total,"2019,2020,2021",TRUE,TRUE,14,116,95,13,,55,52,,0,47.4,44.8,7.8,0.0,,,,,,116,109,172,,37,16,10,37,,,36,11,,0,0,,91,,,0,,0,,18,0,12,84,,17,0,47,32,27,10,14,25,34,15,18,,,0
32780,MEDFORD,2022,TRUE,three_year_total,"2020,2021,2022",TRUE,TRUE,15,112,93,13,,53,54,,0,47.3,48.2,4.5,0.0,,,,,,112,106,175,,38,13,,40,,,37,,,0,0,,84,0,,0,,0,,20,0,10,79,,21,0,37,33,30,12,14,34,26,14,14,,,0
32780,MEDFORD,2023,TRUE,three_year_total,"2021,2022,2023",TRUE,TRUE,17,106,84,13,,55,45,,0,51.9,42.5,5.7,0.0,,,,,,105,102,181,0,39,12,,35,,,38,10,,0,0,,78,0,,0,0,0,,21,,,74,,21,0,35,31,28,12,,38,19,20,,,,
32780,MEDFORD,2024,TRUE,three_year_total,"2022,2023,2024",TRUE,TRUE,17,93,76,11,,51,33,,0,54.8,35.5,9.7,0.0,,,,,,92,91,133,0,22,13,20,25,,,22,12,15,0,0,,73,0,,,0,0,,12,,,68,,13,0,31,25,30,,,44,13,16,,,,
32780,MEDFORD,2025,TRUE,three_year_total,"2023,2024,2025",TRUE,TRUE,18,90,72,11,,60,22,,0,66.7,24.4,8.9,0.0,,,,,,88,89,122,,21,14,29,16,,,21,13,25,0,0,,76,0,,,0,0,,,,10,67,,10,0,34,20,32,,,40,12,17,,,,
32820,MEMPHIS,2018,TRUE,three_year_total,2018,TRUE,TRUE,27,28,25,,,16,11,,0,57.1,39.3,3.6,0.0,,,,,,27,22,137,,,,,,,,,,0,0,0,,21,,0,0,0,0,0,,0,,26,0,,0,12,,11,,,,,,,,,
32820,MEMPHIS,2019,TRUE,three_year_total,"2018,2019",TRUE,TRUE,20,58,51,,,32,23,,0,55.2,39.7,5.2,0.0,,,,,,56,46,284,,13,,,18,,14,13,,,0,0,13,40,14,,0,0,0,0,,0,,52,0,,0,27,10,19,,,20,11,,,,,
32820,MEMPHIS,2020,TRUE,three_year_total,"2018,2019,2020",TRUE,TRUE,20,85,76,,,48,31,,0,56.5,36.5,7.1,0.0,,,,,,82,71,477,,23,,,26,,17,23,,,0,,16,58,17,,,0,0,0,,0,,74,0,,0,41,16,24,,,28,17,17,11,,,
32820,MEMPHIS,2021,TRUE,three_year_total,"2019,2020,2021",TRUE,TRUE,17,98,91,,,61,27,10,0,62.2,27.6,10.2,0.0,,,,,,95,83,548,,28,11,,25,13,17,28,11,,0,,17,60,26,,,0,0,,,0,,86,0,,0,45,25,25,,,31,20,22,13,,,
32820,MEMPHIS,2022,TRUE,three_year_total,"2020,2021,2022",TRUE,TRUE,18,103,95,,,67,25,11,0,65.0,24.3,10.7,0.0,,,,,,101,91,583,,31,16,,22,13,16,31,16,,0,,15,58,28,,,,0,,10,0,,90,,,0,45,29,25,,,34,21,20,13,,,
32820,MEMPHIS,2023,TRUE,three_year_total,"2021,2022,2023",TRUE,TRUE,17,109,101,,,72,28,,0,66.1,25.7,8.3,0.0,,,,,,108,95,542,,31,20,,19,11,20,31,17,,0,,18,58,32,,,,0,,10,0,,95,,,0,41,35,30,,,34,26,16,13,10,,0
32820,MEMPHIS,2024,TRUE,three_year_total,"2022,2023,2024",TRUE,TRUE,16,106,90,10,,71,29,,0,67.0,27.4,5.7,0.0,,,,,,105,92,541,,30,17,12,18,,21,30,14,,0,,19,57,25,,,,0,,13,0,,86,,14,0,41,29,29,,,35,24,15,12,,,0
32820,MEMPHIS,2025,TRUE,three_year_total,"2023,2024,2025",TRUE,TRUE,13,110,94,10,,72,31,,0,65.5,28.2,6.4,0.0,,,,,,107,92,508,,27,14,12,18,14,25,26,11,,0,,22,58,27,,0,0,0,,17,0,,86,,18,0,45,26,30,,,32,22,19,16,11,,
32900,MERCED,2018,TRUE,three_year_total,2018,TRUE,TRUE,22,15,10,,,,,,0,46.7,46.7,6.7,0.0,,,,,,15,15,30,,,,0,,,,,,0,0,0,0,14,0,,0,0,0,0,0,0,10,,0,0,0,,,,0,0,,,,,0,0,0
32900,MERCED,2019,TRUE,three_year_total,"2018,2019",TRUE,TRUE,24,22,14,,,10,11,,0,45.5,50.0,4.5,0.0,,,,,,22,22,55,,,,,,,,,,,0,0,0,19,0,,0,0,0,0,,0,15,,0,,0,12,,,,0,,,,,0,0,0
32900,MERCED,2020,TRUE,three_year_total,"2018,2019,2020",TRUE,TRUE,21,32,22,,,16,15,,0,50.0,46.9,3.1,0.0,,,,,,32,32,84,,13,,,10,,,13,,,0,0,0,27,0,,0,0,0,0,,0,22,,0,,0,19,,,,0,12,,,,,0,0
32900,MERCED,2021,TRUE,three_year_total,"2019,2020,2021",TRUE,TRUE,21,38,29,,,19,19,0,0,50.0,50.0,0.0,0.0,,,,,,38,38,92,0,13,,,14,,,13,,,0,0,,29,0,,0,0,0,0,,0,25,,,,0,23,,11,,,16,,,,,0,0
32900,MERCED,2022,TRUE,three_year_total,"2020,2021,2022",TRUE,TRUE,19,52,44,,,23,29,0,0,44.2,55.8,0.0,0.0,,,,,,52,51,90,0,16,,,20,,,15,,0,0,0,,37,,,0,0,0,0,12,0,33,,,,0,31,,15,,,21,14,,,,0,0
32900,MERCED,2023,TRUE,three_year_total,"2021,2022,2023",TRUE,TRUE,18,55,47,,,23,32,0,0,41.8,58.2,0.0,0.0,,,,,,54,52,78,0,12,10,,22,,,10,,0,0,0,,40,,,0,0,0,0,12,0,37,,,,0,31,,15,0,,21,14,,,,,0
32900,MERCED,2024,TRUE,three_year_total,"2022,2023,2024",TRUE,TRUE,24,51,42,,,22,28,,0,43.1,54.9,2.0,0.0,,,,,,50,48,72,,,12,,18,,,,,,0,0,,33,,,,0,0,,13,0,34,,,10,0,27,10,11,,,18,15,,,,,0
32900,MERCED,2025,TRUE,three_year_total,"2023,2024,2025",TRUE,TRUE,26,39,31,,,22,16,,0,56.4,41.0,2.6,0.0,,,,,,38,37,76,,,11,,11,,,,,,0,0,,24,0,,,0,0,,11,0,25,,,,0,20,,,,,17,10,,,,,0
33124,MIAMI-MIAMI BEACH-KENDALL,2018,TRUE,single_year,2018,TRUE,TRUE,12,206,184,11,11,85,110,11,0,41.3,53.4,5.3,0.0,78000,64500,107000,315000,4.875,203,202,195,,46,24,31,71,24,10,43,19,15,,,,146,40,,0,0,,,15,0,128,58,,13,0,119,41,42,,,76,48,38,25,,,0
33124,MIAMI-MIAMI BEACH-KENDALL,2019,TRUE,single_year,2019,TRUE,TRUE,13,245,207,17,21,85,153,,0,34.7,62.4,2.9,0.0,81000,66000,110000,335000,4.25,245,243,228,,50,34,27,99,27,,45,26,,0,,,170,42,,0,0,,,27,0,148,67,,25,0,134,57,45,,11,90,60,45,30,,,0
33124,MIAMI-MIAMI BEACH-KENDALL,2020,TRUE,single_year,2020,TRUE,TRUE,9,243,207,19,17,84,147,12,0,34.6,60.5,4.9,0.0,88000,68500,113500,385000,3.125,243,243,178,,51,41,17,111,20,,49,30,0,0,,0,176,38,,0,0,0,,22,0,163,55,,18,0,132,53,50,,15,94,60,47,19,,,0
33124,MIAMI-MIAMI BEACH-KENDALL,2021,TRUE,single_year,2021,TRUE,TRUE,11,383,328,32,23,158,209,16,0,41.3,54.6,4.2,0.0,95000,74000,131000,425000,2.999,379,383,313,,97,77,30,144,18,17,94,57,,0,,,284,51,,,0,0,,41,0,248,89,,41,0,200,100,69,14,27,142,105,61,32,,,
33124,MIAMI-MIAMI BEACH-KENDALL,2022,TRUE,single_year,2022,TRUE,TRUE,12,271,233,21,17,132,132,,0,48.7,48.7,2.6,0.0,121500,93000,161000,505000,5.25,268,269,327,,79,61,26,92,10,,74,54,0,0,,,187,41,,0,0,0,,34,0,164,67,,35,0,139,69,59,,12,109,77,37,26,,,
33124,MIAMI-MIAMI BEACH-KENDALL,2023,TRUE,single_year,2023,TRUE,TRUE,11,215,193,16,,99,105,11,0,46.0,48.8,5.1,0.0,152000,117500,193500,565000,6.624,211,214,241,,59,41,27,67,18,,57,30,,0,,,141,27,,,0,0,0,43,0,135,44,,32,0,122,40,43,10,,90,69,37,12,,0,0
33124,MIAMI-MIAMI BEACH-KENDALL,2024,TRUE,single_year,2024,FALSE,TRUE,10,233,204,15,14,132,91,10,0,56.7,39.1,4.3,0.0,162000,131750,215750,615000,6.625,232,233,246,0,42,28,72,73,14,,42,26,60,0,,,163,28,,,0,,,29,0,160,49,,20,0,119,51,57,,11,94,75,32,17,,0,0
33124,MIAMI-MIAMI BEACH-KENDALL,2025,TRUE,single_year,2025,TRUE,TRUE,13,168,145,14,,95,64,,0,56.5,38.1,5.4,0.0,173000,138500,237500,630000,6.5,167,167,236,,27,22,53,51,12,,27,19,46,0,,,113,27,,0,0,0,,19,0,99,47,,14,0,82,37,44,,,65,57,30,,,0,0
33140,MICHIGAN CITY-LA PORTE,2018,TRUE,three_year_total,2018,TRUE,TRUE,29,17,15,,,,,,0,35.3,52.9,11.8,0.0,,,,,,17,17,30,0,,,,,,,,,,0,0,,15,,0,0,0,0,0,,0,,14,,,0,,,,0,,,,,,,0,0
33140,MICHIGAN CITY-LA PORTE,2019,TRUE,three_year_total,"2018,2019",TRUE,TRUE,25,27,24,,,10,15,,0,37.0,55.6,7.4,0.0,,,,,,27,27,57,0,,,,12,,,,,,0,0,,23,,0,0,,0,0,,0,,23,,,0,14,10,,0,,,,,,,0,0
33140,MICHIGAN CITY-LA PORTE,2020,TRUE,three_year_total,"2018,2019,2020",TRUE,TRUE,26,39,34,,,15,22,,0,38.5,56.4,5.1,0.0,,,,,,39,39,84,0,,,,17,,,,,,0,0,,31,,0,0,,0,,,0,,31,,,0,21,14,,0,,12,,,,,,0
33140,MICHIGAN CITY-LA PORTE,2021,TRUE,three_year_total,"2019,2020,2021",TRUE,TRUE,27,32,28,,,14,18,0,0,43.8,56.2,0.0,0.0,,,,,,32,31,92,0,,,,14,,,,,,0,0,,23,,0,0,,0,,,0,,25,,,0,19,,,,,12,,,,,,0
33140,MICHIGAN CITY-LA PORTE,2022,TRUE,three_year_total,"2020,2021,2022",TRUE,TRUE,28,30,25,,0,16,14,0,0,53.3,46.7,0.0,0.0,,,,,,30,29,103,0,,,,11,,,,,,0,,,20,,0,,0,0,,,0,,19,,,0,16,,,,,,,,,,,0
33140,MICHIGAN CITY-LA PORTE,2023,TRUE,three_year_total,"2021,2022,2023",TRUE,TRUE,26,29,24,,,18,11,0,0,62.1,37.9,0.0,0.0,,,,,,29,28,98,0,,,,,,,,,,0,,,21,,0,,0,0,0,,0,,20,0,,0,16,,,,,,,,,0,0,0
33140,MICHIGAN CITY-LA PORTE,2024,TRUE,three_year_total,"2022,2023,2024",TRUE,TRUE,28,31,21,,,22,,0,0,71.0,29.0,0.0,0.0,,,,,,31,31,89,,,,11,,,0,,,,0,,0,20,,,,0,0,,,0,,23,0,,0,20,,,,,,,,,,0,0
33140,MICHIGAN CITY-LA PORTE,2025,TRUE,three_year_total,"2023,2024,2025",TRUE,TRUE,27,31,22,,,20,10,,0,64.5,32.3,3.2,0.0,,,,,,31,30,73,,,,12,,,,,,10,0,0,,23,,,0,0,0,,,0,,27,0,,0,18,,,,,,,,,,0,0
33220,MIDLAND,2018,TRUE,three_year_total,2018,TRUE,TRUE,22,,,0,,,,0,0,71.4,28.6,0.0,0.0,,,,,,,,13,0,,0,0,,,0,,0,0,0,,0,,0,0,0,0,0,0,,0,0,,0,,0,,0,,,,,0,0,,0,0,0
33220,MIDLAND,2019,TRUE,three_year_total,"2018,2019",TRUE,TRUE,22,13,11,0,,10,,0,0,76.9,23.1,0.0,0.0,,,,,,13,13,22,0,,,,,,0,,,,0,,0,10,0,0,0,0,0,0,,0,0,11,0,,0,,0,,,,,,,,,0,0
33220,MIDLAND,2020,TRUE,three_year_total,"2018,2019,2020",TRUE,TRUE,26,18,16,0,,14,,,0,77.8,16.7,5.6,0.0,,,,,,18,17,36,0,,,,,,,,,,0,,,13,0,,0,0,0,0,,0,0,15,0,,0,,0,,,,,,,,,0,0
33220,MIDLAND,2021,TRUE,three_year_total,"2019,2020,2021",TRUE,TRUE,26,14,13,0,,11,,,0,78.6,14.3,7.1,0.0,,,,,,14,13,42,0,,,,0,,,,,,0,0,,,0,,0,0,0,0,,0,0,11,0,,0,,,,,,,,,,,0,0
33220,MIDLAND,2022,TRUE,three_year_total,"2020,2021,2022",TRUE,TRUE,24,11,11,0,0,,,,0,72.7,9.1,18.2,0.0,,,,,,11,10,50,0,,,0,0,,,,,0,0,0,,,0,,0,0,0,0,,0,0,,0,,0,,,,,,,,0,,,0,0
33220,MIDLAND,2023,TRUE,three_year_total,"2021,2022,2023",TRUE,TRUE,22,12,12,0,0,,,,0,66.7,25.0,8.3,0.0,,,,,,12,12,44,0,,,0,,,0,,,0,0,0,0,,0,0,0,0,0,0,,0,0,,0,,0,,,,,0,,,,,,0,0
33220,MIDLAND,2024,TRUE,three_year_total,"2022,2023,2024",TRUE,TRUE,24,10,10,0,0,,,,0,60.0,20.0,20.0,0.0,,,,,,10,10,35,0,,,0,,,,,,0,0,0,0,,0,0,,0,0,0,,0,,,0,,0,,,,,0,,0,,,,0,0
33220,MIDLAND,2025,TRUE,three_year_total,"2023,2024,2025",TRUE,TRUE,26,10,10,0,0,,,,0,70.0,20.0,10.0,0.0,,,,,,10,10,30,0,,,,,,,,,,0,0,0,,0,0,,0,0,0,,0,,,0,,0,,,,,,,0,,,0,0,0
33260,MIDLAND,2018,TRUE,three_year_total,2018,TRUE,TRUE,17,,,0,0,,,0,0,50.0,50.0,0.0,0.0,,,,,,,,14,0,0,0,,0,,0,0,0,,0,,0,,0,0,0,0,0,0,0,0,,,0,0,0,,0,,0,0,,0,0,,0,0,0
33260,MIDLAND,2019,TRUE,three_year_total,"2018,2019",TRUE,TRUE,22,,,0,0,,,0,0,57.1,42.9,0.0,0.0,,,,,,,,30,0,0,0,,,,,0,0,,0,,,,0,0,0,0,0,0,0,0,,,0,0,0,,,,0,0,,0,,,0,0,0
33260,MIDLAND,2020,TRUE,three_year_total,"2018,2019,2020",TRUE,TRUE,22,,,0,0,,,0,0,57.1,42.9,0.0,0.0,,,,,,,,40,0,0,0,,,,,0,0,,0,,,,0,0,0,0,0,0,0,0,,,0,0,0,,,,0,0,,0,,,0,0,0
33260,MIDLAND,2021,TRUE,three_year_total,"2019,2020,2021",TRUE,TRUE,20,,,0,0,,,0,0,37.5,62.5,0.0,0.0,,,,,,,,36,0,0,0,0,,0,,0,0,0,0,0,,,0,0,0,0,0,0,,0,,,0,0,0,,,,0,,,,,0,0,0,0
33260,MIDLAND,2022,TRUE,three_year_total,"2020,2021,2022",TRUE,TRUE,24,,,0,,,,,0,44.4,44.4,11.1,0.0,,,,,,,,32,0,0,,0,,,,0,,0,0,0,,,0,0,0,0,0,0,,0,,,0,0,0,,,,0,,,,0,0,0,0,0
33260,MIDLAND,2023,TRUE,three_year_total,"2021,2022,2023",TRUE,TRUE,24,13,12,0,,,,,0,38.5,53.8,7.7,0.0,,,,,,13,10,31,0,,,0,,,,,,0,0,0,,10,,0,0,0,0,0,,0,,,0,,0,,,,0,,,,,0,0,0,0
33260,MIDLAND,2024,TRUE,three_year_total,"2022,2023,2024",TRUE,TRUE,29,13,11,0,,,,,0,53.8,30.8,15.4,0.0,,,,,,13,12,28,0,,,,,,,,,,0,0,,,,0,0,0,0,0,,0,,,,,0,,,,,,,,,0,0,0,0
33260,MIDLAND,2025,TRUE,three_year_total,"2023,2024,2025",TRUE,TRUE,30,18,15,,,,,,0,44.4,50.0,5.6,0.0,,,,,,16,18,28,0,,,,,,,,,,0,0,0,11,,0,0,0,0,0,,0,,,,,0,,,,,,,,,,,0,0
33340,MILWAUKEE-WAUKESHA,2018,TRUE,single_year,2018,TRUE,TRUE,6,878,826,25,27,526,302,50,0,59.9,34.4,5.7,0.0,58000,43000,80000,155000,4.75,864,858,652,,212,149,133,209,136,39,206,137,112,11,36,24,641,122,48,,,0,,58,0,158,645,13,62,0,441,209,196,32,99,397,185,97,66,23,,
33340,MILWAUKEE-WAUKESHA,2019,TRUE,single_year,2019,FALSE,TRUE,4,989,935,27,27,623,326,40,0,63.0,33.0,4.0,0.0,59000,45000,81000,165000,4.25,981,977,690,28,212,189,200,243,95,50,208,168,169,23,25,30,684,138,51,,,,10,97,0,134,740,10,105,0,472,266,187,64,110,467,208,115,62,23,,0
33340,MILWAUKEE-WAUKESHA,2020,TRUE,single_year,2020,FALSE,TRUE,6,1094,1025,41,28,616,425,53,0,56.3,38.8,4.8,0.0,61000,46000,83000,185000,3.25,1091,1082,756,11,209,232,173,336,125,19,208,216,147,13,24,,732,181,53,,,,11,104,0,157,821,18,97,,540,299,206,49,129,511,231,108,78,31,,0
33340,MILWAUKEE-WAUKESHA,2021,TRUE,single_year,2021,FALSE,TRUE,5,1512,1445,35,32,782,667,63,0,51.7,44.1,4.2,0.0,62000,46000,86000,195000,3.125,1505,1506,1027,17,332,320,184,517,130,29,328,293,114,16,21,10,943,246,97,,,,22,191,0,230,1097,20,165,0,732,422,286,72,186,653,373,170,88,36,,
33340,MILWAUKEE-WAUKESHA,2022,TRUE,single_year,2022,FALSE,TRUE,3,1139,1079,36,24,666,422,51,0,58.5,37.1,4.5,0.0,66000,50000,91250,205000,5.125,1132,1134,945,18,202,293,210,317,96,21,201,269,158,15,17,,691,224,53,10,0,,18,136,0,188,808,24,119,0,535,304,247,53,151,449,270,145,88,28,,0
33340,MILWAUKEE-WAUKESHA,2023,TRUE,single_year,2023,FALSE,TRUE,4,840,796,26,18,511,299,30,0,60.8,35.6,3.6,0.0,74000,56000,106000,225000,6.75,829,836,682,10,200,151,167,226,75,21,196,137,140,10,24,,478,169,35,,0,,21,129,0,149,567,16,108,0,412,241,154,33,136,321,181,113,58,27,,0
33340,MILWAUKEE-WAUKESHA,2024,TRUE,single_year,2024,FALSE,TRUE,5,991,940,23,28,740,216,35,0,74.7,21.8,3.5,0.0,80000,61000,115000,245000,6.75,985,974,710,10,200,179,347,154,77,34,198,165,321,,27,23,613,169,42,,,,13,138,0,199,650,21,121,0,509,252,189,41,138,385,227,134,67,27,12,
33340,MILWAUKEE-WAUKESHA,2025,TRUE,single_year,2025,FALSE,TRUE,4,1004,928,48,28,753,218,33,0,75.0,21.7,3.3,0.0,84000,63000,122000,265000,6.625,996,979,822,13,257,160,325,147,70,45,253,147,291,10,21,31,607,175,54,,,,15,142,0,204,661,17,121,,482,264,218,40,140,369,218,139,91,33,14,0
33460,MINNEAPOLIS-ST. PAUL-BLOOMINGTON,2018,TRUE,single_year,2018,TRUE,TRUE,6,649,598,28,23,382,245,22,0,58.9,37.8,3.4,0.0,75000,57000,100000,255000,4.75,640,632,594,,132,107,135,113,116,46,132,94,117,,11,26,452,60,65,0,0,,10,60,0,40,534,11,64,0,353,139,130,27,70,322,144,62,42,,,
33460,MINNEAPOLIS-ST. PAUL-BLOOMINGTON,2019,TRUE,single_year,2019,FALSE,TRUE,5,777,676,61,40,463,294,20,0,59.6,37.8,2.6,0.0,77000,59000,104000,275000,4,771,758,661,16,135,111,208,162,124,37,134,102,187,0,21,19,508,98,62,,0,,20,86,0,53,629,10,85,0,398,182,152,45,86,400,157,79,41,,,
33460,MINNEAPOLIS-ST. PAUL-BLOOMINGTON,2020,TRUE,single_year,2020,TRUE,TRUE,7,871,724,105,42,492,341,38,0,56.5,39.2,4.4,0.0,78000,60000,111000,305000,3.125,867,859,587,,166,141,183,224,136,21,164,135,154,,22,10,553,122,58,,,,22,107,0,51,700,,112,0,416,233,166,56,91,451,179,82,47,18,,0
33460,MINNEAPOLIS-ST. PAUL-BLOOMINGTON,2021,TRUE,single_year,2021,FALSE,TRUE,6,1019,853,111,55,556,431,32,0,54.6,42.3,3.1,0.0,82000,64500,114000,335000,3,1007,1008,766,15,209,218,117,305,156,14,207,202,88,,44,10,647,120,80,,,,22,138,0,85,794,,134,0,521,241,190,67,100,528,229,94,43,23,,0
33460,MINNEAPOLIS-ST. PAUL-BLOOMINGTON,2022,TRUE,single_year,2022,TRUE,TRUE,7,824,705,85,34,476,312,36,0,57.8,37.9,4.4,0.0,89000,71000,128000,335000,5.125,817,817,550,,177,158,130,180,158,21,173,145,105,,43,,512,115,61,,0,,21,106,0,78,644,13,89,0,399,217,161,47,78,417,183,89,37,15,,
33460,MINNEAPOLIS-ST. PAUL-BLOOMINGTON,2023,TRUE,single_year,2023,TRUE,TRUE,5,702,617,58,27,411,262,29,0,58.5,37.3,4.1,0.0,94000,75000,132000,335000,6.75,700,686,375,,129,93,150,147,156,27,126,81,120,,62,18,383,129,58,11,0,,19,98,0,86,523,12,81,0,350,170,153,29,94,334,154,69,29,15,,
33460,MINNEAPOLIS-ST. PAUL-BLOOMINGTON,2024,TRUE,single_year,2024,TRUE,TRUE,7,674,582,47,45,513,134,27,0,76.1,19.9,4.0,0.0,103000,82000,143000,365000,6.75,673,661,320,,132,84,246,59,134,19,130,78,233,,56,14,361,101,73,,0,,21,108,,93,481,,91,0,335,170,135,34,90,318,151,77,24,11,,0
33460,MINNEAPOLIS-ST. PAUL-BLOOMINGTON,2025,TRUE,single_year,2025,FALSE,TRUE,5,635,572,31,32,452,151,32,0,71.2,23.8,5.0,0.0,108000,82000,153000,355000,6.625,631,608,357,11,142,74,215,74,95,35,136,63,202,,20,28,370,88,46,,0,,16,106,0,103,433,18,81,0,298,171,127,39,74,279,143,81,29,23,,
33500,MINOT,2024,TRUE,three_year_total,2024,TRUE,TRUE,27,21,11,,,,,,0,23.8,33.3,42.9,0.0,,,,,,20,21,,,,,,,,,,,,0,0,0,14,,0,0,0,0,,,0,,16,0,,0,12,,,,,10,,0,,0,0,0
33500,MINOT,2025,TRUE,three_year_total,"2024,2025",TRUE,TRUE,25,35,18,,,,10,17,0,22.9,28.6,48.6,0.0,,,,,,34,35,19,,,,,,14,,,,,0,,0,20,,0,,0,0,,,0,,24,0,,0,20,,,,12,14,,0,,,0,0
33540,MISSOULA,2018,TRUE,three_year_total,2018,TRUE,TRUE,19,35,29,,,26,,,0,74.3,22.9,2.9,0.0,,,,,,35,33,44,,16,,,,0,,16,,,0,0,,34,0,0,0,0,0,0,,0,,32,0,,0,12,12,11,0,,12,,11,,,0,0
33540,MISSOULA,2019,TRUE,three_year_total,"2018,2019",TRUE,TRUE,17,57,48,,,42,13,,0,73.7,22.8,3.5,0.0,,,,,,57,55,87,,27,,,10,,,27,,,0,0,,55,0,0,0,0,0,0,,0,,53,0,,0,19,17,21,0,,23,14,12,,,0,0
33540,MISSOULA,2020,TRUE,three_year_total,"2018,2019,2020",TRUE,TRUE,14,84,70,10,,63,17,,0,75.0,20.2,4.8,0.0,,,,,,84,81,128,,42,11,10,14,,,42,11,,0,0,,76,,0,0,0,0,0,,0,,74,0,,0,32,24,28,0,,33,19,18,,,0,0
33540,MISSOULA,2021,TRUE,three_year_total,"2019,2020,2021",TRUE,TRUE,17,93,77,13,,76,13,,0,81.7,14.0,4.3,0.0,,,,,,93,91,142,,51,17,,12,,,51,17,,0,0,,81,,,0,0,0,0,,0,,81,0,11,0,41,20,30,,,39,24,13,,,,0
33540,MISSOULA,2022,TRUE,three_year_total,"2020,2021,2022",TRUE,TRUE,18,85,70,12,,72,,,0,84.7,10.6,4.7,0.0,,,,,,85,83,137,,48,18,,,,,48,18,,0,0,,72,,,0,0,0,0,10,0,,72,0,12,0,38,18,26,,,31,21,13,,,,0
33540,MISSOULA,2023,TRUE,three_year_total,"2021,2022,2023",TRUE,TRUE,18,82,67,12,,72,,,0,87.8,9.8,2.4,0.0,,,,,,82,80,120,,52,18,,,,,52,15,,0,0,,73,0,,0,0,0,0,,0,0,73,0,,0,34,17,27,,,33,19,11,,,,0
33540,MISSOULA,2024,TRUE,three_year_total,"2022,2023,2024",TRUE,TRUE,21,54,44,,,46,,,0,85.2,11.1,3.7,0.0,,,,,,54,49,86,,32,,,,0,,32,,,0,0,,49,0,0,0,0,0,0,,0,0,48,,,0,18,13,21,,,16,14,,,,,0
33540,MISSOULA,2025,TRUE,three_year_total,"2023,2024,2025",TRUE,TRUE,22,62,51,,,53,,,0,85.5,9.7,4.8,0.0,,,,,,61,53,65,,35,,10,,,,35,,,0,0,,57,0,0,0,0,0,,,0,,54,,,0,21,16,22,,,18,16,10,,,,0
33660,MOBILE,2018,TRUE,three_year_total,2018,TRUE,TRUE,15,,,0,,0,,0,0,0.0,100.0,0.0,0.0,,,,,,,,20,0,0,0,0,,0,0,0,0,0,0,0,0,,0,,0,0,0,0,0,0,0,,0,0,0,,,0,0,,,,0,0,0,0,0
33660,MOBILE,2019,TRUE,three_year_total,"2018,2019",TRUE,TRUE,25,,,,,,,,0,11.1,77.8,11.1,0.0,,,,,,,,38,0,0,,0,,,0,0,,0,0,0,0,,,,0,0,0,0,0,0,0,,0,0,0,,,,0,,,,,,0,0,0
33660,MOBILE,2020,TRUE,three_year_total,"2018,2019,2020",TRUE,TRUE,23,17,12,,,,,,0,47.1,47.1,5.9,0.0,,,,,,17,17,66,0,,,0,,,,,,0,0,0,,14,,,0,0,0,0,0,0,0,17,0,0,0,,,,0,,,,,,0,0,0
33660,MOBILE,2021,TRUE,three_year_total,"2019,2020,2021",TRUE,TRUE,25,21,17,,,13,,,0,61.9,33.3,4.8,0.0,,,,,,21,21,68,0,,,,,,,,,0,0,0,,18,,0,,0,0,0,0,0,0,21,0,0,0,,,,0,,,,,,,,0
33660,MOBILE,2022,TRUE,three_year_total,"2020,2021,2022",TRUE,TRUE,24,18,17,0,,13,,0,0,72.2,27.8,0.0,0.0,,,,,,18,18,82,0,,,,,0,,,,,0,0,,16,0,0,,0,0,0,,0,0,17,,0,0,,,,0,,,,,,,,0
33660,MOBILE,2023,TRUE,three_year_total,"2021,2022,2023",TRUE,TRUE,30,19,15,,,11,,,0,57.9,36.8,5.3,0.0,,,,,,19,19,78,0,,,,,,,,,,0,,,12,,,,0,0,0,,0,0,14,,,0,10,,,0,,,,,,,,0
33660,MOBILE,2024,TRUE,three_year_total,"2022,2023,2024",TRUE,TRUE,27,25,20,,,14,,,0,56.0,32.0,12.0,0.0,,,,,,25,25,89,0,,,,,,,,,,0,,,16,,,0,0,0,0,,0,,17,,,0,16,,,0,,11,,,,0,0,0
33660,MOBILE,2025,TRUE,three_year_total,"2023,2024,2025",TRUE,TRUE,26,41,34,,,24,11,,0,58.5,26.8,14.6,0.0,,,,,,41,41,93,,,,,,,,,,,0,,,26,,,0,0,0,0,,0,,30,0,,0,24,,11,0,,18,,,,,0,0
33700,MODESTO,2018,TRUE,three_year_total,2018,TRUE,TRUE,25,36,31,,0,18,16,,0,50.0,44.4,5.6,0.0,,,,,,36,34,95,0,,,,12,,,,,,0,0,,31,,,,0,,0,,0,22,11,0,,0,27,,,,,,11,,,,0,0
33700,MODESTO,2019,TRUE,three_year_total,"2018,2019",TRUE,TRUE,19,85,69,11,,35,45,,0,41.2,52.9,5.9,0.0,,,,,,85,81,182,,19,14,10,32,,,18,,,0,0,,71,,,,0,,,,0,43,31,,,0,58,10,14,,,25,23,15,12,,0,0
33700,MODESTO,2020,TRUE,three_year_total,"2018,2019,2020",TRUE,TRUE,15,131,106,18,,59,65,,0,45.0,49.6,5.3,0.0,,,,,,131,126,259,,34,22,12,49,,,32,17,,0,0,,99,,11,,,,,14,0,66,46,,17,0,84,15,27,,12,47,35,18,15,,0,0
33700,MODESTO,2021,TRUE,single_year,2021,TRUE,TRUE,22,64,56,,,28,33,,0,43.8,51.6,4.7,0.0,78500,58000,96250,345000,3,64,62,90,,18,,,28,,,17,,,0,,,39,,,,,0,0,13,0,30,23,,10,0,33,15,12,,,19,13,18,,,,0
33700,MODESTO,2022,TRUE,three_year_total,"2020,2021,2022",TRUE,TRUE,15,146,123,13,10,74,66,,0,50.7,45.2,4.1,0.0,,,,,,145,143,247,,47,24,10,52,,,45,23,,0,,,90,,15,,,0,,28,0,68,55,,22,0,79,27,33,,13,56,34,23,11,,,0
33700,MODESTO,2023,TRUE,three_year_total,"2021,2022,2023",TRUE,TRUE,17,136,116,11,,68,64,,0,50.0,47.1,2.9,0.0,,,,,,135,133,210,,49,16,11,48,,,47,15,,0,,,84,,,,,0,,29,0,63,47,,22,0,70,32,28,,11,47,32,27,10,,,0
33700,MODESTO,2024,TRUE,three_year_total,"2022,2023,2024",TRUE,TRUE,14,108,84,18,,63,43,,0,58.3,39.8,1.9,0.0,,,,,,107,106,168,,37,14,23,25,,,36,11,13,0,0,,69,,,,0,0,,23,0,55,32,,16,0,53,23,29,,13,43,24,12,12,,,0
33700,MODESTO,2025,TRUE,three_year_total,"2023,2024,2025",TRUE,TRUE,16,110,82,20,,65,42,,0,59.1,38.2,2.7,0.0,,,,,,109,107,149,,34,10,27,28,,,33,,20,0,0,,67,,,,0,0,,29,0,53,28,,23,0,51,22,30,,14,42,21,22,,,0,
33740,MONROE,2018,TRUE,three_year_total,2018,TRUE,TRUE,24,,,,0,,,0,0,75.0,25.0,0.0,0.0,,,,,,,,51,0,,0,0,,0,,,0,0,0,0,,,,,0,0,0,0,,0,0,,0,,0,0,,,,0,,0,,,0,0,0
33740,MONROE,2019,TRUE,three_year_total,"2018,2019",TRUE,TRUE,26,10,,,0,,,0,0,90.0,10.0,0.0,0.0,,,,,,10,,107,,,0,0,,0,,,0,0,0,0,,,,,0,0,0,0,,0,0,,0,,0,,,,,0,,,,,,0,0
33740,MONROE,2020,TRUE,three_year_total,"2018,2019,2020",TRUE,TRUE,25,14,13,,0,12,,0,0,85.7,14.3,0.0,0.0,,,,,,14,,149,,,0,0,,0,,,0,0,0,0,,,,,0,0,0,0,,0,0,12,0,,0,,,,,,,,,,,,0
33740,MONROE,2021,TRUE,three_year_total,"2019,2020,2021",TRUE,TRUE,25,15,14,0,,12,,0,0,80.0,20.0,0.0,0.0,,,,,,14,,177,,,0,0,,0,,,0,0,0,0,,11,,,0,0,0,0,,0,,13,0,,0,,,,,,,,,,,,0
33740,MONROE,2022,TRUE,three_year_total,"2020,2021,2022",TRUE,TRUE,22,12,11,0,,,,0,0,75.0,25.0,0.0,0.0,,,,,,11,,207,,,0,0,,0,,,0,0,0,0,,10,,0,0,0,0,0,,0,,11,0,0,0,,,,0,,,,,,0,,0
33740,MONROE,2023,TRUE,three_year_total,"2021,2022,2023",TRUE,TRUE,26,14,12,,,12,,0,0,85.7,14.3,0.0,0.0,,,,,,12,11,217,,,,0,,0,,,,0,0,0,,11,,0,0,0,0,0,,0,,12,0,,0,,,,,,,,,,0,,
33740,MONROE,2024,TRUE,three_year_total,"2022,2023,2024",TRUE,TRUE,22,14,13,,0,14,0,0,0,100.0,0.0,0.0,0.0,,,,,,13,,197,,,,0,0,0,,,,0,0,0,,12,,0,0,0,0,0,,0,0,13,0,,0,,,,,0,,,,,0,,
33740,MONROE,2025,TRUE,three_year_total,"2023,2024,2025",TRUE,TRUE,23,26,25,,0,26,0,0,0,100.0,0.0,0.0,0.0,,,,,,24,,199,,,,0,0,0,21,,,0,0,0,21,20,,,0,0,0,0,,0,,22,,,0,,,13,,0,,,,,,,
33780,MONROE,2018,TRUE,three_year_total,2018,TRUE,TRUE,21,,,0,0,,,0,0,33.3,66.7,0.0,0.0,,,,,,,,16,0,,0,0,,0,0,,0,0,0,0,0,,0,0,0,0,0,0,,0,0,,0,,0,,,0,,0,,,,,,0,0
33780,MONROE,2019,TRUE,three_year_total,"2018,2019",TRUE,TRUE,25,15,15,0,0,,,0,0,46.7,53.3,0.0,0.0,,,,,,15,15,30,0,,,,,,0,,,,0,0,0,11,,,0,0,0,0,,0,0,12,,,0,,,,,0,,,,,,,0
33780,MONROE,2020,TRUE,three_year_total,"2018,2019,2020",TRUE,TRUE,22,21,21,0,0,,12,0,0,42.9,57.1,0.0,0.0,,,,,,21,21,41,0,,,,11,,0,,,,0,0,0,17,,,0,0,0,0,,0,0,18,,,0,11,,,,0,,,,,,,0
33780,MONROE,2021,TRUE,three_year_total,"2019,2020,2021",TRUE,TRUE,25,29,28,,0,12,16,,0,41.4,55.2,3.4,0.0,,,,,,29,29,49,0,,,,14,,0,,,,0,0,0,25,,,0,0,0,0,,0,,25,,,0,15,,,,,,,,,,,0
33780,MONROE,2022,TRUE,three_year_total,"2020,2021,2022",TRUE,TRUE,22,37,31,,,18,17,,0,48.6,45.9,5.4,0.0,,,,,,37,37,52,0,,,,14,,0,,,,0,0,0,30,0,,,0,0,0,,0,,29,0,,0,17,10,,,,14,,,,,0,0
33780,MONROE,2023,TRUE,three_year_total,"2021,2022,2023",TRUE,TRUE,23,43,37,,,21,17,,0,48.8,39.5,11.6,0.0,,,,,,43,43,46,0,,,,13,,,,,,0,0,0,35,0,,,0,0,0,,0,,33,0,,0,23,10,,,,15,,,,,0,0
33780,MONROE,2024,TRUE,three_year_total,"2022,2023,2024",TRUE,TRUE,26,33,28,,,16,13,,0,48.5,39.4,12.1,0.0,,,,,,33,33,39,0,,,,,,,,,,0,0,0,26,,,,0,0,0,,0,,26,0,,0,20,,,,,13,,,,,0,0
33780,MONROE,2025,TRUE,three_year_total,"2023,2024,2025",TRUE,TRUE,24,26,24,,,13,10,,0,50.0,38.5,11.5,0.0,,,,,,25,26,31,0,,,,,,,,,,0,0,0,23,,0,0,0,0,0,,0,,20,0,,0,17,,,0,,,,,,,0,0
33860,MONTGOMERY,2018,TRUE,three_year_total,2018,TRUE,TRUE,27,10,,0,,,,,0,50.0,30.0,20.0,0.0,,,,,,10,,24,,,0,,,,,,0,,0,,,,,0,0,0,,0,,0,0,10,0,0,0,,,,0,,,,0,,0,0,0
33860,MONTGOMERY,2019,TRUE,three_year_total,"2018,2019",TRUE,TRUE,30,20,15,,,,,,,35.0,40.0,20.0,5.0,,,,,,20,19,47,,,,,,,,,,,0,,,11,,0,0,0,,0,,0,0,18,0,,0,11,,,,,11,,,,0,,0
33860,MONTGOMERY,2020,TRUE,three_year_total,"2018,2019,2020",TRUE,TRUE,30,25,19,,,11,,,,44.0,32.0,20.0,4.0,,,,,,25,24,78,,,,,,,,,,,0,,,15,,0,0,0,,0,,0,0,23,0,,0,14,,,,,11,,,,,,0
33860,MONTGOMERY,2021,TRUE,three_year_total,"2019,2020,2021",TRUE,TRUE,28,24,19,,,10,,,,41.7,37.5,16.7,4.2,,,,,,24,24,89,,,,0,,,,,,0,0,,,15,,0,0,0,0,,,0,,21,0,,0,16,,,,,13,,,0,,,0
33860,MONTGOMERY,2022,TRUE,three_year_total,"2020,2021,2022",TRUE,TRUE,29,23,18,,,12,,,0,52.2,26.1,21.7,0.0,,,,,,23,21,103,,,,0,,,,,,0,0,,,11,,0,0,0,0,,,0,,18,0,,0,11,,,,,,,,,,,0
33860,MONTGOMERY,2023,TRUE,three_year_total,"2021,2022,2023",TRUE,TRUE,28,27,23,,,13,,,0,48.1,33.3,18.5,0.0,,,,,,27,25,92,,,,0,,,,,,0,0,,,11,,0,0,0,0,,,0,,20,0,,0,,,,,,14,,,,0,,0
33860,MONTGOMERY,2024,TRUE,three_year_total,"2022,2023,2024",TRUE,TRUE,25,25,21,,,13,,,0,52.0,28.0,20.0,0.0,,,,,,25,20,79,,,,0,,,10,,,0,0,,,,10,0,0,0,0,0,,0,,18,0,,0,,,10,,,10,,,,0,,0
33860,MONTGOMERY,2025,TRUE,three_year_total,"2023,2024,2025",TRUE,TRUE,26,29,24,,,18,,,0,62.1,17.2,20.7,0.0,,,,,,29,25,58,,,,0,,,11,,,0,,,,17,,0,0,0,0,,,0,0,23,0,,0,,,12,,,10,,,,,0,0
33874,MONTGOMERY COUNTY-BUCKS COUNTY-CHESTER COUNTY,2018,TRUE,single_year,2018,TRUE,TRUE,14,148,119,21,,72,69,,0,48.6,46.6,4.7,0.0,81000,57000,115000,235000,4.625,147,135,181,,42,19,,45,19,16,39,14,,0,,13,108,11,,0,,0,,18,0,,120,,21,0,79,21,33,15,14,66,26,19,17,,,
33874,MONTGOMERY COUNTY-BUCKS COUNTY-CHESTER COUNTY,2019,TRUE,single_year,2019,TRUE,TRUE,14,148,114,23,11,81,63,,0,54.7,42.6,2.7,0.0,72000,56000,100000,235000,4.125,146,141,213,,37,21,20,47,13,10,37,17,18,0,,,108,15,,0,0,,,17,0,,117,,19,,82,26,33,,16,65,44,13,,,0,
33874,MONTGOMERY COUNTY-BUCKS COUNTY-CHESTER COUNTY,2020,TRUE,single_year,2020,TRUE,TRUE,16,178,140,30,,81,90,,0,45.5,50.6,3.9,0.0,80000,59000,108500,275000,3,178,172,205,,33,39,18,72,,,33,33,,,0,,130,16,,0,0,0,,22,0,,151,,19,0,105,33,37,,17,85,35,30,,,,0
33874,MONTGOMERY COUNTY-BUCKS COUNTY-CHESTER COUNTY,2021,TRUE,single_year,2021,TRUE,TRUE,13,199,161,30,,107,83,,0,53.8,41.7,4.5,0.0,77000,60000,111750,295000,2.99,198,193,361,,58,38,,73,11,11,57,33,,,,10,146,11,,0,0,0,,32,0,14,155,,27,0,108,39,39,13,26,77,44,26,16,,,
33874,MONTGOMERY COUNTY-BUCKS COUNTY-CHESTER COUNTY,2022,TRUE,single_year,2022,TRUE,TRUE,13,135,115,17,,73,58,,0,54.1,43.0,3.0,0.0,88500,70000,127000,305000,4.875,132,129,286,0,44,15,,46,,12,41,13,,0,,,90,16,,0,0,0,,17,0,,104,,19,0,65,26,34,10,11,63,23,19,14,,0,
33874,MONTGOMERY COUNTY-BUCKS COUNTY-CHESTER COUNTY,2023,TRUE,single_year,2023,TRUE,TRUE,13,115,99,11,,69,44,,0,60.0,38.3,1.7,0.0,103000,78500,140000,335000,6.625,115,109,191,0,30,24,16,28,,,30,16,13,0,,,75,,12,,0,0,,17,0,13,85,,15,0,60,21,28,,20,54,22,12,,,0,0
33874,MONTGOMERY COUNTY-BUCKS COUNTY-CHESTER COUNTY,2024,TRUE,single_year,2024,TRUE,TRUE,12,131,108,16,,96,30,,0,73.3,22.9,3.8,0.0,114000,87000,171000,365000,6.625,131,120,203,,32,21,37,19,,14,31,18,32,0,,13,91,,12,,0,0,,12,0,,111,,12,0,72,22,33,,16,57,29,18,10,,0,0
33874,MONTGOMERY COUNTY-BUCKS COUNTY-CHESTER COUNTY,2025,TRUE,single_year,2025,TRUE,TRUE,13,120,99,17,,86,30,,0,71.7,25.0,3.3,0.0,110000,84500,159500,370000,6.5,119,116,192,,28,18,38,18,12,,26,15,36,,,,78,12,,0,,0,,24,0,11,89,,19,0,67,24,25,,15,51,27,14,10,,0,0
34060,MORGANTOWN,2018,TRUE,three_year_total,2018,TRUE,TRUE,20,19,17,,0,16,,0,0,84.2,15.8,0.0,0.0,,,,,,19,19,22,0,,,,,,0,,,0,0,,0,18,0,0,0,0,0,0,,0,0,17,0,,0,,,10,,,,,,,0,0,0
34060,MORGANTOWN,2019,TRUE,three_year_total,"2018,2019",TRUE,TRUE,17,35,31,,0,29,,0,0,82.9,17.1,0.0,0.0,,,,,,35,33,44,0,13,12,,,,,13,12,,0,,,31,0,0,0,0,0,0,,0,0,30,0,,0,10,,15,,,,11,,,0,0,0
34060,MORGANTOWN,2020,TRUE,three_year_total,"2018,2019,2020",TRUE,TRUE,15,49,44,,0,37,12,0,0,75.5,24.5,0.0,0.0,,,,,,48,45,59,0,14,15,,,,,14,15,,0,,,45,0,0,0,0,0,0,,0,0,44,0,,0,14,,21,,,14,13,,,0,0,0
34060,MORGANTOWN,2021,TRUE,three_year_total,"2019,2020,2021",TRUE,TRUE,19,39,33,,0,25,13,,0,64.1,33.3,2.6,0.0,,,,,,38,35,68,0,,10,,11,,,,10,,0,0,,33,0,0,0,0,0,,,0,,33,0,,0,15,,12,,,13,,,,0,0,0
34060,MORGANTOWN,2022,TRUE,three_year_total,"2020,2021,2022",TRUE,TRUE,23,34,28,,,20,12,,0,58.8,35.3,5.9,0.0,,,,,,33,32,78,0,,,,11,,,,,,0,0,,28,0,0,0,0,0,,,0,,28,0,,0,16,,,,,11,,,,0,0,0
34060,MORGANTOWN,2023,TRUE,three_year_total,"2021,2022,2023",TRUE,TRUE,24,35,28,,,20,11,,0,57.1,31.4,11.4,0.0,,,,,,34,32,89,0,,,,,,,,,,0,0,,27,0,0,0,0,0,,,0,,27,0,,0,20,,,,,15,,,,0,0,0
34060,MORGANTOWN,2024,TRUE,three_year_total,"2022,2023,2024",TRUE,TRUE,20,49,39,,,30,15,,0,61.2,30.6,8.2,0.0,,,,,,48,46,80,0,14,,,10,,,14,,,0,,,35,,0,0,,0,0,11,0,,38,0,10,0,24,11,,,,21,11,,,,0,0
34060,MORGANTOWN,2025,TRUE,three_year_total,"2023,2024,2025",TRUE,TRUE,24,43,34,,,26,14,,0,60.5,32.6,7.0,0.0,,,,,,42,40,72,0,12,,,,,,12,,,,,,31,,0,0,,0,0,,0,,34,0,,0,19,11,,,,18,12,,,,0,0
34100,MORRISTOWN,2018,TRUE,three_year_total,2018,TRUE,TRUE,21,,,,0,,,0,0,50.0,50.0,0.0,0.0,,,,,,,,17,0,,0,0,,,0,,0,0,0,0,0,,0,0,0,0,0,0,0,0,0,,,0,0,,,,0,,,0,,,0,0,0
34100,MORRISTOWN,2019,TRUE,three_year_total,"2018,2019",TRUE,TRUE,26,18,17,,0,,,,0,44.4,50.0,5.6,0.0,,,,,,18,17,38,0,,,0,,,,,,0,0,0,,16,,0,0,0,0,0,,0,,15,,,0,,,,,,,,,,0,0,0
34100,MORRISTOWN,2020,TRUE,three_year_total,"2018,2019,2020",TRUE,TRUE,23,28,26,,0,13,13,,0,46.4,46.4,7.1,0.0,,,,,,28,27,60,0,10,,0,,,,10,,0,0,0,,24,,,0,0,0,0,,0,,21,,,0,14,,,,,,,,,0,,0
34100,MORRISTOWN,2021,TRUE,three_year_total,"2019,2020,2021",TRUE,TRUE,26,40,39,,0,18,20,,0,45.0,50.0,5.0,0.0,,,,,,40,37,70,0,,,,12,,,,,,0,0,,33,,,0,0,0,0,,0,,30,,,0,22,,,,,13,,,,,,0
34100,MORRISTOWN,2022,TRUE,three_year_total,"2020,2021,2022",TRUE,TRUE,24,40,38,,0,19,20,,0,47.5,50.0,2.5,0.0,,,,,,40,36,86,0,,0,,14,,10,,0,,0,,,32,,,,0,0,0,,0,,29,,,0,21,10,,,,15,,,,,,0
34100,MORRISTOWN,2023,TRUE,three_year_total,"2021,2022,2023",TRUE,TRUE,21,36,35,,0,17,18,,0,47.2,50.0,2.8,0.0,,,,,,36,32,91,0,,0,,12,,11,,0,,0,,10,29,,0,,0,0,0,,0,,27,0,,0,18,,,,,11,,,,,0,0
34100,MORRISTOWN,2024,TRUE,three_year_total,"2022,2023,2024",TRUE,TRUE,24,29,25,,0,17,10,,0,58.6,34.5,6.9,0.0,,,,,,29,26,79,0,,,,,,11,,,0,0,,11,22,,0,,0,0,0,,0,,19,,,0,11,,10,,,,,,,,0,0
34100,MORRISTOWN,2025,TRUE,three_year_total,"2023,2024,2025",TRUE,TRUE,26,27,23,,,17,,,0,63.0,29.6,7.4,0.0,,,,,,27,25,60,0,,,,,,11,,,,0,,11,21,,0,0,0,0,0,,0,,16,,,0,10,,12,,,,,,,,0,0
34580,MOUNT VERNON-ANACORTES,2018,TRUE,three_year_total,2018,TRUE,TRUE,22,22,22,0,0,14,,,0,63.6,27.3,9.1,0.0,,,,,,22,21,19,0,,,,,,,,,0,0,0,,18,0,0,0,0,0,0,,0,0,18,0,,0,,,11,,,,,0,,,,0
34580,MOUNT VERNON-ANACORTES,2019,TRUE,three_year_total,"2018,2019",TRUE,TRUE,18,45,45,0,0,30,11,,0,66.7,24.4,8.9,0.0,,,,,,44,44,31,0,20,10,,,,,20,,0,0,0,,35,0,0,0,0,0,,,0,,34,0,10,0,12,,23,,,11,,,,10,,
34580,MOUNT VERNON-ANACORTES,2020,TRUE,three_year_total,"2018,2019,2020",TRUE,TRUE,17,71,69,,0,44,20,,0,62.0,28.2,9.9,0.0,,,,,,70,70,53,0,32,12,,14,,,32,11,0,0,0,,57,0,,,0,0,,10,0,,54,,12,0,19,10,36,,,18,13,,,13,,
34580,MOUNT VERNON-ANACORTES,2021,TRUE,three_year_total,"2019,2020,2021",TRUE,TRUE,15,79,73,,,54,20,,0,68.4,25.3,6.3,0.0,,,,,,77,79,64,0,43,13,,16,,,43,11,0,0,0,0,63,0,,,0,0,,10,0,,59,,12,0,19,15,38,,,16,16,12,10,13,,
34580,MOUNT VERNON-ANACORTES,2022,TRUE,three_year_total,"2020,2021,2022",TRUE,TRUE,18,84,76,,,61,19,,0,72.6,22.6,4.8,0.0,,,,,,82,84,72,0,52,10,,16,,,52,,0,0,0,0,66,0,,,,0,,11,0,,63,,12,0,22,14,41,,,20,20,12,12,,,
34580,MOUNT VERNON-ANACORTES,2023,TRUE,three_year_total,"2021,2022,2023",TRUE,TRUE,21,80,71,,,66,12,,0,82.5,15.0,2.5,0.0,,,,,,78,77,61,0,54,,,,,,54,,,0,0,,61,0,,0,,0,,14,0,,59,,14,0,17,16,39,,,17,20,10,13,,,
34580,MOUNT VERNON-ANACORTES,2024,TRUE,three_year_total,"2022,2023,2024",TRUE,TRUE,22,78,69,,,69,,,0,88.5,9.0,2.6,0.0,,,,,,77,74,36,,50,,10,,,,50,,,0,0,,56,0,,0,,0,,14,0,,55,0,15,0,17,12,43,,,20,18,10,,,,
34580,MOUNT VERNON-ANACORTES,2025,TRUE,three_year_total,"2023,2024,2025",TRUE,TRUE,23,62,54,,,56,,,0,90.3,8.1,1.6,0.0,,,,,,62,58,28,,36,,11,,,,36,,10,0,0,,46,0,,,0,0,,,0,,46,0,,0,14,10,35,,,14,16,,,,,0
34620,MUNCIE,2018,TRUE,three_year_total,2018,TRUE,TRUE,23,,,0,,,,0,0,60.0,40.0,0.0,0.0,,,,,,,,22,0,,,0,,,0,,,0,0,0,0,,,0,0,0,0,0,0,0,0,,0,,0,,,0,0,,,0,,,0,0,0
34620,MUNCIE,2019,TRUE,three_year_total,"2018,2019",TRUE,TRUE,24,12,10,0,,,,,0,41.7,50.0,8.3,0.0,,,,,,12,12,51,,,,0,,,,,,0,0,0,0,,,0,0,0,0,0,,0,0,,0,,0,,,0,0,,,0,,,,0,0
34620,MUNCIE,2020,TRUE,three_year_total,"2018,2019,2020",TRUE,TRUE,25,15,12,,,,,,0,33.3,60.0,6.7,0.0,,,,,,15,15,71,,,,0,,,,,,0,0,0,0,11,,0,,0,0,0,,0,,10,0,,0,,,0,0,,,0,,,,0,0
34620,MUNCIE,2021,TRUE,three_year_total,"2019,2020,2021",TRUE,TRUE,23,15,13,,,,,,0,33.3,60.0,6.7,0.0,,,,,,15,15,91,,,0,0,,0,,,0,0,0,0,0,11,,0,,0,0,0,,0,,11,0,,0,,,,0,,,0,,,,0,0
34620,MUNCIE,2022,TRUE,three_year_total,"2020,2021,2022",TRUE,TRUE,20,14,12,,0,,,0,0,42.9,57.1,0.0,0.0,,,,,,14,14,92,0,,,0,,0,0,,,0,0,0,0,11,,0,,0,0,0,0,0,,12,0,,0,,,,0,0,,,,,,0,0
34620,MUNCIE,2023,TRUE,three_year_total,"2021,2022,2023",TRUE,TRUE,18,11,10,,0,,,0,0,54.5,45.5,0.0,0.0,,,,,,11,11,105,0,,,0,,0,0,,,0,0,0,0,,,0,0,0,0,0,0,0,0,11,0,0,0,,,,0,0,,,,,,0,0
34620,MUNCIE,2024,TRUE,three_year_total,"2022,2023,2024",TRUE,TRUE,24,11,,,0,,,0,0,63.6,36.4,0.0,0.0,,,,,,11,11,83,0,,,,,0,0,,,,0,0,0,10,,0,0,0,0,0,0,0,,,0,,0,,,,0,,,,,,,0,0
34620,MUNCIE,2025,TRUE,three_year_total,"2023,2024,2025",TRUE,TRUE,24,10,,,0,,,0,0,90.0,10.0,0.0,0.0,,,,,,10,10,90,0,,0,,,0,0,,0,,0,0,0,,,0,0,0,0,0,,0,,,0,,0,,,,,,,0,,,,0,0
34740,MUSKEGON-NORTON SHORES,2018,TRUE,three_year_total,2018,TRUE,TRUE,20,,,,0,,,0,0,14.3,85.7,0.0,0.0,,,,,,,,27,0,,0,0,,0,0,,0,0,0,0,0,,,0,0,0,0,0,0,0,0,,0,0,0,,,,0,,,0,,,0,0,0
34740,MUSKEGON-NORTON SHORES,2019,TRUE,three_year_total,"2018,2019",TRUE,TRUE,24,20,16,,,,11,,0,40.0,55.0,5.0,0.0,,,,,,20,19,46,0,,0,,,,,,0,,0,0,,18,,0,0,0,0,0,,0,,17,0,,0,11,,,,,,,,,0,0,0
34740,MUSKEGON-NORTON SHORES,2020,TRUE,three_year_total,"2018,2019,2020",TRUE,TRUE,23,31,26,,,15,14,,0,48.4,45.2,6.5,0.0,,,,,,31,30,73,,,,,11,,,,,,0,0,,28,,0,0,0,0,0,,0,,26,0,,0,19,10,,,,10,,,,0,0,0
34740,MUSKEGON-NORTON SHORES,2021,TRUE,three_year_total,"2019,2020,2021",TRUE,TRUE,20,41,34,,,25,13,,0,61.0,31.7,7.3,0.0,,,,,,41,39,83,,16,,,10,,,16,,,0,0,,37,0,0,0,0,0,0,,0,,32,0,,0,27,11,,,,14,,10,,,0,0
34740,MUSKEGON-NORTON SHORES,2022,TRUE,three_year_total,"2020,2021,2022",TRUE,TRUE,19,41,36,,,25,14,,0,61.0,34.1,4.9,0.0,,,,,,41,40,100,,17,,0,11,,,16,,0,0,0,,36,0,0,0,0,0,0,,0,,31,0,,0,28,,,,,14,,10,,,0,0
34740,MUSKEGON-NORTON SHORES,2023,TRUE,three_year_total,"2021,2022,2023",TRUE,TRUE,25,45,37,,,27,16,,0,60.0,35.6,4.4,0.0,,,,,,45,43,99,0,16,,,15,,,15,,,,,,36,,0,0,0,0,,,0,,35,0,,0,27,,,,,15,,11,,,,0
34740,MUSKEGON-NORTON SHORES,2024,TRUE,three_year_total,"2022,2023,2024",TRUE,TRUE,23,45,36,,,27,16,,0,60.0,35.6,4.4,0.0,,,,,,45,44,91,0,11,,10,14,,,10,,10,,,,35,,0,0,0,0,,,0,,35,0,,0,27,,,,11,19,,,,,,0
34740,MUSKEGON-NORTON SHORES,2025,TRUE,three_year_total,"2023,2024,2025",TRUE,TRUE,25,45,33,,,26,16,,0,57.8,35.6,6.7,0.0,,,,,,45,44,81,,10,,12,14,,,,,12,,,,33,,0,0,0,0,,,0,,35,0,,0,28,,,,10,19,,,,,,0
34820,MYRTLE BEACH-CONWAY-NORTH MYRTLE BEACH,2018,TRUE,three_year_total,2018,TRUE,TRUE,26,18,15,0,,10,,,0,55.6,27.8,16.7,0.0,,,,,,16,15,52,0,,0,,,,,,0,0,0,0,,12,,,0,0,0,0,,0,0,13,,,0,,,,,,,,,,,,0
34820,MYRTLE BEACH-CONWAY-NORTH MYRTLE BEACH,2019,TRUE,three_year_total,"2018,2019",TRUE,TRUE,26,40,36,0,,26,,,0,65.0,20.0,15.0,0.0,,,,,,38,32,107,0,16,,,,,,15,,,0,0,,28,,,0,0,0,,,0,,30,,,0,17,,,,,,,10,,11,,0
34820,MYRTLE BEACH-CONWAY-NORTH MYRTLE BEACH,2020,TRUE,three_year_total,"2018,2019,2020",TRUE,TRUE,16,77,60,,10,44,25,,0,57.1,32.5,10.4,0.0,,,,,,75,64,167,,24,,,22,,16,22,,,0,0,15,53,,,0,0,0,,14,0,,58,,14,,36,12,18,11,,17,10,16,15,15,,0
34820,MYRTLE BEACH-CONWAY-NORTH MYRTLE BEACH,2021,TRUE,three_year_total,"2019,2020,2021",TRUE,TRUE,15,88,70,,,50,30,,0,56.8,34.1,9.1,0.0,,,,,,88,77,216,,25,10,,26,,16,23,,,0,0,15,61,11,,0,0,0,,12,0,,69,0,13,,45,17,19,,,25,12,18,16,14,,0
34820,MYRTLE BEACH-CONWAY-NORTH MYRTLE BEACH,2022,TRUE,three_year_total,"2020,2021,2022",TRUE,TRUE,15,91,73,,,50,35,,0,54.9,38.5,6.6,0.0,,,,,,91,81,243,,22,11,,30,,19,21,10,,0,0,17,61,12,,0,0,0,,14,0,,69,0,18,,46,19,20,,,24,18,18,17,,,0
34820,MYRTLE BEACH-CONWAY-NORTH MYRTLE BEACH,2023,TRUE,three_year_total,"2021,2022,2023",TRUE,TRUE,17,70,64,,,44,21,,0,62.9,30.0,7.1,0.0,,,,,,69,62,247,,19,10,,17,,16,19,,,0,0,15,51,,,0,0,0,,,0,,56,0,12,0,31,23,14,,,15,14,15,14,,,0
34820,MYRTLE BEACH-CONWAY-NORTH MYRTLE BEACH,2024,TRUE,three_year_total,"2022,2023,2024",TRUE,TRUE,20,54,51,,,39,12,,0,72.2,22.2,5.6,0.0,,,,,,53,42,194,,13,,,10,,18,13,,,0,0,17,41,,,0,,0,0,,0,,43,0,,0,19,18,15,,,,14,10,12,,,0
34820,MYRTLE BEACH-CONWAY-NORTH MYRTLE BEACH,2025,TRUE,three_year_total,"2023,2024,2025",TRUE,TRUE,27,49,43,,,39,,,0,79.6,12.2,8.2,0.0,,,,,,47,31,168,,,,,,,21,,,,0,0,20,41,,,0,,0,0,,0,,44,0,,0,16,14,18,,,,,,11,,,
34900,NAPA,2018,TRUE,three_year_total,2018,TRUE,TRUE,22,11,,,,10,,0,0,90.9,9.1,0.0,0.0,,,,,,11,10,14,0,,,0,,0,0,,,0,0,0,0,,0,,0,0,0,0,,0,,,0,,0,,0,,,0,,,,,0,0,0
34900,NAPA,2019,TRUE,three_year_total,"2018,2019",TRUE,TRUE,20,16,14,,,13,,0,0,81.2,18.8,0.0,0.0,,,,,,15,15,27,0,11,,0,,0,0,11,,0,0,0,0,12,0,,0,0,0,0,,0,,,0,,0,,0,,,0,,,,,,,0
34900,NAPA,2020,TRUE,three_year_total,"2018,2019,2020",TRUE,TRUE,20,31,27,,,22,,,0,71.0,25.8,3.2,0.0,,,,,,30,30,39,0,19,,0,,,0,19,,0,0,0,0,24,0,,0,0,0,0,,0,14,12,,,0,14,,11,,,11,,,,,,0
34900,NAPA,2021,TRUE,three_year_total,"2019,2020,2021",TRUE,TRUE,18,45,42,,0,32,12,,0,71.1,26.7,2.2,0.0,,,,,,44,45,53,0,29,,0,12,,,29,,0,0,0,,36,0,,0,0,0,0,,0,16,22,,,0,20,11,12,,,16,,,,,,0
34900,NAPA,2022,TRUE,three_year_total,"2020,2021,2022",TRUE,TRUE,15,55,51,,0,40,14,,0,72.7,25.5,1.8,0.0,,,,,,55,55,60,0,35,,0,15,,,35,,0,,0,,42,0,,0,0,0,0,11,0,18,27,,,0,23,16,15,,,19,11,,10,,0,0
34900,NAPA,2023,TRUE,three_year_total,"2021,2022,2023",TRUE,TRUE,16,47,43,,0,36,10,,0,76.6,21.3,2.1,0.0,,,,,,47,47,58,0,31,,0,11,,,31,,0,,0,,34,0,,0,0,0,0,11,0,13,25,,,0,17,12,17,,,14,14,,,,0,0
34900,NAPA,2024,TRUE,three_year_total,"2022,2023,2024",TRUE,TRUE,22,32,28,,0,26,,,0,81.2,15.6,3.1,0.0,,,,,,31,32,37,0,18,,,,,,18,,,,0,,23,0,,0,0,0,0,,0,12,12,,,0,,,16,0,0,,10,,,,0,0
34900,NAPA,2025,TRUE,three_year_total,"2023,2024,2025",TRUE,TRUE,23,24,18,,0,20,,,0,83.3,12.5,4.2,0.0,,,,,,22,24,27,0,12,,,,,,12,,,0,0,,17,0,,0,0,0,0,,0,10,,,,0,,,15,,0,,11,,,,0,0
34940,NAPLES-MARCO ISLAND,2018,TRUE,three_year_total,2018,TRUE,TRUE,20,32,32,0,0,12,18,,0,37.5,56.2,6.2,0.0,,,,,,32,31,28,0,10,,,,12,,10,0,,0,0,,23,,,0,0,0,0,,0,13,13,,,0,15,,,,,,11,,,0,,0
34940,NAPLES-MARCO ISLAND,2019,TRUE,three_year_total,"2018,2019",TRUE,TRUE,16,76,73,,0,30,44,,0,39.5,57.9,2.6,0.0,,,,,,73,70,53,,21,,,24,14,,20,,,0,0,,58,,,0,0,0,0,11,0,30,30,,13,0,31,14,24,,,15,21,18,15,,,0
34940,NAPLES-MARCO ISLAND,2020,TRUE,three_year_total,"2018,2019,2020",TRUE,TRUE,16,112,98,11,,45,63,,0,40.2,56.2,3.6,0.0,,,,,,109,105,79,,32,,,43,15,,31,,,0,0,,92,,,0,0,0,0,12,0,52,42,,15,0,49,22,34,,,23,32,25,20,,,0
34940,NAPLES-MARCO ISLAND,2021,TRUE,three_year_total,"2019,2020,2021",TRUE,TRUE,17,128,110,13,,46,80,,0,35.9,62.5,1.6,0.0,,,,,,124,121,94,,29,16,,64,,,28,,,0,0,,104,,,,0,0,0,13,0,63,47,,14,0,55,26,40,,,36,36,24,20,,,0
34940,NAPLES-MARCO ISLAND,2022,TRUE,three_year_total,"2020,2021,2022",TRUE,TRUE,19,108,89,13,,42,63,,0,38.9,58.3,2.8,0.0,,,,,,107,106,95,,27,14,,52,,,27,10,,0,,,90,,,,0,0,0,,0,58,40,,,0,48,25,33,,,30,31,19,14,,,0
34940,NAPLES-MARCO ISLAND,2023,TRUE,three_year_total,"2021,2022,2023",TRUE,TRUE,19,94,84,,,43,49,,0,45.7,52.1,2.1,0.0,,,,,,91,92,96,,29,13,,37,,,29,10,0,0,,,75,,,,0,0,0,,0,42,41,,,0,39,21,32,,,26,26,15,15,,,0
34940,NAPLES-MARCO ISLAND,2024,TRUE,three_year_total,"2022,2023,2024",TRUE,TRUE,22,70,62,,,45,23,,0,64.3,32.9,2.9,0.0,,,,,,68,66,74,,28,,,18,,,28,,,0,,,58,,,0,0,0,,,0,26,36,,,0,27,17,25,,,16,20,10,11,,,0
34940,NAPLES-MARCO ISLAND,2025,TRUE,three_year_total,"2023,2024,2025",TRUE,TRUE,22,61,56,,,44,16,,0,72.1,26.2,1.6,0.0,,,,,,59,53,77,0,25,,,13,,,25,,,0,0,,51,,,0,0,0,,,0,19,35,,,0,23,12,24,,,11,21,,,,,0
34980,NASHVILLE-DAVIDSON--MURFREESBORO--FRANKLIN,2018,TRUE,single_year,2018,TRUE,TRUE,17,132,124,,,91,34,,0,68.9,25.8,5.3,0.0,69000,50500,125500,240000,4.79,131,121,276,,60,19,,18,15,13,60,16,,0,,11,106,,,0,0,,,12,0,,108,,14,0,53,29,42,,,42,28,20,16,14,,
34980,NASHVILLE-DAVIDSON--MURFREESBORO--FRANKLIN,2019,TRUE,single_year,2019,TRUE,TRUE,11,114,110,,,86,27,,0,75.4,23.7,0.9,0.0,80000,55000,132000,265000,4.5,111,94,287,,42,13,11,17,,25,41,13,,,0,23,92,,,0,0,0,0,15,0,,95,0,16,0,42,22,40,10,11,33,17,18,17,14,,0
34980,NASHVILLE-DAVIDSON--MURFREESBORO--FRANKLIN,2020,TRUE,single_year,2020,TRUE,TRUE,19,125,117,,,92,26,,0,73.6,20.8,5.6,0.0,79500,52000,114500,275000,3.625,124,101,251,,54,13,,19,,25,54,11,,0,,22,104,,,,0,0,,,0,,104,,10,0,53,26,42,,,41,34,,12,18,,0
34980,NASHVILLE-DAVIDSON--MURFREESBORO--FRANKLIN,2021,TRUE,single_year,2021,TRUE,TRUE,13,139,121,12,,101,32,,0,72.7,23.0,4.3,0.0,85000,58000,131000,335000,3.25,135,125,358,,49,30,,23,,22,49,29,,0,0,19,100,10,0,0,0,,,22,0,10,107,,20,0,56,25,50,,12,49,33,15,15,,,
34980,NASHVILLE-DAVIDSON--MURFREESBORO--FRANKLIN,2022,TRUE,single_year,2022,TRUE,TRUE,11,109,102,,,78,26,,0,71.6,23.9,4.6,0.0,101000,72500,149000,375000,4.75,107,89,298,0,44,14,,17,10,22,43,14,0,0,,20,84,,,0,0,0,0,16,0,10,82,,14,0,34,26,39,10,,32,25,19,11,10,,
34980,NASHVILLE-DAVIDSON--MURFREESBORO--FRANKLIN,2023,TRUE,single_year,2023,TRUE,TRUE,16,92,87,,,62,27,,0,67.4,29.3,3.3,0.0,129500,80000,212500,405000,6.5,92,81,195,0,38,14,,15,,11,38,,,0,,11,68,,,0,,0,0,12,0,13,68,0,11,0,40,15,32,,,35,21,,10,,,0
34980,NASHVILLE-DAVIDSON--MURFREESBORO--FRANKLIN,2024,TRUE,single_year,2024,TRUE,TRUE,11,128,116,,,104,21,,0,81.2,16.4,2.3,0.0,129000,82250,209500,425000,6.95,126,114,211,,55,17,19,16,,16,53,17,18,0,,15,100,11,0,0,0,0,,15,0,15,100,,10,0,41,26,56,,11,33,27,13,20,16,,
34980,NASHVILLE-DAVIDSON--MURFREESBORO--FRANKLIN,2025,TRUE,single_year,2025,TRUE,TRUE,11,140,131,,,107,30,,0,76.4,21.4,2.1,0.0,110000,82500,182500,390000,6.625,139,119,256,,49,13,26,19,,31,48,,22,0,0,28,106,11,,0,,0,,18,0,11,108,,17,0,48,24,59,,12,40,29,15,18,16,10,0
35004,NASSAU COUNTY-SUFFOLK COUNTY,2018,TRUE,single_year,2018,TRUE,TRUE,10,320,309,,,183,126,11,0,57.2,39.4,3.4,0.0,122000,100000,150000,465000,4.625,317,312,170,,136,47,33,68,19,17,132,27,,0,,,190,44,46,0,0,0,,32,0,63,219,,33,0,147,54,106,13,10,119,98,50,29,11,,
35004,NASSAU COUNTY-SUFFOLK COUNTY,2019,TRUE,single_year,2019,TRUE,TRUE,12,332,321,10,,192,136,,0,57.8,41.0,1.2,0.0,125500,101000,158250,475000,4.125,332,330,174,,143,48,40,62,24,15,140,29,13,,,,208,34,49,0,,,,34,0,72,219,,33,0,146,53,118,15,15,125,101,51,30,,,0
35004,NASSAU COUNTY-SUFFOLK COUNTY,2020,TRUE,single_year,2020,TRUE,TRUE,9,330,319,,,212,116,,0,64.2,35.2,0.6,0.0,132500,103500,169000,520000,3.125,326,321,126,,137,64,34,71,11,13,135,50,10,0,,10,209,28,50,0,0,0,11,32,0,68,227,,28,0,149,55,112,14,15,126,113,45,21,,,
35004,NASSAU COUNTY-SUFFOLK COUNTY,2021,TRUE,single_year,2021,TRUE,TRUE,14,461,449,11,,281,170,10,0,61.0,36.9,2.2,0.0,130000,103000,160750,545000,3,454,460,237,,198,93,46,105,14,,192,77,,,,,257,61,69,,,,,63,0,88,308,10,55,0,206,91,143,21,14,199,139,53,44,,,
35004,NASSAU COUNTY-SUFFOLK COUNTY,2022,TRUE,single_year,2022,TRUE,TRUE,14,372,363,,,249,116,,0,66.9,31.2,1.9,0.0,149500,118000,198250,595000,4.625,368,367,185,,180,83,29,57,13,10,174,60,,0,,,183,45,70,,,0,,60,,68,243,15,46,0,136,91,128,17,,128,125,50,45,14,,
35004,NASSAU COUNTY-SUFFOLK COUNTY,2023,TRUE,single_year,2023,TRUE,TRUE,15,250,239,,,172,75,,0,68.8,30.0,1.2,0.0,163000,135000,203000,605000,6.625,245,247,151,,118,55,24,39,10,,117,44,,0,,,127,21,50,0,0,,,44,0,57,159,,28,0,106,53,82,,,91,77,40,31,,,0
35004,NASSAU COUNTY-SUFFOLK COUNTY,2024,TRUE,single_year,2024,TRUE,TRUE,16,219,211,,0,155,59,,0,70.8,26.9,2.3,0.0,175000,144000,232000,665000,6.5,216,216,146,,97,40,35,31,,,93,30,21,,,,105,20,48,,0,,,39,0,52,143,,19,0,90,50,73,,,98,58,33,16,,,0
35004,NASSAU COUNTY-SUFFOLK COUNTY,2025,TRUE,single_year,2025,TRUE,TRUE,15,212,208,,0,154,56,,0,72.6,26.4,0.9,0.0,193000,162000,245000,720000,6.5,210,210,208,0,98,38,42,26,,,97,28,24,0,,,109,22,44,,,,,32,0,47,133,,24,0,94,36,77,,,76,70,34,19,,,0
35084,NEWARK,2018,TRUE,single_year,2018,FALSE,TRUE,4,2083,1615,408,60,547,1502,34,0,26.3,72.1,1.6,0.0,84000,68000,106000,305000,4.75,2078,2029,691,27,254,180,270,972,353,54,235,111,143,,32,19,1079,670,71,,10,,19,225,0,772,1072,33,206,0,1012,527,473,71,79,819,595,348,195,40,,0
35084,NEWARK,2019,TRUE,single_year,2019,FALSE,TRUE,5,2041,1641,343,57,607,1387,47,0,29.7,68.0,2.3,0.0,91000,74000,112000,345000,4.25,2036,2004,602,53,255,205,291,946,237,107,236,140,162,,19,43,1018,616,65,,,,18,315,0,753,1019,24,245,0,1059,463,413,106,89,788,614,345,166,34,,0
35084,NEWARK,2020,TRUE,single_year,2020,FALSE,TRUE,7,2019,1586,374,59,445,1531,43,0,22.0,75.8,2.1,0.0,92000,75000,114000,395000,3.125,2013,2012,524,34,227,173,217,1197,149,56,215,110,76,,32,,880,687,47,,,,22,372,0,670,995,31,323,0,1007,510,408,94,82,854,609,314,132,24,,
35084,NEWARK,2021,TRUE,single_year,2021,FALSE,TRUE,5,2520,2031,417,72,585,1897,38,0,23.2,75.3,1.5,0.0,98000,81000,123000,445000,2.99,2515,2519,780,49,351,261,289,1459,145,15,327,167,47,,37,,1088,782,74,,,11,18,535,0,884,1149,55,432,0,1236,651,525,108,95,1012,809,405,158,34,,0
35084,NEWARK,2022,TRUE,single_year,2022,FALSE,TRUE,6,1947,1618,277,52,600,1296,51,0,30.8,66.6,2.6,0.0,117000,95000,144000,495000,4.75,1939,1937,677,50,332,240,299,923,127,26,304,146,107,,26,15,786,620,64,,,,33,423,0,675,900,42,329,,854,487,485,121,97,717,630,337,126,36,,0
35084,NEWARK,2023,TRUE,single_year,2023,FALSE,TRUE,7,1561,1270,248,43,611,910,40,0,39.1,58.3,2.6,0.0,135000,113000,165000,545000,6.5,1554,1557,701,57,282,224,334,600,100,21,265,147,169,,23,,654,458,46,13,,,18,359,,587,673,26,272,,659,354,435,113,59,577,522,274,100,28,,0
35084,NEWARK,2024,TRUE,single_year,2024,FALSE,TRUE,4,1553,1251,247,55,748,772,33,0,48.2,49.7,2.1,0.0,152000,127000,186000,595000,6.625,1545,1530,732,60,256,203,425,501,128,40,236,152,297,0,41,22,629,478,52,,,,24,352,0,592,676,31,254,0,674,340,455,84,67,563,523,263,105,29,,0
35084,NEWARK,2025,TRUE,single_year,2025,FALSE,TRUE,6,1357,1106,206,45,627,683,47,0,46.2,50.3,3.5,0.0,162000,133000,197000,655000,6.5,1342,1344,753,54,181,180,365,460,139,32,165,120,263,,51,25,532,418,57,,,,21,312,0,516,610,32,199,0,515,343,415,84,57,524,401,260,94,18,,
35100,NEW BERN,2018,TRUE,three_year_total,2018,TRUE,TRUE,22,,,0,0,,0,0,0,100.0,0.0,0.0,0.0,,,,,,,,,,0,,0,0,,0,0,,0,0,,0,,,0,0,0,0,0,,0,0,,0,,0,,,0,,0,0,0,,,0,0,
35100,NEW BERN,2019,TRUE,three_year_total,"2018,2019",TRUE,TRUE,27,,,0,0,,,,0,60.0,20.0,20.0,0.0,,,,,,,,,,0,,0,,,0,0,,0,0,,0,,,0,0,0,0,0,,0,0,,0,,0,,,,,0,0,0,,,0,,
35100,NEW BERN,2020,TRUE,three_year_total,"2018,2019,2020",TRUE,TRUE,27,14,12,,0,,,,0,50.0,14.3,35.7,0.0,,,,,,13,14,14,,,,0,,,0,,,0,0,,0,,,0,0,0,0,0,,0,0,12,0,,0,,,,,0,,,,,,,
35100,NEW BERN,2021,TRUE,three_year_total,"2019,2020,2021",TRUE,TRUE,30,20,15,,,,,,0,40.0,30.0,30.0,0.0,,,,,,19,19,18,,,,0,,,,,,0,0,0,,13,,0,0,0,0,0,,0,,12,0,,0,,,,,,,,,,,,
35100,NEW BERN,2022,TRUE,three_year_total,"2020,2021,2022",TRUE,TRUE,29,21,15,,,10,,,0,47.6,23.8,28.6,0.0,,,,,,20,20,24,,,,0,,,,,,0,0,0,,13,,0,0,0,0,0,,0,,13,0,,0,,,,,,,,,,,,
35100,NEW BERN,2023,TRUE,three_year_total,"2021,2022,2023",TRUE,TRUE,30,16,12,,,,,,0,56.2,25.0,18.8,0.0,,,,,,15,15,29,,,,0,,,,,0,0,0,0,,,,0,0,0,0,0,,0,,,0,,0,,,,,,,,,,0,,
35154,NEW BRUNSWICK-LAKEWOOD,2019,TRUE,single_year,2019,TRUE,TRUE,8,349,315,23,11,166,178,,0,47.6,51.0,1.4,0.0,89000,73000,115000,325000,4.25,346,343,310,,78,33,67,121,36,14,74,29,48,,,,250,21,23,0,0,0,,49,0,141,160,,42,0,174,58,100,17,12,143,94,56,30,12,,0
35154,NEW BRUNSWICK-LAKEWOOD,2020,TRUE,single_year,2020,TRUE,TRUE,9,413,363,38,12,198,205,10,0,47.9,49.6,2.4,0.0,87000,71000,116500,365000,3.125,407,411,288,,111,65,47,159,21,10,109,56,20,,,,281,27,23,,,0,,76,0,142,204,,60,0,211,92,91,19,30,192,86,59,38,,0,0
35154,NEW BRUNSWICK-LAKEWOOD,2021,TRUE,single_year,2021,TRUE,TRUE,8,546,500,35,11,215,319,12,0,39.4,58.4,2.2,0.0,96500,77000,132250,395000,2.99,544,545,445,,144,82,62,224,29,,137,56,11,0,,,346,42,30,,,0,,117,0,184,245,15,102,0,278,105,135,28,28,238,131,83,50,15,,0
35154,NEW BRUNSWICK-LAKEWOOD,2022,TRUE,single_year,2022,TRUE,TRUE,12,437,398,29,10,206,220,11,0,47.1,50.3,2.5,0.0,111000,88000,148000,435000,4.75,436,431,337,,122,94,48,142,23,,116,71,,0,,,290,27,32,0,,,,80,0,147,216,,65,0,219,96,105,17,25,196,119,54,32,,,
35154,NEW BRUNSWICK-LAKEWOOD,2023,TRUE,single_year,2023,TRUE,TRUE,11,266,249,14,,128,128,10,0,48.1,48.1,3.8,0.0,128000,103000,167500,465000,6.5,264,262,216,,79,34,43,81,24,,74,25,23,,,,172,20,12,,0,0,,58,0,115,110,,35,0,109,55,94,,11,115,66,50,19,,0,0
35300,NEW HAVEN,2018,TRUE,single_year,2018,TRUE,TRUE,10,447,319,111,17,125,303,19,0,28.0,67.8,4.3,0.0,63000,50000,83000,205000,4.625,446,437,217,,71,32,41,212,62,29,69,23,26,,,,256,94,18,,,0,,65,0,133,248,,61,0,241,122,45,39,45,198,93,67,34,,,0
35300,NEW HAVEN,2019,TRUE,single_year,2019,FALSE,TRUE,6,544,391,130,23,161,365,18,0,29.6,67.1,3.3,0.0,66000,54000,86000,215000,4.125,541,535,295,23,56,51,72,275,70,20,52,37,48,,12,,284,133,14,,,0,,99,0,179,273,12,80,0,271,143,93,37,34,232,147,74,41,13,,0
35300,NEW HAVEN,2020,TRUE,single_year,2020,FALSE,TRUE,7,560,398,145,17,176,369,15,0,31.4,65.9,2.7,0.0,67000,54000,89000,235000,3.125,559,550,259,24,90,52,59,298,46,15,85,37,38,0,,,256,171,22,,,,,94,0,172,297,12,79,0,318,152,67,23,49,245,140,74,36,15,,0
35300,NEW HAVEN,2021,TRUE,single_year,2021,FALSE,TRUE,6,917,633,260,24,233,664,20,0,25.4,72.4,2.2,0.0,69000,56000,89000,265000,2.99,916,912,405,44,117,103,71,535,80,11,113,73,24,,17,,392,280,33,16,,,16,173,0,294,473,16,134,0,475,261,136,45,73,383,261,127,61,,,0
35300,NEW HAVEN,2022,TRUE,single_year,2022,FALSE,TRUE,8,671,496,158,17,219,435,17,0,32.6,64.8,2.5,0.0,78500,64000,99000,285000,4.875,670,668,352,27,111,91,72,322,66,,103,63,38,,10,,286,191,21,,,,,157,0,245,306,12,108,0,317,203,107,44,49,247,199,101,53,21,,0
35300,NEW HAVEN,2023,TRUE,single_year,2023,FALSE,TRUE,11,492,361,116,15,227,253,12,0,46.1,51.4,2.4,0.0,92000,74000,116000,325000,6.624,491,491,321,24,112,61,67,163,81,,105,41,45,,33,,211,131,13,,,,,123,0,201,216,,73,,241,151,72,28,38,205,121,88,30,,,0
35300,NEW HAVEN,2024,TRUE,single_year,2024,TRUE,TRUE,11,329,221,98,10,204,112,13,0,62.0,34.0,4.0,0.0,102000,84000,129000,365000,6.5,327,329,196,,64,38,100,69,53,,62,32,86,,22,,137,85,17,,,,,78,0,135,147,,45,0,183,87,48,11,16,140,95,44,26,,,0
35300,NEW HAVEN,2025,TRUE,single_year,2025,TRUE,TRUE,9,305,219,76,10,187,112,,0,61.3,36.7,2.0,0.0,112000,90000,145000,405000,6.625,302,305,240,11,51,46,87,64,53,,49,41,67,,26,,138,76,12,,,0,,74,0,114,145,,41,0,145,94,51,15,29,120,83,44,23,,0,0
35380,NEW ORLEANS-METAIRIE,2018,TRUE,single_year,2018,TRUE,TRUE,10,534,473,27,34,267,235,32,0,50.0,44.0,6.0,0.0,77000,54000,111500,245000,4.875,531,506,406,,130,74,53,168,60,49,126,67,37,,,29,316,143,15,,,,10,46,0,31,454,,42,0,228,180,104,22,31,269,126,64,34,,,
35380,NEW ORLEANS-METAIRIE,2019,TRUE,single_year,2019,TRUE,TRUE,8,575,505,29,41,293,259,23,0,51.0,45.0,4.0,0.0,77000,56000,115000,255000,4.25,573,559,511,,124,81,74,199,53,44,122,77,55,,10,25,306,168,16,,,,,73,0,37,473,,58,0,269,173,98,35,36,264,164,59,36,13,,0
35380,NEW ORLEANS-METAIRIE,2020,TRUE,single_year,2020,TRUE,TRUE,8,611,533,38,40,271,300,40,0,44.4,49.1,6.5,0.0,82000,58000,121000,295000,3.125,606,597,446,,144,93,32,235,59,48,143,76,14,0,,30,304,173,28,,,,,90,0,21,499,10,81,0,285,170,115,41,35,297,176,55,28,15,,
35380,NEW ORLEANS-METAIRIE,2021,TRUE,single_year,2021,TRUE,TRUE,8,842,733,56,53,391,403,48,0,46.4,47.9,5.7,0.0,87000,63000,132000,325000,3,834,819,598,,216,123,33,303,76,91,212,108,,,10,48,418,236,23,,,,13,144,0,44,645,,146,0,354,273,145,70,44,363,268,95,46,20,,0
35380,NEW ORLEANS-METAIRIE,2022,TRUE,single_year,2022,TRUE,TRUE,6,683,611,35,37,320,323,40,0,46.9,47.3,5.9,0.0,99000,70000,150000,325000,5,681,670,556,,156,127,36,285,57,22,154,112,11,16,14,13,309,244,15,,0,,,100,0,57,514,15,97,0,270,253,126,34,38,276,216,72,52,24,,
35380,NEW ORLEANS-METAIRIE,2023,TRUE,single_year,2023,TRUE,TRUE,7,492,433,19,40,210,244,38,0,42.7,49.6,7.7,0.0,103500,78000,149750,315000,6.625,490,479,419,,103,73,33,216,45,22,98,56,16,21,,12,214,172,18,,,,,79,0,44,360,11,77,0,204,166,91,31,30,188,158,64,33,17,,0
35380,NEW ORLEANS-METAIRIE,2024,TRUE,single_year,2024,TRUE,TRUE,8,527,465,22,40,262,227,38,0,49.7,43.1,7.2,0.0,93000,68000,144000,315000,6.625,525,513,356,,85,63,125,180,52,22,77,47,107,,15,11,233,202,17,,,,,62,0,61,399,,62,0,245,192,67,23,31,225,156,67,28,11,,0
35380,NEW ORLEANS-METAIRIE,2025,TRUE,single_year,2025,TRUE,TRUE,9,429,365,31,33,215,184,30,0,50.1,42.9,7.0,0.0,115000,81000,165000,305000,6.5,428,421,354,,77,55,89,138,48,22,76,47,68,,,,204,127,17,,,0,,73,0,53,310,,61,0,173,147,86,23,26,143,141,80,24,14,,0
35614,NEW YORK-JERSEY CITY-WHITE PLAINS,2018,TRUE,single_year,2018,FALSE,TRUE,2,8320,7385,773,162,5282,2952,86,0,63.5,35.5,1.0,0.0,117000,90000,156000,525000,4.625,8106,7897,3793,86,4229,980,734,1619,479,279,4134,678,237,21,60,152,4020,1026,2251,11,32,17,181,779,,1889,5558,175,698,0,3527,1671,2819,303,275,2904,2673,1582,696,159,24,
35614,NEW YORK-JERSEY CITY-WHITE PLAINS,2019,TRUE,single_year,2019,FALSE,TRUE,3,7848,6997,714,137,4928,2834,86,0,62.8,36.1,1.1,0.0,123000,96000,163000,575000,4.125,7565,7745,3237,149,3736,989,783,1633,447,260,3671,731,317,,62,140,3447,1166,2058,24,22,19,164,947,,1755,5113,143,836,,3231,1603,2630,384,274,2669,2501,1551,663,156,17,17
35614,NEW YORK-JERSEY CITY-WHITE PLAINS,2020,TRUE,single_year,2020,FALSE,TRUE,3,7090,6393,581,116,4239,2733,118,0,59.8,38.5,1.7,0.0,121000,94000,162000,605000,3.15,6750,7022,2129,111,3360,946,616,1660,375,133,3297,660,124,13,74,71,3210,1031,1716,18,18,,139,949,0,1589,4573,131,795,,2956,1530,2272,332,206,2614,2305,1255,563,121,17,
35614,NEW YORK-JERSEY CITY-WHITE PLAINS,2021,TRUE,single_year,2021,FALSE,TRUE,3,10768,9465,1046,257,6851,3776,141,0,63.6,35.1,1.3,0.0,127000,99000,176000,655000,3,10174,10630,3066,238,5626,1403,831,2357,386,165,5528,1016,63,,90,146,4352,1410,3056,30,20,22,243,1634,,2274,7004,208,1276,,4429,2433,3384,522,358,3767,3532,2043,831,194,28,15
35614,NEW YORK-JERSEY CITY-WHITE PLAINS,2022,TRUE,single_year,2022,FALSE,TRUE,2,8419,7401,816,202,5694,2593,132,0,67.6,30.8,1.6,0.0,148000,115000,202000,685000,4.5,7843,8220,3500,194,4571,1179,640,1494,311,224,4486,860,63,,74,206,3192,1071,2473,31,26,14,183,1429,0,1708,5438,187,1081,,3313,1871,2743,492,291,2851,2825,1655,624,130,21,22
35614,NEW YORK-JERSEY CITY-WHITE PLAINS,2023,TRUE,single_year,2023,FALSE,TRUE,3,5896,5213,557,126,3919,1894,83,0,66.5,32.1,1.4,0.0,169000,133000,226000,685000,6.5,5473,5758,2623,128,3152,812,502,1079,194,157,3083,565,81,,45,141,2148,834,1705,25,,23,143,1008,,1132,3847,108,799,10,2282,1286,1994,334,210,1919,1985,1124,501,122,25,10
35614,NEW YORK-JERSEY CITY-WHITE PLAINS,2024,TRUE,single_year,2024,FALSE,TRUE,1,5947,5204,598,145,4397,1479,71,0,73.9,24.9,1.2,0.0,181000,144000,246000,725000,6.625,5781,5814,2893,134,2993,859,880,849,205,161,2942,680,558,10,61,146,2327,742,1658,13,14,33,158,1001,,1277,3833,129,708,0,2288,1226,2147,286,207,1933,2046,1119,502,111,18,11
35614,NEW YORK-JERSEY CITY-WHITE PLAINS,2025,TRUE,single_year,2025,FALSE,TRUE,3,5658,4960,569,129,4291,1268,99,0,75.8,22.4,1.7,0.0,189000,151000,256000,765000,6.5,5434,5507,3523,121,2909,805,806,745,203,190,2858,620,551,15,74,173,2158,775,1611,18,11,36,154,893,,1198,3727,123,609,,2174,1213,2040,231,201,1730,2015,1093,478,118,17,
35660,NILES,2018,TRUE,three_year_total,2018,TRUE,TRUE,23,21,20,,0,,12,,0,33.3,57.1,9.5,0.0,,,,,,21,21,18,0,,,,,,0,,,0,0,0,0,17,,0,0,0,,0,,0,,16,0,,0,,,,0,,,,,,0,0,0
35660,NILES,2019,TRUE,three_year_total,"2018,2019",TRUE,TRUE,22,33,31,,0,16,15,,0,48.5,45.5,6.1,0.0,,,,,,33,32,36,0,11,,,12,,,,,,0,0,,26,,0,0,0,,0,,0,,25,0,,0,11,12,,,,,12,,,,0,0
35660,NILES,2020,TRUE,three_year_total,"2018,2019,2020",TRUE,TRUE,20,49,44,,,25,22,,0,51.0,44.9,4.1,0.0,,,,,,49,48,54,0,14,,,17,,,12,,,0,0,,37,,0,0,0,,,,0,,40,0,,0,18,19,10,,,12,13,10,,,0,0
35660,NILES,2021,TRUE,three_year_total,"2019,2020,2021",TRUE,TRUE,21,56,47,,,37,17,,0,66.1,30.4,3.6,0.0,,,,,,56,55,70,,16,12,,14,,,16,11,,0,,,38,,,0,0,0,,,0,,46,0,,0,23,18,10,,,20,13,,,,0,0
35660,NILES,2022,TRUE,three_year_total,"2020,2021,2022",TRUE,TRUE,18,70,57,,,42,24,,0,60.0,34.3,5.7,0.0,,,,,,69,70,82,,20,17,,19,,,19,16,,0,,,46,,,0,0,0,,14,0,,53,,11,0,32,19,11,,10,29,13,,12,0,,0
35660,NILES,2023,TRUE,three_year_total,"2021,2022,2023",TRUE,TRUE,20,65,53,,,37,22,,0,56.9,33.8,9.2,0.0,,,,,,63,65,82,,18,14,,19,,,17,14,,0,,,41,,,0,0,0,0,13,0,,48,,11,0,30,12,15,,,24,17,,,,,0
35660,NILES,2024,TRUE,three_year_total,"2022,2023,2024",TRUE,TRUE,15,56,42,,,35,17,,0,62.5,30.4,7.1,0.0,,,,,,54,56,74,,12,13,12,15,,0,11,13,11,0,0,0,35,,,0,0,0,0,12,0,,42,,10,0,28,10,12,,,26,12,,,,,0
35660,NILES,2025,TRUE,three_year_total,"2023,2024,2025",TRUE,TRUE,24,50,38,,,36,,,0,72.0,16.0,12.0,0.0,,,,,,47,50,72,,13,,15,,,,13,,15,0,0,0,36,,,0,0,0,0,,0,,44,0,,0,26,,14,,,23,,,,,,
35840,NORTH PORT-BRADENTON-SARASOTA,2018,TRUE,single_year,2018,TRUE,TRUE,21,71,66,,,38,29,,0,53.5,40.8,5.6,0.0,68500,47750,106000,245000,4.875,70,64,86,,26,,,22,,,25,,,0,0,,56,,,0,0,0,,,0,,58,0,,0,22,17,27,,,19,10,16,12,,,0
35840,NORTH PORT-BRADENTON-SARASOTA,2019,TRUE,single_year,2019,TRUE,TRUE,15,53,50,,0,25,27,,0,47.2,50.9,1.9,0.0,65000,48000,100000,225000,4.125,53,52,77,0,12,14,,21,,,12,11,,0,0,,47,,0,0,0,0,0,,0,14,37,0,,0,21,16,15,,,,13,14,10,,,0
35840,NORTH PORT-BRADENTON-SARASOTA,2020,TRUE,single_year,2020,TRUE,TRUE,20,60,55,,,25,30,,0,41.7,50.0,8.3,0.0,70000,49750,99000,235000,3.125,60,60,86,,24,,,25,,,21,,,0,0,0,45,,,0,0,0,,,0,10,42,0,,0,27,22,10,,,14,20,11,,,,0
35840,NORTH PORT-BRADENTON-SARASOTA,2021,TRUE,single_year,2021,TRUE,TRUE,20,72,66,,,40,26,,0,55.6,36.1,8.3,0.0,78000,61750,117750,285000,3.125,70,71,153,0,26,14,,21,,,26,12,0,0,,,54,,,,,0,,10,0,18,39,,13,0,30,14,24,,,23,15,19,,,,
35840,NORTH PORT-BRADENTON-SARASOTA,2022,TRUE,single_year,2022,TRUE,TRUE,17,71,66,,,42,22,,0,59.2,31.0,9.9,0.0,101000,72250,150000,345000,5.025,70,71,130,0,27,16,,12,,,26,14,0,0,,,56,,,0,0,0,0,,0,12,50,,,0,32,16,21,,,28,12,10,12,,0,
35840,NORTH PORT-BRADENTON-SARASOTA,2023,TRUE,single_year,2023,TRUE,TRUE,26,54,49,,,32,18,,0,59.3,33.3,7.4,0.0,103500,85500,173000,370000,6.5,52,53,77,,19,,,13,,,19,,,0,,,36,,0,0,0,,,,0,,35,,11,0,19,,20,,,15,13,,,,,
35840,NORTH PORT-BRADENTON-SARASOTA,2024,TRUE,single_year,2024,TRUE,TRUE,21,64,58,,,36,24,,0,56.2,37.5,6.2,0.0,114000,93750,199500,415000,6.625,64,57,66,,12,,13,17,,,11,,11,0,,,45,,,0,0,,,,0,18,32,,10,0,20,,32,,,22,16,12,,,0,0
35840,NORTH PORT-BRADENTON-SARASOTA,2025,TRUE,three_year_total,"2023,2024,2025",TRUE,TRUE,9,159,143,11,,86,63,10,0,54.1,39.6,6.3,0.0,,,,,,156,148,220,,34,22,25,48,19,11,33,19,20,0,,11,112,18,,0,0,,,22,0,43,83,,24,0,55,29,63,12,13,47,40,25,19,10,,
35980,NORWICH-NEW LONDON-WILLIMANTIC,2018,TRUE,single_year,2018,TRUE,TRUE,13,94,75,18,,37,49,,0,39.4,52.1,8.5,0.0,54500,43000,69750,155000,4.75,94,91,42,,15,,16,35,16,,15,,15,0,0,,67,,,0,0,0,0,16,0,28,57,0,,0,61,17,13,,14,32,21,14,,,0,0
35980,NORWICH-NEW LONDON-WILLIMANTIC,2019,TRUE,single_year,2019,TRUE,TRUE,11,118,93,17,,46,64,,0,39.0,54.2,6.8,0.0,58000,50000,73750,175000,4.063,118,114,56,14,19,11,18,48,18,,17,,16,0,0,,72,15,,,0,,0,23,0,23,76,,17,0,61,31,16,10,13,55,28,12,,,0,0
35980,NORWICH-NEW LONDON-WILLIMANTIC,2020,TRUE,single_year,2020,TRUE,TRUE,12,140,113,21,,50,80,10,0,35.7,57.1,7.1,0.0,61000,46750,86500,195000,3,140,137,60,,20,14,14,72,16,,19,13,12,0,,,92,15,,,,,0,26,0,30,85,,21,0,83,30,17,10,26,53,25,17,13,,,0
35980,NORWICH-NEW LONDON-WILLIMANTIC,2021,TRUE,single_year,2021,TRUE,TRUE,12,190,156,26,,64,117,,0,33.7,61.6,4.7,0.0,64000,51000,90000,235000,3,189,187,132,,29,24,11,98,22,,28,24,,0,,,123,22,,,0,0,,31,0,37,123,,27,0,97,52,31,10,35,69,39,26,15,,0,0
35980,NORWICH-NEW LONDON-WILLIMANTIC,2022,TRUE,single_year,2022,TRUE,TRUE,13,167,136,27,,61,98,,0,36.5,58.7,4.8,0.0,71000,60000,89000,245000,5.125,165,164,128,,27,18,18,68,29,,26,14,12,0,,,103,20,,,0,0,,35,0,46,94,,25,0,79,47,28,13,18,71,29,24,18,,,
35980,NORWICH-NEW LONDON-WILLIMANTIC,2023,TRUE,single_year,2023,TRUE,TRUE,15,99,89,,,51,42,,0,51.5,42.4,6.1,0.0,81000,64000,103000,245000,6.5,99,98,83,0,19,10,18,20,31,,18,,15,0,,,56,15,,0,0,,,16,0,32,55,,10,0,53,25,16,,,38,31,12,,,0,0
35980,NORWICH-NEW LONDON-WILLIMANTIC,2024,TRUE,single_year,2024,TRUE,TRUE,11,118,87,22,,76,37,,0,64.4,31.4,4.2,0.0,89000,76000,114750,295000,6.625,118,117,85,,16,13,32,21,34,,14,13,30,0,18,,75,12,,,0,0,,19,0,28,72,,16,0,62,28,21,,23,47,22,17,,0,0,0
35980,NORWICH-NEW LONDON-WILLIMANTIC,2025,TRUE,single_year,2025,TRUE,TRUE,13,129,104,18,,70,54,,0,54.3,41.9,3.9,0.0,90500,76000,111000,315000,6.375,128,129,120,,15,10,27,27,48,,15,,23,0,21,,73,25,,,0,0,,24,0,44,69,,15,0,74,32,17,,26,47,22,18,11,,,0
36084,OAKLAND-FREMONT-BERKELEY,2018,TRUE,single_year,2018,TRUE,TRUE,12,355,271,35,49,261,90,,0,73.5,25.4,1.1,0.0,158000,120000,230000,655000,4.75,351,349,355,12,212,43,15,49,23,13,210,34,,,,,154,34,68,0,,,20,75,,44,237,,68,0,126,65,132,32,,129,134,56,21,,,0
36084,OAKLAND-FREMONT-BERKELEY,2019,TRUE,single_year,2019,TRUE,TRUE,8,357,260,41,56,262,87,,0,73.4,24.4,2.2,0.0,165000,124000,230500,695000,4,355,357,339,13,215,42,30,51,11,,211,32,12,0,,,142,46,73,0,,0,17,77,0,48,233,,68,0,135,79,108,35,,138,114,61,24,12,,0
36084,OAKLAND-FREMONT-BERKELEY,2020,TRUE,single_year,2020,TRUE,TRUE,12,366,286,42,38,275,87,,0,75.1,23.8,1.1,0.0,185000,130500,260500,775000,3.125,359,365,234,11,235,41,22,53,12,,233,33,,0,,,149,32,75,,,,26,79,0,39,244,10,73,0,130,73,132,31,,158,120,47,24,,,
36084,OAKLAND-FREMONT-BERKELEY,2021,TRUE,single_year,2021,FALSE,TRUE,9,558,396,83,79,426,121,11,0,76.3,21.7,2.0,0.0,179000,129000,252750,825000,2.99,546,558,441,16,359,70,22,89,15,,359,57,,0,,,195,51,150,0,,,30,123,0,60,356,16,125,,210,116,184,48,18,208,186,95,36,,,0
36084,OAKLAND-FREMONT-BERKELEY,2022,TRUE,single_year,2022,TRUE,TRUE,10,405,290,67,48,318,79,,0,78.5,19.5,2.0,0.0,217000,153500,312000,895000,4.326,396,405,317,14,272,43,19,52,16,,270,34,,0,,,138,45,93,0,,,23,102,0,50,248,19,88,0,121,83,167,34,11,133,150,68,33,,,
36084,OAKLAND-FREMONT-BERKELEY,2023,TRUE,single_year,2023,TRUE,TRUE,11,302,213,54,35,211,88,,0,69.9,29.1,1.0,0.0,201500,153250,279500,775000,6.5,298,299,170,15,161,39,22,63,11,,160,30,,,,,91,43,66,,,0,24,75,0,56,174,,66,0,99,70,110,23,10,105,112,46,23,,,0
36084,OAKLAND-FREMONT-BERKELEY,2024,TRUE,single_year,2024,FALSE,TRUE,8,326,223,48,55,259,56,11,0,79.4,17.2,3.4,0.0,218000,163000,295250,775000,6.625,320,326,210,18,165,50,66,25,19,,160,41,51,0,,,117,36,79,0,,,,87,0,69,179,10,68,0,111,74,112,29,18,96,117,56,27,,0,
36084,OAKLAND-FREMONT-BERKELEY,2025,TRUE,single_year,2025,FALSE,TRUE,7,326,203,58,65,259,56,11,0,79.4,17.2,3.4,0.0,207000,159000,299000,745000,6.5,325,326,241,19,149,47,71,40,16,,146,43,64,0,,,115,34,61,,,,19,91,0,66,174,17,68,,131,67,101,27,11,114,117,47,27,10,0,0
36100,OCALA,2018,TRUE,three_year_total,2018,TRUE,TRUE,30,,,0,,,,0,0,66.7,33.3,0.0,0.0,,,,,,,,17,0,,0,,,0,,,0,,0,0,,,0,,0,0,0,0,,0,,,0,,0,,,,,,,,,0,,,0
36100,OCALA,2019,TRUE,three_year_total,"2018,2019",TRUE,TRUE,29,16,12,,,11,,0,0,68.8,31.2,0.0,0.0,,,,,,16,14,48,0,,,,,0,,,,,0,0,,11,,,0,0,0,0,,0,,11,,,0,,,,,,,,,,,,0
36100,OCALA,2020,TRUE,three_year_total,"2018,2019,2020",TRUE,TRUE,27,38,27,,,24,13,,0,63.2,34.2,2.6,0.0,,,,,,37,32,97,0,12,,,,,,12,,,0,0,,26,,,0,0,0,0,,0,,28,,,0,17,,11,,,,,,,,,
36100,OCALA,2021,TRUE,three_year_total,"2019,2020,2021",TRUE,TRUE,21,49,34,,,30,17,,0,61.2,34.7,4.1,0.0,,,,,,48,42,158,0,14,,,11,,12,14,,0,0,,10,36,,,0,0,0,0,,0,,35,,,0,21,,17,,,10,15,,,,0,
36100,OCALA,2022,TRUE,three_year_total,"2020,2021,2022",TRUE,TRUE,20,53,38,,,31,18,,0,58.5,34.0,7.5,0.0,,,,,,52,46,190,0,18,,,12,,11,18,,0,0,,,40,,,0,0,0,0,,0,,40,0,,0,22,12,17,,,13,15,,11,,,
36100,OCALA,2023,TRUE,three_year_total,"2021,2022,2023",TRUE,TRUE,21,48,37,,,28,16,,0,58.3,33.3,8.3,0.0,,,,,,48,43,186,0,15,,0,13,,,15,,0,0,,,31,,,0,0,,0,,0,,37,0,,0,20,10,17,,,12,14,,,,,0
36100,OCALA,2024,TRUE,three_year_total,"2022,2023,2024",TRUE,TRUE,20,57,46,,10,32,16,,0,56.1,28.1,15.8,0.0,,,,,,57,53,140,,13,,,11,11,,13,,,0,0,,34,14,,,0,,0,,0,14,38,0,,0,27,14,15,,,19,12,,,,,0
36100,OCALA,2025,TRUE,three_year_total,"2023,2024,2025",TRUE,TRUE,15,66,54,,10,40,16,10,0,60.6,24.2,15.2,0.0,,,,,,66,59,124,,12,11,,11,11,12,12,10,,0,0,10,38,14,,,0,,0,,0,22,36,0,,0,31,14,18,,,21,16,,,,,0
36140,OCEAN CITY,2018,TRUE,three_year_total,2018,TRUE,TRUE,22,41,31,,,26,11,,0,63.4,26.8,9.8,0.0,,,,,,40,36,57,0,21,,0,,,,19,,0,0,0,,33,0,,0,0,0,,,0,,38,0,,0,21,,11,,,13,,,,,0,
36140,OCEAN CITY,2019,TRUE,three_year_total,"2018,2019",TRUE,TRUE,22,70,55,,,45,18,,0,64.3,25.7,10.0,0.0,,,,,,69,64,123,0,36,,,12,,,34,,,0,0,,58,0,,0,0,0,,,0,,61,,,0,32,11,23,,,24,,13,14,,,
36140,OCEAN CITY,2020,TRUE,three_year_total,"2018,2019,2020",TRUE,TRUE,15,110,83,19,,70,26,14,0,63.6,23.6,12.7,0.0,,,,,,109,102,182,0,55,12,,19,,10,53,,,0,0,,84,,,0,0,0,,17,0,,90,,15,0,53,14,37,,,31,19,25,19,13,,
36140,OCEAN CITY,2021,TRUE,three_year_total,"2019,2020,2021",TRUE,TRUE,16,109,81,22,,73,25,11,0,67.0,22.9,10.1,0.0,,,,,,109,105,197,,59,11,,17,,,58,,,0,0,,86,,,0,0,0,,18,0,,84,,19,0,48,19,37,,,28,19,27,21,11,,0
36140,OCEAN CITY,2022,TRUE,three_year_total,"2020,2021,2022",TRUE,TRUE,12,111,78,22,11,76,25,10,0,68.5,22.5,9.0,0.0,,,,,,111,100,186,,54,13,,17,,15,52,11,,0,0,11,86,,,0,0,0,,21,0,,84,,19,0,51,20,34,,,25,27,27,18,10,,0
36140,OCEAN CITY,2023,TRUE,three_year_total,"2021,2022,2023",TRUE,TRUE,14,90,62,17,11,65,21,,0,72.2,23.3,4.4,0.0,,,,,,90,78,169,,44,11,,12,,15,42,,,0,0,12,72,,0,0,0,0,,15,0,,68,,14,0,38,21,25,,,23,19,20,19,,,0
36220,ODESSA,2018,TRUE,three_year_total,2018,TRUE,TRUE,12,,,0,0,,0,0,0,100.0,0.0,0.0,0.0,,,,,,,,,0,0,0,0,0,0,,0,0,0,0,0,,0,0,0,0,0,0,0,,0,,0,0,0,0,0,,0,0,0,,0,0,0,0,0,0
36220,ODESSA,2019,TRUE,three_year_total,"2018,2019",TRUE,TRUE,25,,,0,0,,,0,0,83.3,16.7,0.0,0.0,,,,,,,,10,0,,0,,0,,,,0,,0,0,,,0,0,0,0,0,0,,0,,,0,0,0,,,,0,,,,,,0,0,0
36220,ODESSA,2020,TRUE,three_year_total,"2018,2019,2020",TRUE,TRUE,27,,,0,0,,,0,0,87.5,12.5,0.0,0.0,,,,,,,,13,0,,0,,0,,,,0,,0,0,,,0,0,0,0,0,0,,0,,,0,,0,,,,0,,,,,,,0,0
36220,ODESSA,2021,TRUE,three_year_total,"2019,2020,2021",TRUE,TRUE,27,,,0,0,,,0,0,66.7,33.3,0.0,0.0,,,,,,,,13,0,,0,,,,,,0,,0,0,,,0,0,0,0,0,0,0,0,,,0,,0,,,,0,,,,,,,0,0
36220,ODESSA,2022,TRUE,three_year_total,"2020,2021,2022",TRUE,TRUE,30,,,,0,,,,0,57.1,28.6,14.3,0.0,,,,,,,,14,0,,0,,,,,,0,,0,,,,0,0,0,0,0,0,,0,,,0,,0,,,0,,,,,0,,,0,0
36220,ODESSA,2023,TRUE,three_year_total,"2021,2022,2023",TRUE,TRUE,25,,,,0,,,,0,25.0,62.5,12.5,0.0,,,,,,,,16,0,0,0,0,,,,0,0,0,0,,,,0,0,0,0,0,0,,0,,,0,,0,,,0,,,,,0,,0,0,0
36220,ODESSA,2024,TRUE,three_year_total,"2022,2023,2024",TRUE,TRUE,26,10,,,0,,,,0,40.0,50.0,10.0,0.0,,,,,,10,,18,0,0,0,,,,,0,0,,0,,,,0,0,,0,0,0,,0,,,0,,0,,,,,,,,0,0,0,0,0
36220,ODESSA,2025,TRUE,three_year_total,"2023,2024,2025",TRUE,TRUE,20,11,10,,0,,,0,0,45.5,54.5,0.0,0.0,,,,,,11,11,15,0,0,0,,,,,0,0,,0,0,,,0,0,,0,0,0,,0,,,0,0,0,,,,0,,,,0,0,0,0,0
36260,OGDEN,2018,TRUE,three_year_total,2018,TRUE,TRUE,23,49,40,,,21,21,,0,42.9,42.9,14.3,0.0,,,,,,49,48,93,0,11,,,14,,,,,,0,0,,41,,,0,0,0,,,0,,42,,,0,28,,13,,15,20,,,,0,0,0
36260,OGDEN,2019,TRUE,single_year,2019,TRUE,TRUE,22,56,49,,,24,28,,0,42.9,50.0,7.1,0.0,66500,48000,82000,285000,4,56,56,71,0,,,16,20,,,,,10,0,0,0,46,0,,0,0,0,,,0,,40,,10,0,29,,12,,,29,,,,,,0
36260,OGDEN,2020,TRUE,single_year,2020,TRUE,TRUE,19,58,45,,,28,24,,0,48.3,41.4,10.3,0.0,61500,50000,80500,275000,3.25,58,58,93,0,10,,13,20,,0,10,,12,0,0,0,48,,,0,0,0,,,0,,45,,,0,31,,15,,10,34,,,,,0,0
36260,OGDEN,2021,TRUE,single_year,2021,TRUE,TRUE,22,56,44,,,28,22,,0,50.0,39.3,10.7,0.0,71500,60000,99250,340000,3,56,56,100,,20,,,17,,0,20,,,0,0,0,42,,,0,0,,,,0,,42,,,0,31,,13,,14,22,13,,,,0,0
36260,OGDEN,2022,TRUE,three_year_total,"2020,2021,2022",TRUE,TRUE,11,156,129,15,12,77,61,18,0,49.4,39.1,11.5,0.0,,,,,,156,156,300,,45,21,21,49,18,,45,17,15,0,0,0,122,,,0,,,,16,0,14,119,,19,0,84,19,41,12,29,78,26,,,,0,0
36260,OGDEN,2023,TRUE,three_year_total,"2021,2022,2023",TRUE,TRUE,15,128,111,10,,63,50,15,0,49.2,39.1,11.7,0.0,,,,,,128,128,242,,44,16,13,37,15,,44,11,,0,,0,99,,,0,,,,14,0,12,92,,19,0,68,14,35,11,27,52,26,,,,,0
36260,OGDEN,2024,TRUE,three_year_total,"2022,2023,2024",TRUE,TRUE,17,113,101,,,62,35,16,0,54.9,31.0,14.2,0.0,,,,,,113,112,169,,31,14,24,26,11,,31,,20,0,,,87,,,,,,,14,0,14,78,,18,0,54,12,36,11,22,47,21,11,,,,0
36260,OGDEN,2025,TRUE,three_year_total,"2023,2024,2025",TRUE,TRUE,17,113,97,,12,70,29,14,0,61.9,25.7,12.4,0.0,,,,,,112,112,102,,23,,41,21,12,,23,,38,0,,,85,,,,,,,21,0,13,73,,23,0,51,13,38,11,30,41,24,10,,,,0
36420,OKLAHOMA CITY,2018,TRUE,single_year,2018,TRUE,TRUE,22,69,64,,,31,23,15,0,44.9,33.3,21.7,0.0,71000,54000,105500,185000,4.75,67,60,353,,13,,,19,11,10,13,,,0,0,10,50,,,,0,0,,,0,,54,,,0,32,10,21,,,29,12,,,,,
36420,OKLAHOMA CITY,2019,TRUE,single_year,2019,TRUE,TRUE,18,96,83,,,54,22,20,0,56.2,22.9,20.8,0.0,76500,56500,123250,235000,4.277,90,82,432,,30,,,18,17,18,30,,,0,0,15,73,,,,0,0,,16,0,,69,,16,0,39,17,28,12,,39,10,,,11,,
36420,OKLAHOMA CITY,2020,TRUE,single_year,2020,TRUE,TRUE,20,74,63,,,43,16,15,0,58.1,21.6,20.3,0.0,79000,55000,133000,225000,3.25,71,60,417,,18,,,13,13,19,18,,0,0,0,16,54,,,0,0,0,,,0,,58,,,0,32,13,23,,,24,18,,,,,
36420,OKLAHOMA CITY,2021,TRUE,single_year,2021,TRUE,TRUE,19,91,83,,,52,29,10,0,57.1,31.9,11.0,0.0,81000,56000,133000,265000,3.125,85,73,457,0,25,11,,23,,21,25,,0,0,,17,57,11,,,0,,,14,0,,73,,10,0,44,15,25,,,32,24,,,,,
36420,OKLAHOMA CITY,2022,TRUE,single_year,2022,TRUE,TRUE,21,78,75,,,54,19,,0,69.2,24.4,6.4,0.0,84000,64000,137000,275000,5.25,73,65,435,,31,11,,13,,17,30,,0,0,,14,50,,,,0,,,16,0,,55,,13,0,32,17,19,10,,22,18,,,,,
36420,OKLAHOMA CITY,2023,TRUE,single_year,2023,TRUE,TRUE,16,92,82,,,62,19,11,0,67.4,20.7,12.0,0.0,106500,74000,158000,315000,7.037,90,74,342,,29,,,11,11,23,28,,,0,0,20,60,,,,0,,,11,0,10,73,,,0,40,20,31,,10,22,19,13,12,12,,0
36420,OKLAHOMA CITY,2024,TRUE,single_year,2024,TRUE,TRUE,15,109,101,,,83,13,13,0,76.1,11.9,11.9,0.0,114500,79750,176750,325000,6.99,106,86,363,,34,,19,10,13,30,34,,18,0,,28,75,,,,0,0,,12,0,13,80,,12,0,44,21,35,,,28,23,13,14,14,,
36420,OKLAHOMA CITY,2025,TRUE,single_year,2025,TRUE,TRUE,14,100,87,,,66,16,18,0,66.0,16.0,18.0,0.0,108000,83000,173000,320000,6.625,93,78,409,,21,12,12,14,14,27,21,12,,,0,22,55,14,,,0,0,,18,0,12,67,,16,0,38,18,37,,,28,23,15,,13,,
36500,OLYMPIA-LACEY-TUMWATER,2018,TRUE,three_year_total,2018,TRUE,TRUE,27,37,36,0,,25,,,0,67.6,10.8,21.6,0.0,,,,,,36,25,47,,,,,,,12,,,,0,0,12,28,,,0,0,0,,,0,,30,,,0,,10,15,,,,,,11,0,,
36500,OLYMPIA-LACEY-TUMWATER,2019,TRUE,three_year_total,"2018,2019",TRUE,TRUE,18,69,66,,,43,11,15,0,62.3,15.9,21.7,0.0,,,,,,68,50,81,,15,,,11,13,19,15,,,0,0,19,50,,,0,0,0,,11,0,,54,,12,0,18,16,28,,,18,18,,16,,,
36500,OLYMPIA-LACEY-TUMWATER,2020,TRUE,single_year,2020,TRUE,TRUE,24,51,46,,,24,21,,0,47.1,41.2,11.8,0.0,90500,79250,126750,385000,3,50,44,55,0,13,,,17,,,13,,,0,0,,35,,,0,0,,,,0,,42,,,0,28,,11,,,15,15,,,,0,0
36500,OLYMPIA-LACEY-TUMWATER,2021,TRUE,three_year_total,"2019,2020,2021",TRUE,TRUE,12,128,119,,,64,45,19,0,50.0,35.2,14.8,0.0,,,,,,127,114,163,,35,18,10,33,18,14,35,13,,0,0,14,88,,,0,0,,,21,0,,98,,24,0,50,23,44,11,11,41,37,13,20,,,0
36500,OLYMPIA-LACEY-TUMWATER,2022,TRUE,three_year_total,"2020,2021,2022",TRUE,TRUE,13,133,123,,,74,42,17,0,55.6,31.6,12.8,0.0,,,,,,131,126,171,0,50,19,11,30,16,,50,16,,0,0,,88,,11,0,,,,24,0,,100,,24,0,52,22,48,11,10,43,41,16,18,,,0
36500,OLYMPIA-LACEY-TUMWATER,2023,TRUE,three_year_total,"2021,2022,2023",TRUE,TRUE,16,114,108,,,67,30,17,0,58.8,26.3,14.9,0.0,,,,,,111,114,139,0,47,22,11,17,16,,47,18,,0,,0,72,,,,,,,25,0,,79,,26,0,34,19,48,13,,38,31,16,15,,,0
36500,OLYMPIA-LACEY-TUMWATER,2024,TRUE,three_year_total,"2022,2023,2024",TRUE,TRUE,17,105,99,,,67,22,16,0,63.8,21.0,15.2,0.0,,,,,,101,105,96,,47,15,10,12,20,,46,13,,,,0,61,,,,,,,26,0,11,66,,27,0,27,20,42,16,,34,25,19,10,,0,
36500,OLYMPIA-LACEY-TUMWATER,2025,TRUE,three_year_total,"2023,2024,2025",TRUE,TRUE,19,102,95,,,58,21,23,0,56.9,20.6,22.5,0.0,,,,,,99,102,87,,39,10,13,11,26,,38,,,,,0,59,,,,,,,21,0,11,68,,22,0,31,17,42,12,,36,19,20,,11,,
36540,OMAHA,2018,TRUE,three_year_total,2018,TRUE,TRUE,24,39,31,,,24,12,,0,61.5,30.8,7.7,0.0,,,,,,38,31,164,0,10,,,,,10,10,,,0,0,,29,,,0,,0,0,,0,,28,0,,0,17,,13,,,15,,,,,,0
36540,OMAHA,2019,TRUE,three_year_total,"2018,2019",TRUE,TRUE,20,75,61,,,45,21,,0,60.0,28.0,12.0,0.0,,,,,,74,62,332,,22,,,12,14,16,21,,,0,,12,61,,,0,,0,0,,0,,62,0,,0,30,12,28,,,31,11,,14,,,0
36540,OMAHA,2020,TRUE,single_year,2020,TRUE,TRUE,21,54,39,10,,33,16,,0,61.1,29.6,9.3,0.0,66000,48000,91000,220000,3.25,53,46,143,,14,,,12,,,14,,,0,,,46,0,,0,0,0,0,,0,,42,0,,0,29,,11,,17,18,,,,,0,0
36540,OMAHA,2021,TRUE,single_year,2021,TRUE,TRUE,24,51,39,,,27,17,,0,52.9,33.3,13.7,0.0,64000,50000,107000,215000,2.995,50,46,209,,14,,,13,,,13,,0,0,,,42,,0,0,0,0,,,0,,39,0,,0,19,14,12,,,23,,,,,,
36540,OMAHA,2022,TRUE,three_year_total,"2020,2021,2022",TRUE,TRUE,12,154,121,16,17,91,48,15,0,59.1,31.2,9.7,0.0,,,,,,152,138,511,,43,24,,37,25,16,42,24,,0,,16,119,,,,0,,,20,0,16,114,,23,0,65,35,37,17,28,57,25,16,11,14,,
36540,OMAHA,2023,TRUE,three_year_total,"2021,2022,2023",TRUE,TRUE,13,134,111,,14,79,39,16,0,59.0,29.1,11.9,0.0,,,,,,131,120,540,,39,20,,31,23,15,38,20,,0,,14,97,,,,0,,,18,0,19,94,,19,0,51,33,35,15,15,50,25,15,13,13,,
36540,OMAHA,2024,TRUE,single_year,2024,TRUE,TRUE,22,63,55,,,50,,,0,79.4,11.1,9.5,0.0,91500,72250,136500,295000,6.875,62,48,143,0,15,,14,,10,17,14,,13,0,,15,49,,,,,0,0,,0,11,43,,,0,32,10,17,,,20,17,,,,,
36540,OMAHA,2025,TRUE,single_year,2025,TRUE,TRUE,18,64,51,,,42,11,11,0,65.6,17.2,17.2,0.0,102000,77000,166000,315000,6.625,63,54,165,,13,,12,,12,12,13,,,0,,10,41,,,0,0,0,0,14,0,,45,0,12,0,35,,19,,,14,18,,,,,0
36740,ORLANDO-KISSIMMEE-SANFORD,2018,TRUE,single_year,2018,TRUE,TRUE,21,67,57,,,37,26,,0,55.2,38.8,6.0,0.0,67000,47000,106000,225000,4.75,65,61,122,,16,13,,19,,,16,12,,0,,,45,,,0,0,,,,0,14,41,,,0,37,13,15,,,23,16,,11,,0,0
36740,ORLANDO-KISSIMMEE-SANFORD,2019,TRUE,single_year,2019,TRUE,TRUE,16,64,55,,,31,29,,0,48.4,45.3,6.2,0.0,75000,51750,99250,260000,4.125,64,62,130,,15,11,11,19,,,14,,,0,0,,44,,0,0,,0,0,13,0,13,39,0,12,0,34,12,14,,,26,18,13,,,,0
36740,ORLANDO-KISSIMMEE-SANFORD,2020,TRUE,single_year,2020,TRUE,TRUE,18,61,53,,,28,28,,0,45.9,45.9,8.2,0.0,75000,61000,114000,285000,2.99,61,58,107,,12,11,,24,,,12,11,,0,0,,45,10,,0,0,0,0,,0,15,39,0,,0,41,10,,,,32,11,,,0,,0
36740,ORLANDO-KISSIMMEE-SANFORD,2021,TRUE,single_year,2021,TRUE,TRUE,16,91,78,,,45,40,,0,49.5,44.0,6.6,0.0,79000,58500,107500,295000,3,91,90,183,0,25,19,,33,,,25,17,,0,0,,60,10,,0,0,0,,16,0,29,53,0,,0,39,29,20,,,43,18,,10,,,0
36740,ORLANDO-KISSIMMEE-SANFORD,2022,TRUE,single_year,2022,TRUE,TRUE,16,85,75,,,41,35,,0,48.2,41.2,10.6,0.0,93000,70000,118000,385000,4.828,85,81,158,0,27,14,,21,,,26,10,,0,0,,50,12,,,0,0,,17,0,24,45,,15,0,41,28,12,,,33,24,13,,0,,0
36740,ORLANDO-KISSIMMEE-SANFORD,2023,TRUE,single_year,2023,TRUE,TRUE,18,84,72,,,31,46,,0,36.9,54.8,8.3,0.0,115500,85750,156250,415000,6.531,84,80,86,0,14,10,,41,,,14,,,0,,,45,18,,0,0,0,0,16,,28,41,,12,,41,18,16,,11,33,22,13,,,,0
36740,ORLANDO-KISSIMMEE-SANFORD,2024,TRUE,single_year,2024,TRUE,TRUE,17,87,74,,,39,38,10,0,44.8,43.7,11.5,0.0,114500,92250,147000,435000,6.495,86,84,102,,14,,20,26,10,,13,,13,,,,48,19,,0,,0,,13,0,24,47,,14,0,43,17,21,,,38,21,10,,,0,0
36740,ORLANDO-KISSIMMEE-SANFORD,2025,TRUE,single_year,2025,TRUE,TRUE,19,72,63,,,40,23,,0,55.6,31.9,12.5,0.0,128500,85000,172000,445000,6.375,72,68,99,,15,11,13,20,,,14,,13,,,,34,20,,0,0,0,,15,0,14,40,,16,0,29,12,25,,,33,14,,,,,0
36780,OSHKOSH-NEENAH,2018,TRUE,three_year_total,2018,TRUE,TRUE,19,42,41,0,,23,17,,0,54.8,40.5,4.8,0.0,,,,,,41,39,66,0,,,,13,,,,,,0,,,40,0,,0,0,0,0,0,0,,38,0,0,0,22,12,,0,13,13,,,,,0,0
36780,OSHKOSH-NEENAH,2019,TRUE,single_year,2019,TRUE,TRUE,21,53,52,0,,36,11,,0,67.9,20.8,11.3,0.0,54000,38500,70000,115000,4.125,52,47,101,0,10,11,,,,,10,11,,0,,,45,,,0,0,,0,,0,0,49,,,0,30,,13,,11,27,,,,,0,0
36780,OSHKOSH-NEENAH,2020,TRUE,single_year,2020,TRUE,TRUE,20,54,53,,0,34,16,,0,63.0,29.6,7.4,0.0,53000,42000,73000,125000,3.25,53,49,107,0,,11,,11,,,,,,0,,,48,0,,0,0,0,,,0,,48,0,,0,25,12,15,,15,17,11,,,,0,0
36780,OSHKOSH-NEENAH,2021,TRUE,single_year,2021,TRUE,TRUE,22,60,56,,,40,17,,0,66.7,28.3,5.0,0.0,53000,38000,70000,140000,3.25,60,58,139,0,18,13,,12,,,18,12,,,,,48,,,0,0,0,0,,0,,50,0,,0,33,17,,,11,24,,,,,,0
36780,OSHKOSH-NEENAH,2022,TRUE,single_year,2022,TRUE,TRUE,17,56,53,,,43,12,,0,76.8,21.4,1.8,0.0,55500,40750,86250,170000,4.7,56,56,105,0,16,15,14,,,0,16,14,13,0,0,0,50,0,,0,0,0,,,0,,48,,,0,24,16,13,,14,20,,,,,,0
36780,OSHKOSH-NEENAH,2023,TRUE,three_year_total,"2021,2022,2023",TRUE,TRUE,17,164,153,,,115,43,,0,70.1,26.2,3.7,0.0,,,,,,163,160,314,,49,33,26,34,15,,48,31,25,,,,136,,,,0,0,,16,0,,137,,17,0,82,42,30,10,38,67,20,16,13,,,
36780,OSHKOSH-NEENAH,2024,TRUE,single_year,2024,TRUE,TRUE,18,75,73,,0,52,18,,0,69.3,24.0,6.7,0.0,69500,57250,102500,215000,6.625,74,64,91,0,11,,21,11,,15,11,,18,0,,14,64,,,0,0,0,,,0,,59,0,,0,44,11,16,,16,26,15,,,,,
36780,OSHKOSH-NEENAH,2025,TRUE,single_year,2025,TRUE,TRUE,24,55,53,,,40,10,,0,72.7,18.2,9.1,0.0,65000,51500,98500,195000,6.612,55,50,77,0,,,20,,,,,,17,,,,43,,,,0,0,0,,0,,45,0,,0,36,12,,0,11,19,,,,,0,0
36980,OWENSBORO,2018,TRUE,three_year_total,2018,TRUE,TRUE,21,,,0,,,,0,0,75.0,25.0,0.0,0.0,,,,,,,,21,,,,0,0,,0,,,0,0,0,0,,0,0,0,0,0,0,0,0,0,,0,0,0,,,,0,0,,,0,,0,0,0
36980,OWENSBORO,2019,TRUE,three_year_total,"2018,2019",TRUE,TRUE,24,,,0,,,,0,0,85.7,14.3,0.0,0.0,,,,,,,,40,,,,0,0,,,,,0,0,0,,,0,0,0,0,0,0,0,0,0,,0,0,0,,,,0,0,,,0,,,0,0
36980,OWENSBORO,2020,TRUE,three_year_total,"2018,2019,2020",TRUE,TRUE,22,10,,0,,,,0,0,60.0,40.0,0.0,0.0,,,,,,10,10,53,,,,0,,,,,,0,0,0,,,,0,0,0,0,0,0,0,0,10,0,0,0,,,,0,0,,,0,,,0,0
36980,OWENSBORO,2021,TRUE,three_year_total,"2019,2020,2021",TRUE,TRUE,29,,,0,,,,0,0,66.7,33.3,0.0,0.0,,,,,,,,52,0,,,0,,,,,,0,0,0,,,,0,0,0,0,0,,0,0,,0,,0,,,,,0,,,,,,0,0
36980,OWENSBORO,2022,TRUE,three_year_total,"2020,2021,2022",TRUE,TRUE,30,,,0,,,,0,0,55.6,44.4,0.0,0.0,,,,,,,,64,0,,,,,,,,0,,0,0,,,,0,0,0,0,0,,0,0,,0,,0,,,,,,,,,,0,0,0
36980,OWENSBORO,2023,TRUE,three_year_total,"2021,2022,2023",TRUE,TRUE,24,11,11,0,0,,,0,0,81.8,18.2,0.0,0.0,,,,,,11,,70,0,,0,,,0,,,0,,0,0,,,0,0,0,0,0,0,,0,0,,0,,0,,0,,,,,,,,,,0
36980,OWENSBORO,2024,TRUE,three_year_total,"2022,2023,2024",TRUE,TRUE,24,12,10,0,,10,,0,0,83.3,16.7,0.0,0.0,,,,,,10,11,80,,,0,,,0,,,0,,0,0,,,0,0,0,0,0,0,,0,0,,0,,0,,0,,,,,0,,,,,
36980,OWENSBORO,2025,TRUE,three_year_total,"2023,2024,2025",TRUE,TRUE,26,12,10,0,,,,0,0,75.0,25.0,0.0,0.0,,,,,,10,11,71,,,0,,,0,,,0,0,0,0,,,,0,0,0,0,0,,0,0,,0,,0,,,,,0,,,,,,,
37100,OXNARD-THOUSAND OAKS-VENTURA,2018,TRUE,three_year_total,2018,TRUE,TRUE,21,44,34,,,31,12,,0,70.5,27.3,2.3,0.0,,,,,,44,43,62,,20,,,,,0,20,,,,0,0,37,0,,0,0,0,0,,0,16,20,0,,0,16,,19,,,15,10,,,,,0
37100,OXNARD-THOUSAND OAKS-VENTURA,2019,TRUE,three_year_total,"2018,2019",TRUE,TRUE,16,79,63,12,,54,24,,0,68.4,30.4,1.3,0.0,,,,,,79,78,123,,38,14,,14,,,38,10,,,0,0,60,0,,0,,0,,16,0,23,37,,16,0,24,13,34,,,30,19,13,13,,,0
37100,OXNARD-THOUSAND OAKS-VENTURA,2020,TRUE,three_year_total,"2018,2019,2020",TRUE,TRUE,16,118,99,13,,77,35,,0,65.3,29.7,5.1,0.0,,,,,,118,117,164,,53,22,11,21,,,53,15,,,,,93,0,,0,,0,,20,0,33,60,,19,0,41,14,52,11,,47,32,19,15,,,0
37100,OXNARD-THOUSAND OAKS-VENTURA,2021,TRUE,three_year_total,"2019,2020,2021",TRUE,TRUE,16,120,108,,,76,37,,0,63.3,30.8,5.8,0.0,,,,,,120,120,177,,54,25,,23,,,54,17,,0,,,87,0,,0,,0,,27,0,32,59,,21,0,41,15,51,13,,50,35,19,12,,0,0
37100,OXNARD-THOUSAND OAKS-VENTURA,2022,TRUE,three_year_total,"2020,2021,2022",TRUE,TRUE,16,113,104,,,72,34,,0,63.7,30.1,6.2,0.0,,,,,,112,113,151,0,53,25,,20,,,50,19,,0,,,86,0,,0,0,0,,23,0,39,50,,18,0,43,15,46,,,40,35,19,11,,,0
37100,OXNARD-THOUSAND OAKS-VENTURA,2023,TRUE,three_year_total,"2021,2022,2023",TRUE,TRUE,14,99,88,10,,60,35,,0,60.6,35.4,4.0,0.0,,,,,,98,98,143,0,46,19,11,19,,,41,16,,0,0,,67,0,,,0,0,,27,0,36,36,,23,0,33,17,43,,,32,27,19,11,,,0
37100,OXNARD-THOUSAND OAKS-VENTURA,2024,TRUE,three_year_total,"2022,2023,2024",TRUE,TRUE,15,90,76,10,,61,26,,0,67.8,28.9,3.3,0.0,,,,,,84,89,102,0,43,14,17,11,,,38,11,10,0,0,,61,0,,,0,0,,24,0,35,27,,25,0,32,14,37,,,26,27,12,,,,
37100,OXNARD-THOUSAND OAKS-VENTURA,2025,TRUE,three_year_total,"2023,2024,2025",TRUE,TRUE,14,95,75,13,,66,23,,0,69.5,24.2,6.3,0.0,,,,,,88,94,109,,42,17,18,11,,,39,14,11,0,0,,59,0,,,0,0,,30,0,35,29,,28,0,32,10,42,11,,29,25,13,10,,,
37140,PADUCAH,2024,TRUE,three_year_total,2024,TRUE,TRUE,25,10,10,0,0,,,0,0,90.0,10.0,0.0,0.0,,,,,,,,26,0,,,0,,0,,,,0,0,0,,,0,0,0,0,0,,,0,0,,0,,0,,,,,0,,0,,,,,0
37140,PADUCAH,2025,TRUE,three_year_total,"2024,2025",TRUE,TRUE,22,17,17,0,0,15,,0,0,88.2,11.8,0.0,0.0,,,,,,16,11,68,0,,,0,,,13,,,0,0,0,13,14,,0,0,0,0,,,0,0,15,0,,0,,,,,,,,,,,,0
37340,PALM BAY-MELBOURNE-TITUSVILLE,2018,TRUE,three_year_total,2018,TRUE,TRUE,27,19,15,,,10,,,0,52.6,31.6,15.8,0.0,,,,,,19,19,36,,,,,,,,,,0,0,0,,14,,0,0,0,0,0,,0,0,16,0,,0,12,,,,,,,,,,,0
37340,PALM BAY-MELBOURNE-TITUSVILLE,2019,TRUE,three_year_total,"2018,2019",TRUE,TRUE,25,36,30,,,16,15,,0,44.4,41.7,13.9,0.0,,,,,,36,36,68,,11,,,,,,10,,0,0,0,,28,,0,0,0,0,,,0,,27,,,0,20,,10,,,,,10,,,,0
37340,PALM BAY-MELBOURNE-TITUSVILLE,2020,TRUE,three_year_total,"2018,2019,2020",TRUE,TRUE,22,58,45,,,27,21,10,0,46.6,36.2,17.2,0.0,,,,,,58,58,105,,20,,,13,,,19,,0,0,0,,42,,,0,0,0,,,0,,44,,,0,31,,13,,,16,11,13,,,,0
37340,PALM BAY-MELBOURNE-TITUSVILLE,2021,TRUE,three_year_total,"2019,2020,2021",TRUE,TRUE,20,61,50,,,26,21,14,0,42.6,34.4,23.0,0.0,,,,,,61,61,119,0,20,,,16,,,19,,0,0,0,,40,,,0,0,0,,13,0,,39,,13,0,35,,11,,,23,13,,,,,0
37340,PALM BAY-MELBOURNE-TITUSVILLE,2022,TRUE,three_year_total,"2020,2021,2022",TRUE,TRUE,20,60,48,,,30,17,13,0,50.0,28.3,21.7,0.0,,,,,,60,60,132,0,21,,,17,,,21,,0,0,0,,37,,,0,0,0,0,15,0,,39,,14,0,34,,,,,22,13,,,,,0
37340,PALM BAY-MELBOURNE-TITUSVILLE,2023,TRUE,three_year_total,"2021,2022,2023",TRUE,TRUE,20,60,51,,,31,18,11,0,51.7,30.0,18.3,0.0,,,,,,60,60,127,0,20,11,,17,,,20,,,0,0,,36,,,0,0,0,,16,0,,37,,16,0,35,,10,,,25,12,,,,,0
37340,PALM BAY-MELBOURNE-TITUSVILLE,2024,TRUE,three_year_total,"2022,2023,2024",TRUE,TRUE,22,57,46,,,33,15,,0,57.9,26.3,15.8,0.0,,,,,,57,56,106,0,18,,,14,,,18,,,0,0,,34,,,0,0,0,,11,0,,40,,11,0,34,,12,,,25,,12,,,,0
37340,PALM BAY-MELBOURNE-TITUSVILLE,2025,TRUE,three_year_total,"2023,2024,2025",TRUE,TRUE,17,63,48,,,36,13,14,0,57.1,20.6,22.2,0.0,,,,,,63,61,103,,15,10,12,11,13,,15,,11,0,0,,39,11,,0,0,0,,10,0,,47,,10,0,38,,12,,,24,,15,,,,0
37460,PANAMA CITY-PANAMA CITY BEACH,2018,TRUE,three_year_total,2018,TRUE,TRUE,26,14,,,0,,,,0,21.4,57.1,21.4,0.0,,,,,,14,14,23,,,,0,,,,,0,0,0,0,,12,0,0,0,0,0,0,,0,,10,0,,0,,,,,,,,,,,0,0
37460,PANAMA CITY-PANAMA CITY BEACH,2019,TRUE,three_year_total,"2018,2019",TRUE,TRUE,27,25,18,,,,14,,0,28.0,56.0,16.0,0.0,,,,,,25,25,55,,,,,,,,,0,0,0,0,,21,,0,,0,0,0,,0,,19,0,,0,10,,,,,,,,,,0,0
37460,PANAMA CITY-PANAMA CITY BEACH,2020,TRUE,three_year_total,"2018,2019,2020",TRUE,TRUE,26,38,28,,,,21,,0,23.7,55.3,21.1,0.0,,,,,,38,38,82,,,,,14,,,,,0,0,0,,30,,0,,0,0,,,0,,28,,,0,15,11,,,,12,10,,,,0,0
37460,PANAMA CITY-PANAMA CITY BEACH,2021,TRUE,three_year_total,"2019,2020,2021",TRUE,TRUE,23,43,32,,,12,18,13,0,27.9,41.9,30.2,0.0,,,,,,43,43,112,0,10,,,12,15,,10,,0,0,0,,30,,,,,0,,,0,,31,,,0,23,,,,,16,14,,,,0,0
37460,PANAMA CITY-PANAMA CITY BEACH,2022,TRUE,three_year_total,"2020,2021,2022",TRUE,TRUE,21,48,33,,,11,19,18,0,22.9,39.6,37.5,0.0,,,,,,48,48,145,0,,,,14,19,,,,0,0,0,0,31,,,0,,0,,,0,,35,,,0,26,12,,,,24,12,,0,,0,0
37460,PANAMA CITY-PANAMA CITY BEACH,2023,TRUE,three_year_total,"2021,2022,2023",TRUE,TRUE,21,50,36,,,18,15,17,0,36.0,30.0,34.0,0.0,,,,,,50,50,146,0,13,,,12,18,,13,,0,0,0,0,34,,,0,,0,,,0,,37,,,0,27,13,,,,25,10,,,,,0
37460,PANAMA CITY-PANAMA CITY BEACH,2024,TRUE,three_year_total,"2022,2023,2024",TRUE,TRUE,21,63,50,,,32,17,14,0,50.8,27.0,22.2,0.0,,,,,,62,62,145,0,14,,,14,12,,13,,,0,,,46,,,0,0,0,,,0,,45,,10,0,27,14,17,,,28,,16,,,,0
37460,PANAMA CITY-PANAMA CITY BEACH,2025,TRUE,three_year_total,"2023,2024,2025",TRUE,TRUE,22,66,54,,,39,12,15,0,59.1,18.2,22.7,0.0,,,,,,65,65,109,,21,,12,11,,,19,,,0,,,47,,,0,0,,,10,0,,44,,14,0,26,12,20,,,21,,19,,,,0
37620,PARKERSBURG-VIENNA,2018,TRUE,three_year_total,2018,TRUE,TRUE,20,14,12,,0,13,,0,0,92.9,7.1,0.0,0.0,,,,,,14,,10,0,,,,0,0,,,,,0,0,,14,0,0,0,0,0,0,0,0,0,14,0,0,0,,,,,0,,,,,,0,0
37620,PARKERSBURG-VIENNA,2019,TRUE,three_year_total,"2018,2019",TRUE,TRUE,20,28,26,,0,23,,,0,82.1,14.3,3.6,0.0,,,,,,28,10,23,0,,,,,,18,,,,0,0,18,28,0,0,0,0,0,0,0,0,0,27,,0,0,11,,10,,0,,,,,,,0
37620,PARKERSBURG-VIENNA,2020,TRUE,three_year_total,"2018,2019,2020",TRUE,TRUE,18,36,34,,0,30,,,0,83.3,13.9,2.8,0.0,,,,,,36,11,29,0,,,,,,25,,,,0,0,25,36,0,0,0,0,0,0,0,0,0,35,,0,0,12,,15,,0,,11,10,,,,0
37620,PARKERSBURG-VIENNA,2021,TRUE,three_year_total,"2019,2020,2021",TRUE,TRUE,15,31,28,,0,22,,,0,71.0,25.8,3.2,0.0,,,,,,31,,31,0,0,0,0,,,22,0,0,0,0,0,22,31,0,0,0,0,0,0,0,0,0,30,,0,0,,,15,0,,,11,,,,,0
37620,PARKERSBURG-VIENNA,2022,TRUE,three_year_total,"2020,2021,2022",TRUE,TRUE,18,25,22,,0,19,,,0,76.0,20.0,4.0,0.0,,,,,,25,,31,0,,0,0,,,17,,0,0,0,0,17,24,0,,0,0,0,0,0,0,0,25,0,0,0,,,13,0,,,,,,,,0
37620,PARKERSBURG-VIENNA,2023,TRUE,three_year_total,"2021,2022,2023",TRUE,TRUE,23,24,21,,0,18,,,0,75.0,20.8,4.2,0.0,,,,,,24,,39,0,,0,,,,16,,0,0,0,0,16,21,,,0,0,0,0,,0,0,23,0,,0,,,11,,,,,,,,,0
37620,PARKERSBURG-VIENNA,2024,TRUE,three_year_total,"2022,2023,2024",TRUE,TRUE,23,21,20,,0,17,,,0,81.0,14.3,4.8,0.0,,,,,,21,,42,0,,0,,,,14,,0,0,0,0,14,18,,,0,0,0,0,,0,,19,0,,0,,,10,,,,,,,,0,0
37620,PARKERSBURG-VIENNA,2025,TRUE,three_year_total,"2023,2024,2025",TRUE,TRUE,23,22,20,,0,18,,0,0,81.8,18.2,0.0,0.0,,,,,,21,,42,0,,0,,,,17,,0,0,0,0,17,19,,0,0,0,0,0,,0,,19,0,,0,,,,,,,,,,,,0
37860,PENSACOLA-FERRY PASS-BRENT,2018,TRUE,three_year_total,2018,TRUE,TRUE,29,13,,,,,,,0,15.4,23.1,61.5,0.0,,,,,,13,13,53,,,0,,,,,,0,,0,0,0,,0,,0,0,0,0,,0,,,0,,0,,,,,,,,,,0,0,0
37860,PENSACOLA-FERRY PASS-BRENT,2019,TRUE,three_year_total,"2018,2019",TRUE,TRUE,26,41,29,,,10,10,21,0,24.4,24.4,51.2,0.0,,,,,,41,41,102,,,,,,19,,,,,0,0,,29,,,,0,0,0,,0,,24,,,0,21,10,,,,16,,,,,0,0
37860,PENSACOLA-FERRY PASS-BRENT,2020,TRUE,three_year_total,"2018,2019,2020",TRUE,TRUE,17,71,54,,10,17,17,37,0,23.9,23.9,52.1,0.0,,,,,,71,71,148,,,,,12,34,,,,,0,0,,44,10,,,0,0,0,14,0,10,46,,14,0,38,14,12,,,33,11,10,,,0,0
37860,PENSACOLA-FERRY PASS-BRENT,2021,TRUE,three_year_total,"2019,2020,2021",TRUE,TRUE,12,88,71,,13,28,21,39,0,31.8,23.9,44.3,0.0,,,,,,87,87,180,,15,10,,13,37,12,15,,0,0,0,,56,11,,,0,0,,17,0,,59,,18,0,46,14,17,11,10,38,19,,10,,0,0
37860,PENSACOLA-FERRY PASS-BRENT,2022,TRUE,three_year_total,"2020,2021,2022",TRUE,TRUE,16,87,72,,11,24,30,33,0,27.6,34.5,37.9,0.0,,,,,,86,86,231,,15,,,21,30,12,14,,0,0,0,,46,12,,,0,0,,25,0,,57,,23,0,47,,16,15,,41,20,,,,0,0
37860,PENSACOLA-FERRY PASS-BRENT,2023,TRUE,three_year_total,"2021,2022,2023",TRUE,TRUE,19,86,71,,,29,31,26,0,33.7,36.0,30.2,0.0,,,,,,85,85,236,,15,12,,22,22,11,14,,,0,0,,46,,,0,,,,25,0,,57,,22,0,47,,18,12,,35,21,,,,0,0
37860,PENSACOLA-FERRY PASS-BRENT,2024,TRUE,three_year_total,"2022,2023,2024",TRUE,TRUE,20,97,85,,,31,35,31,0,32.0,36.1,32.0,0.0,,,,,,96,97,206,,14,10,,25,32,,13,,,0,,,51,10,,0,,,,27,0,,62,,25,0,57,13,18,,10,46,22,,,,,0
37860,PENSACOLA-FERRY PASS-BRENT,2025,TRUE,single_year,2025,TRUE,TRUE,19,53,30,11,12,28,,18,0,52.8,13.2,34.0,0.0,137000,101000,201000,385000,6.625,52,53,62,,10,,11,,14,,,,11,0,,,34,,0,0,0,0,,,0,,41,,,0,29,10,13,,,17,16,11,,,0,0
37900,PEORIA,2018,TRUE,three_year_total,2018,TRUE,TRUE,24,23,23,0,0,13,,,0,56.5,39.1,4.3,0.0,,,,,,23,20,58,0,,,0,,,,,,0,0,,,18,,,0,0,0,,0,0,0,22,,0,0,13,,,,,,,,,,0,0
37900,PEORIA,2019,TRUE,three_year_total,"2018,2019",TRUE,TRUE,22,45,43,,0,27,16,,0,60.0,35.6,4.4,0.0,,,,,,44,38,142,,13,,0,14,,,13,,0,0,,,34,,,0,0,0,,,0,0,40,,,0,22,,12,,,13,10,,,,0,
37900,PEORIA,2020,TRUE,three_year_total,"2018,2019,2020",TRUE,TRUE,22,75,69,,,43,30,,0,57.3,40.0,2.7,0.0,,,,,,74,67,245,,21,12,,25,,,21,10,,0,,,56,11,,0,0,0,,,0,,67,,,0,35,13,22,,,25,14,12,,,,
37900,PEORIA,2021,TRUE,three_year_total,"2019,2020,2021",TRUE,TRUE,16,87,78,,,46,35,,0,52.9,40.2,6.9,0.0,,,,,,85,78,328,,20,13,,25,12,11,20,11,,0,,,65,,0,0,0,0,0,13,0,,71,,13,0,40,18,21,,,33,15,10,,10,,
37900,PEORIA,2022,TRUE,three_year_total,"2020,2021,2022",TRUE,TRUE,18,99,90,,,50,40,,0,50.5,40.4,9.1,0.0,,,,,,98,92,360,,19,16,,29,18,,19,15,,,,,71,12,,,0,0,,12,0,,82,,13,0,46,21,25,,16,31,16,17,12,,,0
37900,PEORIA,2023,TRUE,three_year_total,"2021,2022,2023",TRUE,TRUE,16,96,88,,,51,35,10,0,53.1,36.5,10.4,0.0,,,,,,95,88,359,,20,16,,24,20,11,19,15,,,,,64,13,,,0,0,,13,0,,77,,13,0,49,19,21,,19,29,17,13,12,,,0
37900,PEORIA,2024,TRUE,three_year_total,"2022,2023,2024",TRUE,TRUE,15,91,80,,,57,24,10,0,62.6,26.4,11.0,0.0,,,,,,90,84,320,,21,15,10,18,17,10,20,15,10,,,,56,13,,,0,0,,15,0,,72,,14,0,45,17,21,,16,23,21,11,14,,,
37900,PEORIA,2025,TRUE,three_year_total,"2023,2024,2025",TRUE,TRUE,17,89,78,,,60,21,,0,67.4,23.6,9.0,0.0,,,,,,88,78,276,,22,,15,16,13,14,21,,15,0,,11,59,12,,0,0,0,,14,0,,70,,12,0,40,20,22,,,27,25,,11,,,
37964,PHILADELPHIA,2018,TRUE,single_year,2018,FALSE,TRUE,7,568,447,97,24,213,332,23,0,37.5,58.5,4.0,0.0,64500,48000,88000,185000,4.75,566,549,693,20,106,58,58,227,87,32,101,47,31,,13,18,236,214,44,,,0,,68,0,42,463,,59,0,307,166,55,40,46,292,125,59,30,12,,
37964,PHILADELPHIA,2019,TRUE,single_year,2019,FALSE,TRUE,7,662,514,116,32,260,379,23,0,39.3,57.3,3.5,0.0,64000,49000,94000,205000,4.25,659,652,725,11,117,70,79,271,95,30,113,54,62,,13,13,260,243,52,0,,,,100,0,60,506,,92,0,342,214,62,44,54,344,144,64,36,16,,
37964,PHILADELPHIA,2020,TRUE,single_year,2020,FALSE,TRUE,8,679,529,112,38,227,419,33,0,33.4,61.7,4.9,0.0,70000,53000,96000,235000,3.125,674,674,578,30,113,68,55,314,104,25,111,55,38,,14,,222,278,62,,0,,,108,0,60,510,,107,0,375,213,52,39,61,370,146,56,27,10,,
37964,PHILADELPHIA,2021,TRUE,single_year,2021,FALSE,TRUE,6,931,725,165,41,333,553,45,0,35.8,59.4,4.8,0.0,71000,54000,101000,265000,2.999,930,928,904,25,175,132,62,407,112,43,170,103,25,,21,,310,349,93,,,,10,157,0,81,686,11,153,0,496,304,74,57,83,477,216,89,50,13,,0
37964,PHILADELPHIA,2022,TRUE,single_year,2022,FALSE,TRUE,8,724,568,126,30,253,431,40,0,34.9,59.5,5.5,0.0,80000,62000,112000,285000,4.75,719,720,845,18,133,89,76,291,112,23,126,64,35,,21,,225,268,68,,,,,144,0,77,518,,123,0,362,244,64,54,69,367,179,63,28,14,,0
37964,PHILADELPHIA,2023,TRUE,single_year,2023,FALSE,TRUE,6,618,479,110,29,220,365,33,0,35.6,59.1,5.3,0.0,89000,70000,121000,285000,6.5,614,616,565,17,103,73,78,239,112,13,103,50,41,,19,,192,244,49,,0,,,120,0,72,439,,101,0,324,204,56,34,59,309,151,62,23,14,0,0
37964,PHILADELPHIA,2024,TRUE,single_year,2024,FALSE,TRUE,6,686,525,133,28,367,282,37,0,53.5,41.1,5.4,0.0,95000,73000,135000,305000,6.625,685,685,605,27,81,91,169,174,157,14,78,77,146,,56,,201,270,65,,0,,,136,0,86,458,10,132,0,363,206,77,40,65,314,178,91,25,10,,0
37964,PHILADELPHIA,2025,TRUE,single_year,2025,FALSE,TRUE,8,625,479,112,34,322,263,40,0,51.5,42.1,6.4,0.0,99000,77000,137000,315000,6.5,621,620,720,25,97,68,154,132,148,26,90,53,137,,30,10,182,223,69,,,,,133,,80,434,,105,0,321,195,72,37,58,259,173,78,42,13,,0
38060,PHOENIX-MESA-CHANDLER,2018,TRUE,single_year,2018,TRUE,TRUE,13,141,79,31,31,62,68,11,0,44.0,48.2,7.8,0.0,66500,46000,95000,235000,4.75,136,138,362,,40,11,17,38,25,10,39,,,0,,,98,13,,0,,0,,23,0,37,79,,22,0,67,36,29,,10,51,26,21,,17,,
38060,PHOENIX-MESA-CHANDLER,2019,TRUE,single_year,2019,FALSE,TRUE,9,150,94,19,37,74,60,16,0,49.3,40.0,10.7,0.0,72000,52500,94750,295000,4.25,144,148,332,16,46,16,14,50,19,,46,12,12,0,,,110,11,,0,0,0,,26,0,32,90,,22,0,66,35,33,16,,59,31,17,13,16,,
38060,PHOENIX-MESA-CHANDLER,2020,TRUE,single_year,2020,FALSE,TRUE,12,174,88,42,44,70,84,20,0,40.2,48.3,11.5,0.0,79000,58000,115000,345000,3.125,169,172,363,15,47,19,15,64,24,,45,12,,,,,112,15,10,,,0,,33,0,35,105,,31,,85,37,42,10,10,69,39,24,12,11,,
38060,PHOENIX-MESA-CHANDLER,2021,TRUE,single_year,2021,FALSE,TRUE,11,158,96,29,33,70,67,21,0,44.3,42.4,13.3,0.0,87500,62750,125000,415000,3.048,152,153,418,11,52,18,,51,21,,51,13,,0,0,,104,14,,0,,0,,30,0,47,72,,35,0,75,32,35,16,15,69,32,16,15,,,
38060,PHOENIX-MESA-CHANDLER,2022,TRUE,single_year,2022,TRUE,TRUE,19,122,82,21,19,70,44,,0,57.4,36.1,6.6,0.0,99000,78500,142000,455000,4.625,115,120,344,,50,18,,37,,,48,16,,,,,73,,,,,0,,34,0,26,65,,29,0,57,18,27,20,11,47,27,19,,,,
38060,PHOENIX-MESA-CHANDLER,2023,TRUE,single_year,2023,TRUE,TRUE,13,113,74,20,19,60,39,14,0,53.1,34.5,12.4,0.0,121500,91250,179750,515000,6.625,106,109,134,,42,14,12,31,,,41,11,,0,0,,59,12,,0,0,0,,36,0,18,59,,35,0,47,17,31,18,14,41,25,,,,,
38060,PHOENIX-MESA-CHANDLER,2024,TRUE,single_year,2024,TRUE,TRUE,11,146,92,28,26,106,26,14,0,72.6,17.8,9.6,0.0,133000,90250,205500,515000,6.875,138,143,185,,49,17,44,20,11,,48,14,39,0,,,90,15,,,0,0,,35,0,44,65,,33,0,69,25,33,19,11,48,30,24,15,,,
38060,PHOENIX-MESA-CHANDLER,2025,TRUE,single_year,2025,TRUE,TRUE,13,123,78,22,23,73,38,12,0,59.3,30.9,9.8,0.0,126500,92750,174250,515000,6.25,122,118,193,,14,19,45,25,15,,14,14,38,0,,,80,,,,0,0,,25,0,49,52,,19,0,80,13,22,,21,43,33,13,,,,0
38220,PINE BLUFF,2018,TRUE,three_year_total,2018,TRUE,TRUE,10,,,0,0,0,0,,0,0.0,0.0,100.0,0.0,,,,,,,,18,0,0,,0,0,0,0,0,0,0,0,0,0,0,,0,0,0,0,0,0,0,0,,0,0,0,,0,0,0,0,0,,0,0,0,0,0
38220,PINE BLUFF,2019,TRUE,three_year_total,"2018,2019",TRUE,TRUE,17,,,0,0,,0,,0,33.3,0.0,66.7,0.0,,,,,,,,26,0,0,,0,0,,,0,0,0,0,0,,,,0,0,0,0,0,0,0,0,,0,0,0,,0,0,0,,0,,0,,0,0,0
38220,PINE BLUFF,2020,TRUE,three_year_total,"2018,2019,2020",TRUE,TRUE,20,,,0,0,,,,0,25.0,25.0,50.0,0.0,,,,,,,,37,0,0,,0,,,,0,0,0,0,0,,,,0,0,0,0,0,0,0,0,,0,0,0,,0,0,0,,0,,0,,0,,0
38220,PINE BLUFF,2021,TRUE,three_year_total,"2019,2020,2021",TRUE,TRUE,18,,,0,0,,,,0,33.3,33.3,33.3,0.0,,,,,,,,30,0,0,0,0,,,,0,0,0,0,0,,,,0,0,0,0,0,0,0,0,,0,0,0,,0,0,0,,0,0,0,,0,,0
38220,PINE BLUFF,2022,TRUE,three_year_total,"2020,2021,2022",TRUE,TRUE,16,,,0,0,,,0,0,50.0,50.0,0.0,0.0,,,,,,,,34,0,0,0,0,,0,,0,0,0,0,0,,,,0,0,0,0,0,0,0,0,,0,0,0,,0,,0,0,0,0,,0,0,,0
38220,PINE BLUFF,2023,TRUE,three_year_total,"2021,2022,2023",TRUE,TRUE,25,,,0,,,,,0,66.7,16.7,16.7,0.0,,,,,,,,34,0,,0,0,,,,,0,0,0,0,,,,0,0,0,0,0,0,0,0,,0,0,0,,,,0,,,0,,,,0,0
38240,PINEHURST-SOUTHERN PINES,2024,TRUE,three_year_total,2024,TRUE,TRUE,12,,,0,0,,0,0,0,100.0,0.0,0.0,0.0,,,,,,,,,0,0,0,0,0,0,,0,0,0,0,0,,,0,0,0,0,0,0,0,0,0,0,0,,0,,0,0,0,0,0,0,,0,0,0,0
38240,PINEHURST-SOUTHERN PINES,2025,TRUE,three_year_total,"2024,2025",TRUE,TRUE,22,,,,0,,0,,0,75.0,0.0,25.0,0.0,,,,,,,,11,0,,0,0,0,,,,0,0,0,0,,,0,0,0,0,0,0,,0,,,0,,0,,0,,0,0,,,,0,0,0,0
38300,PITTSBURGH,2018,TRUE,single_year,2018,TRUE,TRUE,11,326,273,43,10,152,158,16,0,46.6,48.5,4.9,0.0,60000,43000,89750,135000,4.5,322,309,437,,96,35,16,131,23,25,94,29,11,,,16,249,22,,,0,0,,45,0,,270,,50,0,175,66,47,38,37,141,63,40,28,,,
38300,PITTSBURGH,2019,TRUE,single_year,2019,TRUE,TRUE,8,318,262,41,15,185,108,25,0,58.2,34.0,7.9,0.0,69000,45000,108250,145000,4.125,316,296,529,,104,41,25,92,28,28,104,35,20,,,23,246,25,,,0,0,0,40,0,,274,,38,0,161,62,74,21,33,144,47,38,32,21,,0
38300,PITTSBURGH,2020,TRUE,single_year,2020,FALSE,TRUE,6,365,316,37,12,208,138,19,0,57.0,37.8,5.2,0.0,67000,47000,100250,165000,3.25,356,353,473,11,120,59,27,115,23,21,118,52,19,,,15,276,28,12,0,0,,,45,0,10,305,,46,0,192,78,73,22,42,175,61,42,24,16,,0
38300,PITTSBURGH,2021,TRUE,single_year,2021,TRUE,TRUE,12,435,362,57,16,231,173,31,0,53.1,39.8,7.1,0.0,71000,49000,107750,185000,3,430,421,671,,136,73,14,152,40,20,134,71,,,,14,310,37,16,,0,,,63,,10,359,,63,,233,79,90,33,47,202,89,46,28,16,,
38300,PITTSBURGH,2022,TRUE,single_year,2022,TRUE,TRUE,8,364,299,51,14,198,158,,0,54.4,43.4,2.2,0.0,77000,55000,113000,215000,4.625,361,351,646,15,100,65,21,144,18,16,99,58,16,,,15,248,39,18,0,0,,,50,0,,300,,52,0,182,79,84,19,46,163,74,35,34,11,,0
38300,PITTSBURGH,2023,TRUE,single_year,2023,TRUE,TRUE,9,304,260,34,10,171,116,17,0,56.2,38.2,5.6,0.0,86000,62750,127250,210000,6.625,300,289,478,,93,30,32,96,32,21,92,25,29,,,16,198,42,10,,0,,,48,0,12,244,,47,0,158,72,52,22,44,133,66,27,14,12,,
38300,PITTSBURGH,2024,TRUE,single_year,2024,TRUE,TRUE,5,357,298,47,12,274,66,17,0,76.8,18.5,4.8,0.0,92000,64750,129250,225000,6.75,352,339,521,,101,44,104,50,30,28,99,41,100,0,11,23,259,38,13,,0,0,,41,0,14,296,,41,0,200,65,77,15,44,154,74,37,29,14,,0
38300,PITTSBURGH,2025,TRUE,single_year,2025,FALSE,TRUE,6,337,284,34,19,237,80,20,0,70.3,23.7,5.9,0.0,88000,62000,138000,225000,6.75,333,318,562,12,96,29,90,59,37,26,95,24,85,0,12,21,241,43,14,,,,,33,0,15,282,,35,0,176,72,73,16,44,128,74,39,32,17,,0
38340,PITTSFIELD,2018,TRUE,single_year,2018,TRUE,TRUE,19,95,85,,,67,24,,0,70.5,25.3,4.2,0.0,54000,39000,83500,145000,4.375,95,86,58,0,20,17,12,29,,10,20,16,12,,,,80,,,,0,,,,0,14,73,,,0,38,24,32,,,39,18,13,11,,,0
38340,PITTSFIELD,2019,TRUE,single_year,2019,TRUE,TRUE,12,100,87,10,,84,14,,0,84.0,14.0,2.0,0.0,58000,43500,75000,135000,3.875,99,87,74,0,22,17,17,26,,13,22,17,16,13,,13,83,,,0,,0,,10,0,17,73,0,10,0,39,30,26,,,32,17,24,14,,,0
38340,PITTSFIELD,2020,TRUE,single_year,2020,TRUE,TRUE,11,102,87,11,,75,27,0,0,73.5,26.5,0.0,0.0,56000,42000,86500,155000,3.375,102,97,58,0,20,18,28,24,,,20,18,27,,,,82,,0,0,0,0,,14,0,10,76,,13,0,46,27,21,,11,25,27,14,12,11,,0
38340,PITTSFIELD,2021,TRUE,single_year,2021,TRUE,TRUE,15,125,108,12,,92,30,,0,73.6,24.0,2.4,0.0,56000,41000,76000,175000,3.125,123,120,87,0,30,22,27,34,,,30,21,25,,,,97,,,0,0,0,,19,0,25,84,,12,0,61,35,26,,,39,36,22,12,,,0
38340,PITTSFIELD,2022,TRUE,single_year,2022,TRUE,TRUE,11,146,126,15,,108,32,,0,74.0,21.9,4.1,0.0,61000,49000,88000,180000,3.625,146,141,93,,38,28,22,39,11,,38,27,20,11,,,101,11,0,,0,0,,28,0,32,90,,22,0,56,42,35,13,,51,45,22,19,,0,0
38340,PITTSFIELD,2023,TRUE,single_year,2023,TRUE,TRUE,16,93,78,11,,72,15,,0,77.4,16.1,6.5,0.0,74000,55500,104500,205000,6.125,92,90,80,,22,21,13,15,16,,21,21,10,,11,,57,13,,,,,,16,0,29,56,,,0,47,23,22,,10,25,23,17,15,,,0
38340,PITTSFIELD,2024,TRUE,single_year,2024,TRUE,TRUE,15,102,83,13,,75,24,,0,73.5,23.5,2.9,0.0,83000,65250,112500,245000,6.625,102,99,61,,18,25,20,19,15,,17,24,19,,,,61,12,,,0,0,,21,0,37,55,,,0,38,29,31,,11,33,25,15,10,,,0
38340,PITTSFIELD,2025,TRUE,single_year,2025,TRUE,TRUE,13,92,74,10,,64,27,,0,69.6,29.3,1.1,0.0,92000,76000,115500,270000,6.5,92,87,71,,18,13,17,19,20,,18,11,16,,12,,66,13,0,0,0,,,11,0,26,56,,,0,47,19,24,,10,28,25,13,10,,,0
38540,POCATELLO,2018,TRUE,three_year_total,2018,TRUE,TRUE,22,21,19,,,,13,0,0,38.1,61.9,0.0,0.0,,,,,,21,21,48,0,,,,,,0,,,,0,0,0,20,0,0,0,0,0,0,,0,0,20,0,,0,11,,,,,,,,,0,,0
38540,POCATELLO,2019,TRUE,three_year_total,"2018,2019",TRUE,TRUE,18,48,44,,,24,24,0,0,50.0,50.0,0.0,0.0,,,,,,48,48,117,,12,,,18,,0,11,,,,0,0,45,0,,0,0,0,0,,0,,44,0,,0,24,,17,,13,16,10,,,0,,0
38540,POCATELLO,2020,TRUE,three_year_total,"2018,2019,2020",TRUE,TRUE,19,67,57,,,31,33,,0,46.3,49.3,4.5,0.0,,,,,,67,67,175,,15,10,,25,,,14,,,,0,0,61,,,0,0,0,0,,0,,58,0,,0,30,10,24,,17,23,14,,,0,,0
38540,POCATELLO,2021,TRUE,three_year_total,"2019,2020,2021",TRUE,TRUE,20,69,56,,,32,32,,0,46.4,46.4,7.2,0.0,,,,,,68,69,216,,16,,,28,,,16,,,,0,,62,,,0,0,0,0,,0,,58,0,,0,33,14,20,,22,24,13,,,0,0,0
38540,POCATELLO,2022,TRUE,three_year_total,"2020,2021,2022",TRUE,TRUE,21,61,45,11,,25,29,,0,41.0,47.5,11.5,0.0,,,,,,60,61,183,,12,,,27,,,12,,,,,,52,,0,0,0,0,0,,0,,48,,,0,29,13,17,,14,25,,10,,,0,0
38540,POCATELLO,2023,TRUE,three_year_total,"2021,2022,2023",TRUE,TRUE,22,60,47,10,,24,30,,0,40.0,50.0,10.0,0.0,,,,,,59,60,156,,13,,,26,,,13,,,,,,53,,,0,0,0,0,,0,,49,,,0,30,11,19,0,18,24,,,,,0,0
38540,POCATELLO,2024,TRUE,three_year_total,"2022,2023,2024",TRUE,TRUE,26,55,42,,,27,23,,0,49.1,41.8,9.1,0.0,,,,,,55,54,93,,,,,19,,,,,,,,,49,,,0,0,0,,,0,,45,,,0,24,10,21,0,17,22,,,,,0,0
38540,POCATELLO,2025,TRUE,three_year_total,"2023,2024,2025",TRUE,TRUE,21,53,43,,,28,19,,0,52.8,35.8,11.3,0.0,,,,,,53,51,83,0,,,11,15,,10,,,10,0,,,49,,,0,0,0,,0,0,,43,,,0,20,,25,0,18,23,,,,,0,0
38660,PONCE,2018,TRUE,three_year_total,2018,TRUE,TRUE,22,,,,0,,,0,0,14.3,85.7,0.0,0.0,,,,,,,,,0,,,0,,,,0,,0,0,0,0,,,0,0,0,0,0,0,0,,0,0,0,0,,,0,0,0,,,,0,0,0,0
38660,PONCE,2019,TRUE,three_year_total,"2018,2019",TRUE,TRUE,16,16,14,,0,,14,0,0,12.5,87.5,0.0,0.0,,,,,,16,16,,0,,,0,,,,0,,0,0,0,0,14,,0,0,0,0,0,0,0,16,0,0,0,0,,,,0,0,,,,0,0,0,0
38660,PONCE,2020,TRUE,three_year_total,"2018,2019,2020",TRUE,TRUE,16,18,15,,0,,16,0,0,11.1,88.9,0.0,0.0,,,,,,18,18,,0,,,0,,,,0,,0,0,0,0,16,,0,0,0,0,0,0,0,18,0,0,0,0,,,,0,0,,,,0,0,0,0
38660,PONCE,2021,TRUE,three_year_total,"2019,2020,2021",TRUE,TRUE,15,27,22,,0,,26,0,0,3.7,96.3,0.0,0.0,,,,,,27,27,,0,0,,,12,,,0,,0,0,0,0,26,,0,0,0,0,0,0,0,27,0,0,0,0,14,,,0,0,,,,,0,0,0
38660,PONCE,2022,TRUE,three_year_total,"2020,2021,2022",TRUE,TRUE,16,29,22,,0,,27,0,0,6.9,93.1,0.0,0.0,,,,,,29,29,,0,0,,,18,,,0,,0,0,,0,28,,0,0,0,0,0,0,0,29,0,0,0,0,14,,,0,0,,,,,0,0,0
38660,PONCE,2023,TRUE,three_year_total,"2021,2022,2023",TRUE,TRUE,14,42,34,,,,34,,0,11.9,81.0,7.1,0.0,,,,,,42,42,,0,0,,,21,14,,0,,0,0,,0,40,,0,0,0,0,0,0,0,42,0,0,0,0,20,11,11,0,0,15,14,,,0,,0
38660,PONCE,2024,TRUE,three_year_total,"2022,2023,2024",TRUE,TRUE,15,51,41,,,,37,,0,15.7,72.5,11.8,0.0,,,,,,51,51,,0,0,,0,21,22,,0,,0,0,,0,46,,0,0,0,0,,0,0,51,0,0,0,0,21,16,14,0,,22,16,,,0,,0
38660,PONCE,2025,TRUE,three_year_total,"2023,2024,2025",TRUE,TRUE,17,65,54,,,,47,,0,13.8,72.3,13.8,0.0,,,,,,65,65,,0,,,0,20,32,,,0,0,0,,0,59,,0,0,0,0,,,0,65,0,0,0,0,31,14,20,0,,29,19,,,0,,0
38860,PORTLAND-SOUTH PORTLAND,2018,TRUE,single_year,2018,TRUE,TRUE,8,319,233,62,24,163,140,15,,51.1,43.9,4.7,0.3,73000,57000,106000,265000,4.75,317,262,213,,65,39,34,103,24,54,63,31,26,0,0,43,267,,,0,,0,0,35,0,,266,,44,0,149,69,75,26,24,129,80,49,24,10,,0
38860,PORTLAND-SOUTH PORTLAND,2019,TRUE,single_year,2019,TRUE,TRUE,11,324,231,71,22,173,137,13,,53.4,42.3,4.0,0.3,79000,59000,112000,305000,4,320,274,210,,54,43,41,109,26,51,54,38,31,0,,49,244,,,0,0,,,60,0,,256,,60,0,136,75,78,35,30,163,62,37,24,,,0
38860,PORTLAND-SOUTH PORTLAND,2020,TRUE,single_year,2020,FALSE,TRUE,7,367,272,67,28,197,159,11,0,53.7,43.3,3.0,0.0,79000,60000,111000,325000,3.125,365,332,215,25,87,51,45,136,11,37,86,47,30,0,0,34,286,16,,0,0,0,,58,0,,296,,63,0,183,86,64,34,46,170,75,33,32,,,
38860,PORTLAND-SOUTH PORTLAND,2021,TRUE,single_year,2021,FALSE,TRUE,11,438,319,94,25,230,195,13,0,52.5,44.5,3.0,0.0,91000,68000,130000,385000,3,433,406,288,25,123,72,31,161,16,35,122,60,13,,,33,322,31,,,,,,68,0,,357,,72,0,189,80,126,43,34,208,101,47,28,15,,
38860,PORTLAND-SOUTH PORTLAND,2022,TRUE,single_year,2022,FALSE,TRUE,9,333,235,70,28,186,135,12,0,55.9,40.5,3.6,0.0,106000,80000,157000,445000,4.875,329,314,216,18,111,54,27,108,12,21,110,44,12,0,,19,238,34,,,0,,,52,0,11,267,,51,0,144,64,97,28,21,153,92,34,23,,,
38860,PORTLAND-SOUTH PORTLAND,2023,TRUE,single_year,2023,TRUE,TRUE,12,219,160,44,15,116,94,,0,53.0,42.9,4.1,0.0,126000,98500,169500,465000,6.625,219,207,133,12,66,34,23,73,10,13,65,25,10,,,13,153,28,,0,0,0,,27,0,,182,,27,,85,39,76,19,16,115,48,24,,,,
38860,PORTLAND-SOUTH PORTLAND,2024,TRUE,single_year,2024,FALSE,TRUE,7,229,159,49,21,152,67,10,0,66.4,29.3,4.4,0.0,138000,109500,193500,515000,6.75,227,218,146,16,68,33,50,58,,13,68,30,43,0,0,11,153,37,,0,0,0,,31,0,,188,,29,0,96,46,74,13,15,111,58,23,15,,,0
38860,PORTLAND-SOUTH PORTLAND,2025,TRUE,single_year,2025,TRUE,TRUE,8,241,175,53,13,173,62,,0,71.8,25.7,2.5,0.0,144000,107000,199000,535000,6.625,237,219,125,14,74,36,53,48,,22,74,30,47,0,0,22,167,34,,0,0,0,,29,0,,199,,29,0,84,44,97,16,18,99,67,27,18,,,0
38900,PORTLAND-VANCOUVER-HILLSBORO,2018,TRUE,single_year,2018,TRUE,TRUE,13,232,209,13,10,151,72,,0,65.1,31.0,3.9,0.0,94000,71000,129750,395000,4.875,226,232,324,0,108,27,22,56,16,,108,25,14,0,,,171,,,,,,,37,0,22,164,,43,0,83,42,89,18,13,80,59,41,23,10,,
38900,PORTLAND-VANCOUVER-HILLSBORO,2019,TRUE,single_year,2019,TRUE,TRUE,13,213,193,13,,125,77,11,0,58.7,36.2,5.2,0.0,91500,65000,129000,395000,4.125,208,212,276,10,79,30,32,54,15,,79,25,18,0,,,146,,,,,0,,48,0,19,147,,46,0,78,47,53,35,14,87,50,29,19,,,
38900,PORTLAND-VANCOUVER-HILLSBORO,2020,TRUE,single_year,2020,TRUE,TRUE,11,330,278,20,32,154,147,28,,46.7,44.5,8.5,0.3,98000,72500,136000,445000,3,327,329,265,,102,48,40,103,29,,98,40,12,0,,,229,,18,,0,,13,57,0,33,235,,56,0,160,63,73,34,26,148,73,42,28,,,0
38900,PORTLAND-VANCOUVER-HILLSBORO,2021,TRUE,single_year,2021,FALSE,TRUE,7,414,346,36,32,253,144,17,0,61.1,34.8,4.1,0.0,108000,80000,160000,505000,3,410,414,384,12,166,83,52,96,14,,163,73,16,0,0,,291,12,24,,,0,,73,0,45,286,10,73,0,182,83,110,39,30,167,111,58,26,15,,
38900,PORTLAND-VANCOUVER-HILLSBORO,2022,TRUE,single_year,2022,TRUE,TRUE,8,293,255,20,18,195,83,15,0,66.6,28.3,5.1,0.0,119000,90500,167000,525000,4.75,287,293,277,,124,57,36,62,12,,123,52,20,0,0,0,189,12,15,,,0,10,65,0,32,200,,52,0,105,64,95,29,22,109,85,42,19,,,
38900,PORTLAND-VANCOUVER-HILLSBORO,2023,TRUE,single_year,2023,TRUE,TRUE,14,207,178,24,,129,72,,0,62.3,34.8,2.9,0.0,143000,107000,218000,535000,6.625,204,207,149,,98,30,18,49,,,97,20,10,0,,,127,,15,,0,,,46,0,28,138,,40,0,81,40,59,27,18,64,61,33,10,12,,
38900,PORTLAND-VANCOUVER-HILLSBORO,2024,TRUE,single_year,2024,TRUE,TRUE,10,265,220,19,26,190,65,10,0,71.7,24.5,3.8,0.0,144000,111500,196000,535000,6.625,259,265,157,,88,50,80,37,,,87,39,64,0,0,0,169,,17,,0,,15,54,0,46,165,,48,0,104,46,89,26,29,98,72,32,15,,,
38900,PORTLAND-VANCOUVER-HILLSBORO,2025,TRUE,single_year,2025,TRUE,TRUE,11,241,202,24,15,174,54,13,0,72.2,22.4,5.4,0.0,143000,110750,202250,525000,6.5,240,239,189,,77,46,65,35,13,,75,41,53,0,,,168,,13,,,,,38,0,38,165,,30,0,107,56,62,16,22,82,59,43,18,12,,0
38940,PORT ST. LUCIE,2018,TRUE,three_year_total,2018,TRUE,TRUE,28,19,16,,,,,,0,47.4,36.8,15.8,0.0,,,,,,19,17,24,0,,,0,,,,,,0,0,0,,14,,0,0,0,0,,,0,,17,0,,0,,,10,,,,,,,,,0
38940,PORT ST. LUCIE,2019,TRUE,three_year_total,"2018,2019",TRUE,TRUE,22,35,29,,,16,16,,0,45.7,45.7,8.6,0.0,,,,,,35,33,47,0,14,,0,15,,,14,,0,0,0,,26,,0,0,0,0,,,0,,24,0,,0,12,,15,,,,,,,,,0
38940,PORT ST. LUCIE,2020,TRUE,three_year_total,"2018,2019,2020",TRUE,TRUE,21,60,50,,,26,30,,0,43.3,50.0,6.7,0.0,,,,,,60,58,98,0,21,,,25,,,20,,,0,,,44,,0,0,0,0,,,0,11,40,,,0,28,10,19,,,11,12,,11,,,0
38940,PORT ST. LUCIE,2021,TRUE,three_year_total,"2019,2020,2021",TRUE,TRUE,16,71,60,,,31,38,,0,43.7,53.5,2.8,0.0,,,,,,71,71,129,0,22,10,,32,,,21,,,0,,0,52,,,0,0,0,0,10,0,16,43,,11,0,42,14,12,,,19,15,,13,,0,0
38940,PORT ST. LUCIE,2022,TRUE,three_year_total,"2020,2021,2022",TRUE,TRUE,15,78,67,,,40,34,,0,51.3,43.6,5.1,0.0,,,,,,78,78,161,0,27,16,,25,,,26,12,,0,,0,58,10,,0,0,0,0,,0,14,52,,11,0,45,19,12,,,23,15,10,16,,,0
38940,PORT ST. LUCIE,2023,TRUE,three_year_total,"2021,2022,2023",TRUE,TRUE,15,81,69,,,43,31,,0,53.1,38.3,8.6,0.0,,,,,,81,81,155,0,27,20,,22,,,27,13,,0,0,0,57,15,,0,0,0,0,,0,21,50,,,0,43,21,14,,,28,16,14,13,,,0
38940,PORT ST. LUCIE,2024,TRUE,three_year_total,"2022,2023,2024",TRUE,TRUE,14,71,54,,,41,24,,0,57.7,33.8,8.5,0.0,,,,,,71,71,141,0,26,16,,12,,0,26,,,0,0,0,46,12,,0,,0,0,10,0,21,37,,12,0,37,17,15,,,23,16,12,11,,,0
38940,PORT ST. LUCIE,2025,TRUE,three_year_total,"2023,2024,2025",TRUE,TRUE,16,69,52,,,39,24,,0,56.5,34.8,8.7,0.0,,,,,,69,64,129,0,15,15,13,12,,,15,,11,0,0,,44,13,,0,,0,0,,0,19,33,,10,0,36,11,20,,,24,17,12,,,,0
39100,POUGHKEEPSIE-NEWBURGH-MIDDLETOWN,2019,TRUE,single_year,2019,TRUE,TRUE,9,171,136,28,,89,71,11,0,52.0,41.5,6.4,0.0,85000,61000,111000,225000,4.25,169,159,149,,38,32,23,44,15,19,38,26,10,0,,14,113,21,,0,0,,,25,0,38,105,,23,0,94,32,33,12,12,51,53,31,16,,,0
39100,POUGHKEEPSIE-NEWBURGH-MIDDLETOWN,2020,TRUE,single_year,2020,TRUE,TRUE,11,186,155,23,,91,89,,0,48.9,47.8,3.2,0.0,79000,62000,103750,255000,3.125,186,169,143,,40,23,20,67,19,17,39,19,12,0,,17,108,25,,,0,0,,41,0,44,102,,35,0,88,53,27,18,,77,53,25,21,,,0
39100,POUGHKEEPSIE-NEWBURGH-MIDDLETOWN,2021,TRUE,single_year,2021,TRUE,TRUE,12,261,215,37,,129,119,13,0,49.4,45.6,5.0,0.0,87000,67000,123250,285000,3,260,259,206,,71,55,32,78,22,,67,40,12,,,,137,41,11,,0,,,66,0,59,144,,56,0,122,65,55,19,16,87,90,39,21,,,0
39100,POUGHKEEPSIE-NEWBURGH-MIDDLETOWN,2022,TRUE,single_year,2022,TRUE,TRUE,15,204,171,20,13,98,90,16,0,48.0,44.1,7.8,0.0,98000,72000,125750,325000,4.875,202,201,200,,45,51,26,58,19,,43,37,,,,,104,38,,,,,,43,0,55,107,,35,0,87,59,45,13,,82,57,31,24,,,0
39100,POUGHKEEPSIE-NEWBURGH-MIDDLETOWN,2023,TRUE,single_year,2023,TRUE,TRUE,16,151,127,21,,80,67,,0,53.0,44.4,2.6,0.0,109000,88000,142500,355000,6.625,151,145,145,,38,23,26,48,,,37,18,14,0,,,78,32,,,0,,,34,0,40,74,,30,,68,42,33,,12,56,43,16,18,,,0
39140,PRESCOTT,2018,TRUE,three_year_total,2018,TRUE,TRUE,24,29,25,,,16,,,0,55.2,31.0,13.8,0.0,,,,,,21,28,56,,13,,,,,,12,,0,0,0,,23,,0,0,0,0,0,,0,,22,,,0,10,,12,,,,,0,,11,,0
39150,PRESCOTT VALLEY-PRESCOTT,2019,TRUE,three_year_total,2019,TRUE,TRUE,22,24,19,,,17,,,0,70.8,16.7,12.5,0.0,,,,,,20,24,61,0,16,,0,,,,14,,0,0,0,0,20,0,,,0,0,0,,0,0,22,0,,0,,,12,,0,,,,,,,0
39150,PRESCOTT VALLEY-PRESCOTT,2020,TRUE,three_year_total,"2019,2020",TRUE,TRUE,21,47,40,,,30,11,,0,63.8,23.4,12.8,0.0,,,,,,38,47,119,,27,,,,,,25,,0,0,0,0,38,0,,,0,0,0,,0,0,37,,,0,11,10,22,,0,,,,10,,,0
39150,PRESCOTT VALLEY-PRESCOTT,2021,TRUE,three_year_total,"2019,2020,2021",TRUE,TRUE,15,77,66,,,46,20,11,0,59.7,26.0,14.3,0.0,,,,,,66,77,184,,42,,,14,,,40,,0,0,0,0,64,0,,,0,0,0,11,0,,60,,13,0,19,16,36,,,18,13,10,14,13,,0
39150,PRESCOTT VALLEY-PRESCOTT,2022,TRUE,three_year_total,"2020,2021,2022",TRUE,TRUE,15,92,79,,,60,21,11,0,65.2,22.8,12.0,0.0,,,,,,85,90,170,,53,,,14,10,,52,,0,0,0,,75,,0,0,,0,,14,0,,67,,18,0,24,20,38,10,,19,15,17,11,20,,0
39150,PRESCOTT VALLEY-PRESCOTT,2023,TRUE,three_year_total,"2021,2022,2023",TRUE,TRUE,18,90,78,,,62,20,,0,68.9,22.2,8.9,0.0,,,,,,88,88,134,,55,,,14,,,54,,0,0,0,,73,,0,,,0,,13,0,,65,,16,0,22,19,38,11,,18,12,16,12,23,,0
39150,PRESCOTT VALLEY-PRESCOTT,2024,TRUE,three_year_total,"2022,2023,2024",TRUE,TRUE,19,82,69,,,65,13,,0,79.3,15.9,4.9,0.0,,,,,,82,80,93,,53,,,10,,,52,,,0,0,,66,,0,,,0,,12,0,,57,,15,0,25,16,30,11,,12,10,15,11,23,,0
39150,PRESCOTT VALLEY-PRESCOTT,2025,TRUE,three_year_total,"2023,2024,2025",TRUE,TRUE,23,61,55,,,50,,,0,82.0,14.8,3.3,0.0,,,,,,61,61,79,,41,,,,,,41,,,0,0,0,52,0,0,,0,0,0,,0,,41,,,0,18,,28,,,10,,,12,14,,0
39300,PROVIDENCE-WARWICK,2018,TRUE,single_year,2018,FALSE,TRUE,4,2105,1302,685,118,588,1459,58,0,27.9,69.3,2.8,0.0,64000,52000,81000,245000,4.75,2097,2034,617,29,244,134,285,908,428,106,237,95,185,14,23,34,1431,346,42,10,,,23,240,0,573,1296,22,214,0,1112,534,353,106,204,859,526,297,180,31,,
39300,PROVIDENCE-WARWICK,2019,TRUE,single_year,2019,FALSE,TRUE,4,2304,1396,779,129,631,1607,66,0,27.4,69.7,2.9,0.0,67000,55000,84000,265000,4.25,2297,2262,589,156,252,156,338,977,516,65,241,99,226,12,20,33,1539,363,51,,,,34,299,0,734,1291,36,243,0,1163,577,456,108,228,968,557,344,161,38,,0
39300,PROVIDENCE-WARWICK,2020,TRUE,single_year,2020,FALSE,TRUE,2,2401,1433,839,129,587,1731,83,0,24.4,72.1,3.5,0.0,68000,57000,87000,305000,3.125,2397,2370,502,225,253,144,257,1194,461,92,243,102,169,15,28,30,1543,441,41,,10,,26,328,0,717,1390,30,264,0,1245,661,403,92,224,1122,551,292,157,44,11,0
39300,PROVIDENCE-WARWICK,2021,TRUE,single_year,2021,FALSE,TRUE,3,3047,1791,1073,183,644,2324,79,0,21.1,76.3,2.6,0.0,74000,61000,92000,355000,2.99,3040,3037,830,288,343,247,233,1754,443,27,323,160,83,21,47,10,1700,674,65,20,17,,29,535,0,903,1656,51,437,0,1469,858,540,180,260,1287,771,428,241,51,,
39300,PROVIDENCE-WARWICK,2022,TRUE,single_year,2022,FALSE,TRUE,2,2292,1465,715,112,632,1589,71,0,27.6,69.3,3.1,0.0,90000,73000,112000,405000,4.875,2287,2281,667,155,347,218,276,1001,425,25,324,135,109,18,35,11,1218,535,53,12,,10,37,421,0,665,1256,45,326,0,1035,618,523,116,162,961,604,338,181,42,,0
39300,PROVIDENCE-WARWICK,2023,TRUE,single_year,2023,FALSE,TRUE,5,1573,1003,487,83,560,956,57,0,35.6,60.8,3.6,0.0,108000,90000,131000,445000,6.625,1566,1569,476,101,271,156,321,643,138,44,247,93,175,14,20,11,865,345,31,10,,,24,288,,455,872,37,208,,716,392,401,64,131,720,399,213,83,24,,0
39300,PROVIDENCE-WARWICK,2024,TRUE,single_year,2024,FALSE,TRUE,5,1716,1037,588,91,755,908,53,0,44.0,52.9,3.1,0.0,120000,101000,147000,515000,6.5,1715,1712,496,116,230,161,435,453,424,13,216,111,324,19,80,,845,389,46,,,,26,392,0,580,829,41,266,0,791,404,440,81,140,750,420,263,111,26,,0
39300,PROVIDENCE-WARWICK,2025,TRUE,single_year,2025,FALSE,TRUE,5,1610,1049,481,80,722,830,58,0,44.8,51.6,3.6,0.0,128000,107000,153000,545000,6.5,1604,1602,584,66,200,127,399,401,467,16,187,92,318,21,97,,755,429,42,15,,,38,323,0,527,821,36,226,0,689,405,457,59,137,655,441,222,121,24,,
39340,PROVO-OREM-LEHI,2018,TRUE,single_year,2018,TRUE,TRUE,18,60,54,,,36,22,,0,60.0,36.7,3.3,0.0,73000,58750,99250,300000,4.75,60,60,138,0,18,13,10,15,,0,17,11,,0,,0,56,0,0,0,0,,0,,0,,53,,,0,23,,28,,11,33,,,,,0,
39340,PROVO-OREM-LEHI,2019,TRUE,single_year,2019,TRUE,TRUE,19,59,48,,,33,20,,0,55.9,33.9,10.2,0.0,68000,55500,98000,335000,3.875,59,57,98,,13,10,11,12,11,,12,10,,0,0,,50,0,,0,0,0,0,,0,,45,,,0,28,,18,,10,37,,,,,,0
39340,PROVO-OREM-LEHI,2020,TRUE,single_year,2020,TRUE,TRUE,21,68,62,,,35,31,,0,51.5,45.6,2.9,0.0,70000,56000,94500,350000,2.99,67,68,126,0,17,,14,26,,,17,,11,0,0,0,58,0,,,,,0,,0,,56,0,,0,34,,21,,19,36,,,,,,0
39340,PROVO-OREM-LEHI,2021,TRUE,single_year,2021,TRUE,TRUE,16,60,52,,,32,26,,0,53.3,43.3,3.3,0.0,89000,74750,138250,450000,2.969,60,60,150,0,16,15,,21,,,16,13,,0,,0,46,0,0,0,0,,,11,0,,44,,11,0,24,,25,,16,32,10,,,0,0,0
39340,PROVO-OREM-LEHI,2022,TRUE,three_year_total,"2020,2021,2022",TRUE,TRUE,15,168,148,11,,91,72,,0,54.2,42.9,3.0,0.0,,,,,,167,168,388,0,49,30,21,58,,,49,28,13,0,,0,131,0,,,,,,25,0,10,129,,24,0,75,16,61,16,45,85,20,,,,,0
39340,PROVO-OREM-LEHI,2023,TRUE,three_year_total,"2021,2022,2023",TRUE,TRUE,15,140,118,10,12,83,54,,0,59.3,38.6,2.1,0.0,,,,,,140,140,303,,47,32,12,42,,,47,29,,0,,,105,0,,,,,,24,0,10,101,,22,0,63,11,52,14,32,71,20,10,,0,,0
39340,PROVO-OREM-LEHI,2024,TRUE,single_year,2024,TRUE,TRUE,19,52,44,,,38,13,,0,73.1,25.0,1.9,0.0,144500,107000,203000,540000,6.78,52,52,42,,16,,19,,,,15,,15,0,0,,34,0,,0,0,0,,12,0,,35,,14,0,24,,20,,15,22,,,,0,0,0
39340,PROVO-OREM-LEHI,2025,TRUE,three_year_total,"2023,2024,2025",TRUE,TRUE,15,126,105,,15,90,35,,0,71.4,27.8,0.8,0.0,,,,,,125,126,129,,40,23,36,22,,,39,20,29,0,0,,96,0,,,,0,,21,0,,91,,22,0,70,,39,11,33,58,15,11,,,0,0
39380,PUEBLO,2018,TRUE,three_year_total,2018,TRUE,TRUE,25,16,12,0,,,11,,0,25.0,68.8,6.2,0.0,,,,,,16,16,51,0,,,0,,,0,,,0,0,0,0,10,,0,,0,0,0,,0,,,0,,0,,,,,,,,,,,0,0
39380,PUEBLO,2019,TRUE,three_year_total,"2018,2019",TRUE,TRUE,24,29,21,,,11,16,,0,37.9,55.2,6.9,0.0,,,,,,29,29,100,0,,,,14,,0,,,,0,0,0,18,,,,0,0,,,0,,16,0,,0,12,10,,,,12,,,,,0,0
39380,PUEBLO,2020,TRUE,three_year_total,"2018,2019,2020",TRUE,TRUE,22,42,33,,,16,22,,0,38.1,52.4,9.5,0.0,,,,,,42,42,143,0,12,,,19,,,12,,,0,0,0,26,,,,,0,,10,0,,25,0,,0,16,15,,,,16,10,,,,0,0
39380,PUEBLO,2021,TRUE,three_year_total,"2019,2020,2021",TRUE,TRUE,23,51,36,,,20,26,,0,39.2,51.0,9.8,0.0,,,,,,51,51,156,,16,,,21,,,16,,,0,0,0,35,,,,,0,,10,0,11,31,,,0,22,16,,,,25,10,,,,0,0
39380,PUEBLO,2022,TRUE,three_year_total,"2020,2021,2022",TRUE,TRUE,23,55,39,,,18,29,,0,32.7,52.7,14.5,0.0,,,,,,55,55,159,,14,,,22,,,14,,0,0,0,,41,,0,,,0,0,,0,11,36,,,0,27,15,,,,25,12,,,,,0
39380,PUEBLO,2023,TRUE,three_year_total,"2021,2022,2023",TRUE,TRUE,20,65,46,10,,22,29,14,0,33.8,44.6,21.5,0.0,,,,,,65,65,155,,19,,,21,,,18,,0,0,0,,49,,,,0,0,,10,0,12,42,,,0,31,16,13,,,24,14,,,,,0
39380,PUEBLO,2024,TRUE,three_year_total,"2022,2023,2024",TRUE,TRUE,17,71,56,,,27,28,16,0,38.0,39.4,22.5,0.0,,,,,,71,71,121,,16,,14,18,15,,14,,,0,0,,51,,,0,0,0,,14,0,17,41,,11,0,34,17,15,,10,21,20,,,,,0
39380,PUEBLO,2025,TRUE,three_year_total,"2023,2024,2025",TRUE,TRUE,13,93,74,,11,42,31,20,0,45.2,33.3,21.5,0.0,,,,,,93,93,107,,21,,22,20,20,,18,,17,0,0,0,62,,,0,0,0,,18,0,27,44,,19,0,47,23,19,,12,25,26,11,,,,0
39460,PUNTA GORDA,2018,TRUE,three_year_total,2018,TRUE,TRUE,21,12,,,0,,,,0,58.3,25.0,16.7,0.0,,,,,,12,,16,0,,,0,,,,,0,0,0,0,,12,0,0,0,0,0,0,0,0,0,12,0,0,0,,,,0,0,,0,,,,,0
39460,PUNTA GORDA,2019,TRUE,three_year_total,"2018,2019",TRUE,TRUE,24,24,17,,,11,10,,0,45.8,41.7,12.5,0.0,,,,,,24,16,45,0,,,,,,,,,0,0,0,,23,0,0,0,0,0,0,,0,0,23,0,,0,12,,,,,,,,,,,0
39460,PUNTA GORDA,2020,TRUE,three_year_total,"2018,2019,2020",TRUE,TRUE,25,34,27,,,14,15,,0,41.2,44.1,14.7,0.0,,,,,,34,26,73,0,,,,10,,,,,0,0,0,,29,,0,0,,0,0,,0,,31,0,,0,16,,11,,,,,,,,,0
39460,PUNTA GORDA,2021,TRUE,three_year_total,"2019,2020,2021",TRUE,TRUE,24,37,34,,,14,19,,0,37.8,51.4,10.8,0.0,,,,,,37,34,124,0,,,,11,,,,,0,0,0,,31,,0,0,,0,0,,0,,31,0,,0,18,,,,,11,,,,,0,0
39460,PUNTA GORDA,2022,TRUE,three_year_total,"2020,2021,2022",TRUE,TRUE,20,47,46,,0,24,19,,0,51.1,40.4,8.5,0.0,,,,,,47,47,163,0,15,11,,,,0,14,10,0,0,0,0,32,,,0,,0,,,0,,32,,,0,23,,12,,,15,,,,,0,0
39460,PUNTA GORDA,2023,TRUE,three_year_total,"2021,2022,2023",TRUE,TRUE,20,61,59,,,35,23,,0,57.4,37.7,4.9,0.0,,,,,,60,58,200,0,21,12,,11,,,20,11,0,0,,,47,,,0,0,0,,,0,12,39,,,0,29,12,16,,,17,12,,,,,0
39460,PUNTA GORDA,2024,TRUE,three_year_total,"2022,2023,2024",TRUE,TRUE,17,72,68,,,43,25,,0,59.7,34.7,5.6,0.0,,,,,,71,65,186,0,20,11,10,17,,,20,10,,0,,,50,,,0,0,0,,12,0,13,44,,12,0,31,15,21,,,21,14,11,,,,0
39460,PUNTA GORDA,2025,TRUE,three_year_total,"2023,2024,2025",TRUE,TRUE,12,91,85,,,53,31,,0,58.2,34.1,7.7,0.0,,,,,,89,82,153,0,22,10,16,22,,13,21,,12,0,,10,69,,,0,0,0,0,16,0,19,53,,17,0,38,17,29,,11,19,20,17,11,,,0
39540,RACINE-MOUNT PLEASANT,2018,TRUE,single_year,2018,TRUE,TRUE,18,62,60,,0,29,30,,0,46.8,48.4,4.8,0.0,54000,39750,75750,135000,4.75,62,60,71,0,13,,,24,,,13,,,0,,,48,,0,,0,0,0,,0,11,44,,,0,33,11,16,,12,20,11,14,,,0,0
39540,RACINE-MOUNT PLEASANT,2019,TRUE,single_year,2019,TRUE,TRUE,15,90,86,,,51,33,,0,56.7,36.7,6.7,0.0,58000,38000,78000,135000,4.188,89,90,69,,22,11,17,27,,,22,10,13,,0,,69,13,,0,0,,0,,0,15,68,0,,0,52,16,18,,14,27,22,10,11,,,0
39540,RACINE-MOUNT PLEASANT,2020,TRUE,single_year,2020,TRUE,TRUE,19,72,70,,0,30,37,,0,41.7,51.4,6.9,0.0,53000,41750,73250,155000,3.063,72,72,69,0,10,11,,32,,,10,11,,,0,0,53,,,,0,0,,,0,,55,,,0,40,16,13,,11,26,17,,,,0,0
39540,RACINE-MOUNT PLEASANT,2021,TRUE,single_year,2021,TRUE,TRUE,16,84,79,,0,33,45,,0,39.3,53.6,7.1,0.0,54000,40000,76000,160000,3.125,81,84,132,,19,13,,33,11,,18,11,,0,,0,59,15,,0,0,0,0,,0,20,56,,,0,35,37,,,,28,23,10,13,,0,
39540,RACINE-MOUNT PLEASANT,2022,TRUE,single_year,2022,TRUE,TRUE,18,78,77,,0,39,32,,0,50.0,41.0,9.0,0.0,64000,48500,95250,165000,5.25,78,77,134,0,16,19,,24,11,,16,16,,0,,,50,11,,,0,,,,0,18,50,,,0,38,17,20,,16,29,11,13,,,,0
39540,RACINE-MOUNT PLEASANT,2023,TRUE,single_year,2023,TRUE,TRUE,25,57,54,,,40,16,,0,70.2,28.1,1.8,0.0,64000,52000,102000,195000,6.75,57,56,113,,15,10,,14,,,15,10,,,,,42,,,,,0,,,0,16,36,,,0,29,10,16,,15,18,,,,,,0
39540,RACINE-MOUNT PLEASANT,2024,TRUE,single_year,2024,TRUE,TRUE,16,65,63,,,45,18,,0,69.2,27.7,3.1,0.0,74000,55000,109000,215000,6.5,65,64,104,,11,14,20,12,,,11,13,18,0,,,44,,,0,0,0,0,12,0,12,43,,,0,32,16,10,,10,27,10,,,,0,0
39540,RACINE-MOUNT PLEASANT,2025,TRUE,single_year,2025,TRUE,TRUE,19,80,73,,,56,20,,0,70.0,25.0,5.0,0.0,75000,62000,119500,240000,6.625,79,79,73,,24,10,25,14,,,24,,24,0,0,,60,,,,,0,,,0,21,48,,,0,44,17,18,,,25,15,17,12,0,,0
39580,RALEIGH-CARY,2018,TRUE,three_year_total,2018,TRUE,TRUE,22,22,13,,,12,,,0,54.5,27.3,18.2,0.0,,,,,,22,22,98,0,10,,,,,,10,,,0,0,0,13,,,0,0,0,0,,0,,18,0,,0,14,,,,,11,,,0,0,0,0
39580,RALEIGH-CARY,2019,TRUE,three_year_total,"2018,2019",TRUE,TRUE,25,48,35,,,30,14,,0,62.5,29.2,8.3,0.0,,,,,,48,46,179,,19,,,,,,19,,,0,,,30,,,0,0,0,0,,0,,37,,,0,28,,,,,24,14,,,0,0,0
39580,RALEIGH-CARY,2020,TRUE,three_year_total,"2018,2019,2020",TRUE,TRUE,20,71,55,,,45,21,,0,63.4,29.6,7.0,0.0,,,,,,71,69,280,,25,11,10,12,,,25,11,,0,,,44,15,,0,0,0,0,,0,,57,,,0,40,11,15,,,29,21,,,,,0
39580,RALEIGH-CARY,2021,TRUE,three_year_total,"2019,2020,2021",TRUE,TRUE,18,80,69,,,51,25,,0,63.8,31.2,5.0,0.0,,,,,,80,78,320,,23,19,,19,,,23,19,,0,,,50,13,,0,0,0,0,16,0,,59,,16,0,37,16,18,,,24,24,12,,,,0
39580,RALEIGH-CARY,2022,TRUE,three_year_total,"2020,2021,2022",TRUE,TRUE,15,76,67,,,48,22,,0,63.2,28.9,7.9,0.0,,,,,,75,75,352,,22,19,,16,,,22,18,,0,0,,44,17,0,0,0,0,0,15,0,,56,0,15,0,35,18,17,,,19,21,15,,,,0
39580,RALEIGH-CARY,2023,TRUE,three_year_total,"2021,2022,2023",TRUE,TRUE,16,84,73,,,54,23,,0,64.3,27.4,8.3,0.0,,,,,,83,83,336,,28,20,,19,,,28,19,0,0,,,48,14,,0,0,0,0,18,0,,59,0,18,0,39,20,16,,,24,22,16,,,,0
39580,RALEIGH-CARY,2024,TRUE,three_year_total,"2022,2023,2024",TRUE,TRUE,16,81,71,,,58,17,,0,71.6,21.0,7.4,0.0,,,,,,79,78,261,,29,12,15,10,,,29,11,10,0,,,42,12,,0,0,0,,19,0,,58,0,15,0,36,18,19,,,28,15,15,12,,,
39580,RALEIGH-CARY,2025,TRUE,three_year_total,"2023,2024,2025",TRUE,TRUE,16,82,71,,,61,16,,0,74.4,19.5,6.1,0.0,,,,,,81,78,208,,26,,19,11,,10,26,,14,0,,10,43,13,,0,0,0,,18,0,,60,0,14,0,34,20,20,,,27,20,10,13,,,
39660,RAPID CITY,2018,TRUE,three_year_total,2018,TRUE,TRUE,24,10,10,0,0,,,,0,50.0,30.0,20.0,0.0,,,,,,10,,21,0,,,0,,,,,,0,0,0,,,0,0,0,0,0,,0,0,,,0,,0,,,,0,,,,0,,0,0,0
39660,RAPID CITY,2019,TRUE,three_year_total,"2018,2019",TRUE,TRUE,26,22,19,0,,,,,0,40.9,31.8,27.3,0.0,,,,,,22,18,70,0,,,,,,,,,,0,0,,20,0,0,0,0,0,,,0,,17,0,,0,10,,,,,,,,,0,0,0
39660,RAPID CITY,2020,TRUE,three_year_total,"2018,2019,2020",TRUE,TRUE,24,30,26,0,,12,,,0,40.0,30.0,30.0,0.0,,,,,,30,25,118,,,,,,11,,,,,0,0,,27,0,0,0,0,0,,,0,,24,0,,0,15,,,,,12,,,,0,0,0
39660,RAPID CITY,2021,TRUE,three_year_total,"2019,2020,2021",TRUE,TRUE,28,33,27,,,16,,,0,48.5,27.3,24.2,0.0,,,,,,33,29,133,,,,,,,,,,,0,0,,26,,0,0,0,0,,,0,,26,0,,0,18,,,,,14,,,,,0,0
39660,RAPID CITY,2022,TRUE,three_year_total,"2020,2021,2022",TRUE,TRUE,30,30,25,,,16,,,0,53.3,26.7,20.0,0.0,,,,,,30,27,122,,,,,,,,,,,0,,,21,,0,,0,0,,,0,,24,0,,0,16,,,,,14,,,,,0,0
39660,RAPID CITY,2023,TRUE,three_year_total,"2021,2022,2023",TRUE,TRUE,28,36,30,,,20,13,,0,55.6,36.1,8.3,0.0,,,,,,36,34,94,0,,,,,10,,,,,0,,,26,,,,0,0,,,0,,27,0,,0,19,,,,,16,,,,,0,0
39660,RAPID CITY,2024,TRUE,three_year_total,"2022,2023,2024",TRUE,TRUE,28,32,25,,,16,12,,0,50.0,37.5,12.5,0.0,,,,,,31,28,78,,,,,,11,,,,,0,,,25,0,,,0,0,,,0,,24,0,,0,17,,,,,11,,,,,0,0
39660,RAPID CITY,2025,TRUE,three_year_total,"2023,2024,2025",TRUE,TRUE,25,41,33,,,19,15,,0,46.3,36.6,17.1,0.0,,,,,,40,33,61,,,,,,11,11,,,,0,,,33,0,,0,0,0,0,,0,,28,,,0,20,11,,,10,13,,,,,,0
39740,READING,2018,TRUE,single_year,2018,TRUE,TRUE,23,65,44,17,,14,49,,0,21.5,75.4,3.1,0.0,45000,38000,57000,115000,4.69,65,62,88,,,,,37,11,,,,,,,,52,,,0,0,0,0,,0,34,25,0,,0,33,24,,,,27,18,,,,0,0
39740,READING,2019,TRUE,single_year,2019,TRUE,TRUE,18,70,43,17,10,22,46,,0,31.4,65.7,2.9,0.0,54000,38000,68000,125000,4.25,69,69,95,,11,,,39,,,10,,,,0,,54,,0,0,,0,0,,0,31,36,0,,0,39,22,,,11,26,12,11,,,0,0
39740,READING,2020,TRUE,single_year,2020,TRUE,TRUE,18,86,62,16,,18,67,,0,20.9,77.9,1.2,0.0,50000,39000,60000,135000,3.25,85,83,90,,,11,,61,,,,,,0,0,,60,10,0,,0,0,,14,0,40,39,0,,0,52,24,,,15,33,24,10,,,0,0
39740,READING,2021,TRUE,single_year,2021,TRUE,TRUE,20,93,66,17,10,28,64,,0,30.1,68.8,1.1,0.0,47000,37000,67000,155000,3.25,93,93,161,,14,10,,56,,,14,,,,,,59,12,,,,0,,18,0,46,37,,,0,48,31,11,,,41,23,13,,,0,0
39740,READING,2022,TRUE,single_year,2022,TRUE,TRUE,19,69,55,10,,26,39,,0,37.7,56.5,5.8,0.0,62500,47000,91500,175000,5.063,68,68,130,,16,,,36,,,16,,,0,0,,47,,,0,0,0,,14,0,31,31,,,0,30,18,19,,16,28,15,,,,0,0
39740,READING,2023,TRUE,single_year,2023,TRUE,TRUE,25,55,46,,,19,35,,0,34.5,63.6,1.8,0.0,65000,53000,83000,215000,6.625,55,53,76,,,,,28,,,,,,,,,38,,0,0,,0,,,0,33,16,0,,0,23,21,,,,21,11,10,,0,,0
39740,READING,2024,TRUE,single_year,2024,TRUE,TRUE,23,66,52,,,34,30,,0,51.5,45.5,3.0,0.0,80000,66000,110000,245000,6.625,65,65,85,,,,22,23,11,,,,19,,,,43,10,0,,0,0,,,0,33,24,,,0,36,18,,,11,30,15,,,,0,
39740,READING,2025,TRUE,single_year,2025,TRUE,TRUE,20,60,43,13,,23,34,,0,38.3,56.7,5.0,0.0,79000,60000,104000,260000,6.625,60,60,125,,,,16,21,,,,,12,0,,0,34,,,,0,0,0,17,0,41,14,0,,0,32,18,,,,25,10,11,,,,0
39820,REDDING,2018,TRUE,three_year_total,2018,TRUE,TRUE,24,17,11,,,,,,0,41.2,41.2,17.6,0.0,,,,,,17,17,27,0,,,0,,,0,,,0,0,0,0,16,0,0,0,0,0,0,,0,0,15,0,,0,,,,,,,,,,,,0
39820,REDDING,2019,TRUE,three_year_total,"2018,2019",TRUE,TRUE,22,27,18,,,14,10,,0,51.9,37.0,11.1,0.0,,,,,,27,27,56,0,,,0,,,0,,,0,0,0,0,24,0,,0,0,0,,,0,0,24,0,,0,11,,12,,,,,,,,,0
39820,REDDING,2020,TRUE,three_year_total,"2018,2019,2020",TRUE,TRUE,22,40,23,12,,17,18,,0,42.5,45.0,12.5,0.0,,,,,,40,40,80,0,,,0,14,,,,,0,0,0,0,35,,,0,0,0,,,0,,36,0,,0,22,,13,,,11,,,,,,0
39820,REDDING,2021,TRUE,three_year_total,"2019,2020,2021",TRUE,TRUE,24,41,21,16,,20,17,,0,48.8,41.5,9.8,0.0,,,,,,41,41,86,0,11,,,10,,,11,,,0,0,0,32,,,0,,0,,,0,,33,,,0,21,,14,,,11,,,,,,0
39820,REDDING,2022,TRUE,three_year_total,"2020,2021,2022",TRUE,TRUE,26,42,18,18,,17,20,,0,40.5,47.6,11.9,0.0,,,,,,42,42,86,,10,,,12,,,,,,0,0,0,33,,,0,,0,0,,0,,32,,,0,22,,,,,13,,,,,,0
39820,REDDING,2023,TRUE,three_year_total,"2021,2022,2023",TRUE,TRUE,26,34,17,13,,17,14,,0,50.0,41.2,8.8,0.0,,,,,,34,34,80,,10,,,,,0,,,,0,0,0,25,,,0,,0,0,,0,,23,,,0,14,,,,,10,,,,,,0
39820,REDDING,2024,TRUE,three_year_total,"2022,2023,2024",TRUE,TRUE,26,39,23,,,19,18,,0,48.7,46.2,5.1,0.0,,,,,,38,38,66,,,,,12,,,,,,0,0,,32,,0,0,0,0,0,,0,,28,,,0,18,10,,,,,11,,,,,0
39820,REDDING,2025,TRUE,three_year_total,"2023,2024,2025",TRUE,TRUE,25,39,28,,,22,14,,0,56.4,35.9,7.7,0.0,,,,,,37,38,56,,,,13,,,,,,13,0,0,,30,,,0,0,0,0,,0,,27,,,0,19,,,,,13,12,,,,0,0
39900,RENO,2018,TRUE,three_year_total,2018,TRUE,TRUE,24,25,19,,,17,,,0,68.0,28.0,4.0,0.0,,,,,,25,25,54,0,11,,,,,0,10,,,0,,0,21,0,,0,0,0,0,,0,,18,,,0,11,,,0,,,,,,,0,0
39900,RENO,2019,TRUE,three_year_total,"2018,2019",TRUE,TRUE,20,54,42,,,37,16,,0,68.5,29.6,1.9,0.0,,,,,,54,54,99,,23,11,,10,,0,22,,,0,,0,39,,,0,0,0,0,11,0,,35,,,0,24,13,15,,,24,13,,,,,0
39900,RENO,2020,TRUE,three_year_total,"2018,2019,2020",TRUE,TRUE,17,83,63,15,,58,23,,0,69.9,27.7,2.4,0.0,,,,,,83,83,145,,40,15,,15,,0,39,13,,0,,0,61,,,0,0,0,,15,0,11,58,,12,0,41,17,22,,,35,22,,,,,0
39900,RENO,2021,TRUE,three_year_total,"2019,2020,2021",TRUE,TRUE,17,87,64,17,,57,25,,0,65.5,28.7,5.7,0.0,,,,,,87,87,164,,41,13,,19,,,41,12,,0,0,0,60,,,0,0,0,,20,0,13,57,,16,0,40,15,23,,,44,22,,,,,0
39900,RENO,2022,TRUE,three_year_total,"2020,2021,2022",TRUE,TRUE,21,73,53,15,,45,20,,0,61.6,27.4,11.0,0.0,,,,,,73,73,151,,35,,,16,,,35,,,0,0,0,51,,,0,0,0,,16,0,,47,,15,0,35,,20,,,35,17,,,,,0
39900,RENO,2023,TRUE,three_year_total,"2021,2022,2023",TRUE,TRUE,18,60,47,,,35,16,,0,58.3,26.7,15.0,0.0,,,,,,60,60,122,,25,10,,13,,,25,,,0,0,0,41,,,0,0,0,0,14,0,10,35,,13,0,27,,17,,,28,11,10,,,,0
39900,RENO,2024,TRUE,three_year_total,"2022,2023,2024",TRUE,TRUE,16,59,45,,,39,13,,0,66.1,22.0,11.9,0.0,,,,,,59,59,75,,21,12,13,,,,19,10,10,0,0,0,36,,,0,0,0,0,15,0,12,32,,14,0,31,,15,,,17,14,15,,,,0
39900,RENO,2025,TRUE,three_year_total,"2023,2024,2025",TRUE,TRUE,14,64,47,,,44,15,,0,68.8,23.4,7.8,0.0,,,,,,64,64,82,,24,12,15,,,0,22,10,12,0,0,0,44,,,0,0,0,,13,0,17,36,0,11,0,31,14,14,,,14,22,13,,,,0
40060,RICHMOND,2018,TRUE,three_year_total,2018,TRUE,TRUE,22,46,39,,,27,14,,0,58.7,30.4,10.9,0.0,,,,,,45,45,113,,15,,,12,,,14,,,0,0,,26,,,0,0,0,,,0,,37,0,,0,20,10,12,,0,23,,,,,0,0
40060,RICHMOND,2019,TRUE,single_year,2019,TRUE,TRUE,16,55,46,,,39,13,,0,70.9,23.6,5.5,0.0,100000,66500,131000,345000,4.25,55,48,110,0,19,10,,10,,12,19,,,0,0,10,36,,,0,0,0,,,0,0,43,0,12,0,25,13,13,,,19,14,,,,0,0
40060,RICHMOND,2020,TRUE,three_year_total,"2018,2019,2020",TRUE,TRUE,10,147,126,,13,87,44,16,0,59.2,29.9,10.9,0.0,,,,,,146,137,313,,44,28,,36,14,18,43,25,,0,0,15,86,25,,0,0,0,,25,0,,113,,31,0,68,30,34,15,,66,35,22,16,,0,0
40060,RICHMOND,2021,TRUE,single_year,2021,TRUE,TRUE,17,69,64,,,44,21,,0,63.8,30.4,5.8,0.0,95000,61500,166500,405000,3,68,68,161,0,25,17,,14,,,23,16,0,0,0,,37,13,,0,0,,,,0,,57,0,,0,29,16,19,,,38,15,,0,,0,0
40060,RICHMOND,2022,TRUE,single_year,2022,TRUE,TRUE,20,52,45,,,22,26,,0,42.3,50.0,7.7,0.0,109000,81500,186000,410000,4.99,51,52,118,,,13,,18,10,,,11,0,0,,,24,11,,0,0,0,,13,0,,38,,,0,23,12,15,,,25,15,,,0,,0
40060,RICHMOND,2023,TRUE,single_year,2023,TRUE,TRUE,21,50,45,,,22,27,,0,44.0,54.0,2.0,0.0,106500,67500,156750,320000,6.625,50,49,93,,11,10,,15,,,11,,,0,0,,20,10,,0,0,,0,14,0,,33,,,0,24,16,,,,25,14,,,,0,0
40060,RICHMOND,2024,TRUE,single_year,2024,TRUE,TRUE,22,66,50,,,41,18,,0,62.1,27.3,10.6,0.0,147000,101750,202000,410000,6.75,66,64,83,,14,,17,18,,,13,,16,,,,39,10,,0,,0,,12,0,,51,,10,0,27,14,19,,,32,22,,,,,0
40060,RICHMOND,2025,TRUE,single_year,2025,TRUE,TRUE,19,59,56,,,34,17,,0,57.6,28.8,13.6,0.0,120000,81500,198500,395000,6.625,59,57,107,0,,12,20,11,,,,,16,0,0,,25,14,,,0,0,,13,0,,46,0,10,0,30,19,,,,26,20,,,,0,0
40140,RIVERSIDE-SAN BERNARDINO-ONTARIO,2018,TRUE,single_year,2018,TRUE,TRUE,9,255,175,46,34,101,140,14,0,39.6,54.9,5.5,0.0,77000,59000,102000,305000,4.875,255,248,401,,72,21,21,94,30,17,69,17,11,0,,,187,13,18,,,0,,31,0,156,74,,21,0,136,62,51,,11,89,57,55,28,13,,0
40140,RIVERSIDE-SAN BERNARDINO-ONTARIO,2019,TRUE,single_year,2019,TRUE,TRUE,7,258,196,32,30,93,150,15,0,36.0,58.1,5.8,0.0,80500,59250,114000,325000,4.313,258,258,366,,56,33,17,96,34,22,55,23,,0,,,198,13,19,0,0,0,,25,0,146,81,,24,0,117,58,71,12,19,74,66,56,30,11,,0
40140,RIVERSIDE-SAN BERNARDINO-ONTARIO,2020,TRUE,single_year,2020,TRUE,TRUE,10,277,187,51,39,92,165,20,0,33.2,59.6,7.2,0.0,90000,67500,114000,375000,3.125,275,277,297,,66,24,33,109,29,16,64,15,,,,,187,18,19,0,,0,,47,0,134,95,,41,0,147,66,54,10,18,112,61,54,26,,,0
40140,RIVERSIDE-SAN BERNARDINO-ONTARIO,2021,TRUE,single_year,2021,TRUE,TRUE,8,339,253,53,33,127,182,30,0,37.5,53.7,8.8,0.0,88000,71000,120000,415000,2.999,337,339,540,,91,42,21,141,28,16,87,31,,0,0,,216,22,11,,,0,,79,0,179,93,,60,0,158,86,73,22,25,127,91,56,22,13,,0
40140,RIVERSIDE-SAN BERNARDINO-ONTARIO,2022,TRUE,single_year,2022,TRUE,TRUE,9,213,169,22,22,75,120,18,0,35.2,56.3,8.5,0.0,106000,83000,139000,455000,5.125,209,212,351,,48,29,18,83,20,15,46,22,0,0,,,125,11,,,0,,,63,0,115,48,,46,0,91,45,61,16,22,72,40,43,20,11,,0
40140,RIVERSIDE-SAN BERNARDINO-ONTARIO,2023,TRUE,single_year,2023,TRUE,TRUE,9,186,134,40,12,74,100,12,0,39.8,53.8,6.5,0.0,127000,97000,174000,485000,6.625,184,186,201,,53,27,14,71,19,,53,14,,,,0,108,14,13,,0,0,,49,0,108,46,0,32,0,98,46,33,,16,68,48,32,20,,0,0
40140,RIVERSIDE-SAN BERNARDINO-ONTARIO,2024,TRUE,single_year,2024,TRUE,TRUE,15,173,125,24,24,92,69,12,0,53.2,39.9,6.9,0.0,141000,110000,193000,525000,6.625,173,173,262,,42,24,37,57,11,,40,17,33,0,,,108,,,,,0,,41,,108,35,,28,0,84,41,43,,12,67,41,37,,,,0
40140,RIVERSIDE-SAN BERNARDINO-ONTARIO,2025,TRUE,single_year,2025,TRUE,TRUE,12,160,124,22,14,74,73,13,0,46.2,45.6,8.1,0.0,134500,100250,173750,495000,6.5,158,159,277,,37,13,35,48,19,,33,,27,,,,99,10,,,0,,,38,0,96,28,,33,0,85,27,37,11,11,67,36,25,16,,0,0
40220,ROANOKE,2018,TRUE,three_year_total,2018,TRUE,TRUE,19,19,17,,0,,,,0,42.1,47.4,10.5,0.0,,,,,,19,18,37,0,,,0,,,,,,0,0,0,,15,,0,0,0,0,0,0,0,0,19,0,0,0,11,,0,0,,,,,,0,0,0
40220,ROANOKE,2019,TRUE,three_year_total,"2018,2019",TRUE,TRUE,21,39,34,,,14,18,,0,35.9,46.2,17.9,0.0,,,,,,39,38,102,,,,,12,10,,,,0,0,0,,33,,0,0,0,0,0,,0,0,38,0,,0,21,16,,,,14,,,,,0,0
40220,ROANOKE,2020,TRUE,three_year_total,"2018,2019,2020",TRUE,TRUE,19,59,51,,,24,28,,0,40.7,47.5,11.9,0.0,,,,,,58,57,154,,12,10,,21,10,,12,,,0,0,,45,,,0,0,0,0,,0,0,53,0,,0,26,24,,,,22,11,,,,0,0
40220,ROANOKE,2021,TRUE,three_year_total,"2019,2020,2021",TRUE,TRUE,18,71,59,10,,28,36,,0,39.4,50.7,9.9,0.0,,,,,,69,69,205,,11,14,,27,10,,11,11,,0,0,,57,,,0,0,0,0,,0,,61,0,,0,27,28,12,,,27,11,11,,,,
40220,ROANOKE,2022,TRUE,three_year_total,"2020,2021,2022",TRUE,TRUE,19,78,66,11,,37,32,,0,47.4,41.0,11.5,0.0,,,,,,76,74,198,,19,13,,24,11,,19,,,0,0,,59,,,0,0,0,,10,0,,63,,12,0,29,27,18,,,32,15,11,,,,
40220,ROANOKE,2023,TRUE,three_year_total,"2021,2022,2023",TRUE,TRUE,20,74,62,11,,36,28,10,0,48.6,37.8,13.5,0.0,,,,,,72,70,203,,16,15,,18,12,,16,11,,0,,,56,,0,0,0,0,,,0,,61,,,0,31,23,16,,,31,14,,,,,
40220,ROANOKE,2024,TRUE,three_year_total,"2022,2023,2024",TRUE,TRUE,20,63,54,,0,39,15,,0,61.9,23.8,14.3,0.0,,,,,,62,57,181,,16,,11,11,,11,16,,10,0,,,41,,,0,0,0,,,0,,47,,10,0,28,14,15,,,24,18,,,,0,
40220,ROANOKE,2025,TRUE,three_year_total,"2023,2024,2025",TRUE,TRUE,24,66,53,,,41,23,,0,62.1,34.8,3.0,0.0,,,,,,65,61,196,,,,20,17,,11,,,18,0,,,41,,,,0,0,,12,0,,45,,12,0,29,15,14,,,21,19,,,,,
40340,ROCHESTER,2018,TRUE,three_year_total,2018,TRUE,TRUE,25,20,17,,,12,,,0,60.0,25.0,15.0,0.0,,,,,,20,17,61,0,,,,,,,,,,0,,,19,0,,0,0,0,0,0,0,,18,0,0,0,14,,,0,,,,,,,0,0
40340,ROCHESTER,2019,TRUE,three_year_total,"2018,2019",TRUE,TRUE,24,43,35,,,20,19,,0,46.5,44.2,9.3,0.0,,,,,,43,37,115,,,,,13,,,,,,0,,,40,,,0,0,0,0,0,0,,39,0,,0,29,,,0,11,17,,,,,0,0
40340,ROCHESTER,2020,TRUE,three_year_total,"2018,2019,2020",TRUE,TRUE,22,62,50,,,33,23,,0,53.2,37.1,9.7,0.0,,,,,,62,53,151,,12,,,15,13,,12,,,0,,,57,,,0,0,0,,0,0,,55,,,0,38,,15,0,16,23,,,,,0,0
40340,ROCHESTER,2021,TRUE,three_year_total,"2019,2020,2021",TRUE,TRUE,22,64,51,11,,36,24,,0,56.2,37.5,6.2,0.0,,,,,,64,57,130,,19,,,14,11,,19,,,0,,,54,,,,0,0,,,0,,58,,,0,32,13,17,,13,26,10,,,,0,0
40340,ROCHESTER,2022,TRUE,three_year_total,"2020,2021,2022",TRUE,TRUE,21,64,49,14,,42,17,,0,65.6,26.6,7.8,0.0,,,,,,64,59,119,,24,,,11,12,,24,,,0,,,52,,,,0,0,,,0,,54,,,0,27,15,20,,12,22,13,11,,,0,0
40340,ROCHESTER,2023,TRUE,three_year_total,"2021,2022,2023",TRUE,TRUE,20,62,49,10,,44,14,,0,71.0,22.6,6.5,0.0,,,,,,62,56,120,,18,11,,10,10,,18,11,,0,,,50,,,,0,0,0,,0,,51,,,0,23,15,20,,,26,13,,,,0,0
40340,ROCHESTER,2024,TRUE,three_year_total,"2022,2023,2024",TRUE,TRUE,22,53,43,,,41,,,0,77.4,17.0,5.7,0.0,,,,,,53,48,122,,12,10,10,,,,12,10,,0,,,45,,,0,0,0,0,,0,,41,,,0,21,12,18,,12,20,,,,,0,0
40340,ROCHESTER,2025,TRUE,three_year_total,"2023,2024,2025",TRUE,TRUE,23,62,54,,,55,,,0,88.7,6.5,4.8,0.0,,,,,,62,50,124,,18,,14,,,12,18,,14,0,,12,54,,,0,0,0,,,0,,47,,,0,22,10,27,,,26,11,,,,,0
40380,ROCHESTER,2018,TRUE,single_year,2018,TRUE,TRUE,11,194,166,21,,90,94,10,0,46.4,48.5,5.2,0.0,53000,39000,74000,135000,4.625,190,189,229,,38,27,19,74,30,,36,21,14,,,,153,21,,0,0,0,,16,0,12,165,,16,0,105,41,38,10,23,94,38,21,12,,,0
40380,ROCHESTER,2019,TRUE,single_year,2019,TRUE,TRUE,11,235,202,27,,113,116,,0,48.1,49.4,2.6,0.0,58000,45000,77000,135000,4.125,233,228,249,0,42,33,20,96,35,,41,25,18,,14,,186,30,,0,0,,0,13,0,15,203,,14,0,132,61,36,,24,116,41,31,19,,,0
40380,ROCHESTER,2020,TRUE,single_year,2020,TRUE,TRUE,11,248,212,29,,117,117,14,0,47.2,47.2,5.6,0.0,59000,44000,77000,145000,3.25,245,244,293,,42,44,24,95,39,,40,38,16,,16,,191,34,0,,0,0,0,21,,11,213,,22,0,135,76,29,,38,113,46,23,21,,,0
40380,ROCHESTER,2021,TRUE,single_year,2021,TRUE,TRUE,15,269,237,25,,127,128,14,0,47.2,47.6,5.2,0.0,55000,40000,79000,145000,3.125,265,263,417,,54,46,17,108,37,,52,40,,,15,,184,36,,0,0,,,42,0,29,208,,27,,157,71,33,,39,123,58,21,14,,,
40380,ROCHESTER,2022,TRUE,single_year,2022,TRUE,TRUE,10,243,202,26,15,143,94,,0,58.8,38.7,2.5,0.0,57000,45000,82000,155000,5.125,243,241,371,,54,58,34,65,28,,50,48,28,,13,,166,36,,0,0,,,31,0,26,181,0,36,0,143,65,24,11,36,101,62,27,11,,,0
40380,ROCHESTER,2023,TRUE,single_year,2023,TRUE,TRUE,11,214,194,16,,136,68,10,0,63.6,31.8,4.7,0.0,65000,50000,98000,155000,6.75,213,211,297,,35,52,36,55,33,,33,49,27,,18,,136,37,,0,0,,,25,0,23,169,,20,0,114,62,30,,24,95,49,24,20,,0,0
40380,ROCHESTER,2024,TRUE,single_year,2024,TRUE,TRUE,11,233,193,28,12,173,53,,0,74.2,22.7,3.0,0.0,70000,54000,97000,165000,6.875,233,231,353,,32,34,89,41,32,,31,33,82,,23,,123,59,,,0,,,45,0,30,165,,37,0,141,52,28,12,30,108,50,23,16,,0,0
40380,ROCHESTER,2025,TRUE,single_year,2025,FALSE,TRUE,9,272,237,23,12,201,61,10,0,73.9,22.4,3.7,0.0,73000,55000,95500,175000,6.625,271,271,339,11,53,36,85,47,48,,52,32,76,,38,0,152,61,,,,0,,48,0,36,193,0,43,0,154,74,31,13,44,109,60,24,23,,,
40420,ROCKFORD,2018,TRUE,three_year_total,2018,TRUE,TRUE,19,39,31,0,,15,24,0,0,38.5,61.5,0.0,0.0,,,,,,39,38,109,0,,,0,15,12,0,,,0,0,,0,29,,,0,0,0,0,,0,,27,,,0,22,,,0,,18,,,,,0,0
40420,ROCKFORD,2019,TRUE,three_year_total,"2018,2019",TRUE,TRUE,11,86,71,,13,35,48,,0,40.7,55.8,3.5,0.0,,,,,,86,85,213,0,14,11,,31,29,0,14,,0,0,12,0,58,17,,0,0,0,,,0,26,56,,,0,52,21,13,0,11,38,16,11,,,0,0
40420,ROCKFORD,2020,TRUE,single_year,2020,TRUE,TRUE,21,51,43,,,17,33,,0,33.3,64.7,2.0,0.0,46000,37500,67000,105000,3.5,51,51,121,,,,,16,16,0,,,,0,,0,33,,,,0,0,0,,0,21,25,0,,0,31,12,,,13,20,,,,0,0,0
40420,ROCKFORD,2021,TRUE,single_year,2021,TRUE,TRUE,13,67,56,,,32,32,,0,47.8,47.8,4.5,0.0,47000,37000,89000,115000,3.25,67,67,132,0,18,13,,19,13,,17,13,0,0,,0,40,,,,0,0,0,15,0,17,35,,14,0,34,16,11,,12,22,12,,10,,0,0
40420,ROCKFORD,2022,TRUE,single_year,2022,TRUE,TRUE,21,58,49,,,23,31,,0,39.7,53.4,6.9,0.0,56000,40000,78750,130000,5.203,58,57,127,,11,,,20,13,,11,,,0,,0,42,,,0,,,0,,0,23,30,0,,0,25,19,,,12,20,11,,,,0,0
40420,ROCKFORD,2023,TRUE,single_year,2023,TRUE,TRUE,18,66,53,,10,36,25,,0,54.5,37.9,7.6,0.0,66000,47750,78000,145000,6.688,66,66,101,,,12,,17,23,,,11,,,13,0,40,14,,0,0,,0,,0,21,39,0,,0,36,20,,,10,21,19,,,,0,0
40420,ROCKFORD,2024,TRUE,single_year,2024,TRUE,TRUE,18,54,50,0,,40,13,,0,74.1,24.1,1.9,0.0,65000,52250,99000,145000,6.75,54,53,133,0,10,,17,,11,,10,,16,,,,35,,0,,0,0,0,11,0,22,25,0,,0,32,14,,,,24,12,,,,0,0
40420,ROCKFORD,2025,TRUE,single_year,2025,TRUE,TRUE,25,52,38,,,38,10,,0,73.1,19.2,7.7,0.0,82000,49750,98250,190000,6.75,52,51,157,,14,,18,,,,13,,15,,,,32,,,,0,,,10,0,22,23,,,0,21,19,10,,,20,,,,,0,0
40484,ROCKINGHAM COUNTY-STRAFFORD COUNTY,2018,TRUE,single_year,2018,TRUE,TRUE,11,147,114,21,12,70,66,11,0,47.6,44.9,7.5,0.0,85000,67000,116000,295000,4.75,147,140,104,,35,17,20,42,20,13,32,14,15,,0,,129,,,0,0,0,,13,0,,128,,14,0,84,20,35,,11,71,23,18,19,,,0
40484,ROCKINGHAM COUNTY-STRAFFORD COUNTY,2019,TRUE,single_year,2019,TRUE,TRUE,13,152,122,22,,61,78,13,0,40.1,51.3,8.6,0.0,82000,66000,108000,285000,4.125,152,147,121,,32,16,18,41,37,,30,14,12,0,0,,137,,,0,0,,,10,0,,127,,15,0,86,20,43,,11,60,31,22,19,,,0
40484,ROCKINGHAM COUNTY-STRAFFORD COUNTY,2020,TRUE,single_year,2020,TRUE,TRUE,10,182,137,31,14,85,84,13,0,46.7,46.2,7.1,0.0,88500,74000,119250,345000,3,180,174,134,,42,21,30,57,22,10,41,16,19,,0,,151,,,0,0,0,,21,0,10,152,,19,0,87,35,47,13,19,89,29,30,,,,0
40484,ROCKINGHAM COUNTY-STRAFFORD COUNTY,2021,TRUE,single_year,2021,TRUE,TRUE,10,187,152,23,12,93,83,11,0,49.7,44.4,5.9,0.0,91000,71000,120500,365000,3.125,187,180,147,,53,23,25,64,14,,51,21,14,0,0,,160,0,,,0,0,,23,0,,147,,27,0,93,37,44,13,17,84,39,32,11,,,0
40484,ROCKINGHAM COUNTY-STRAFFORD COUNTY,2022,TRUE,single_year,2022,TRUE,TRUE,14,144,119,18,,73,56,15,0,50.7,38.9,10.4,0.0,111500,85500,145000,390000,4.843,144,138,128,,39,23,14,38,23,,37,19,,,0,,116,,,0,0,0,,16,0,,114,,20,0,76,16,42,10,,73,21,22,12,,,0
40484,ROCKINGHAM COUNTY-STRAFFORD COUNTY,2023,TRUE,single_year,2023,TRUE,TRUE,17,102,72,21,,59,35,,0,57.8,34.3,7.8,0.0,136500,99000,172000,470000,6.5,102,100,83,,35,12,20,22,,,35,,12,0,,,79,,,0,0,0,,16,0,,76,,19,0,48,13,31,10,,51,24,,,,0,0
40484,ROCKINGHAM COUNTY-STRAFFORD COUNTY,2024,TRUE,single_year,2024,TRUE,TRUE,18,100,83,12,,69,24,,0,69.0,24.0,7.0,0.0,142500,107000,176750,475000,6.875,100,98,63,,23,16,33,15,,,22,15,29,0,,,86,,,0,0,0,,,0,,84,,,0,49,12,35,,10,57,15,,11,,,0
40484,ROCKINGHAM COUNTY-STRAFFORD COUNTY,2025,TRUE,single_year,2025,TRUE,TRUE,14,103,87,11,,72,20,11,0,69.9,19.4,10.7,0.0,151000,113500,191000,525000,6.5,103,99,80,,25,17,36,11,,,23,16,29,0,0,,86,,,0,0,0,,12,0,,79,,12,0,47,14,37,,15,53,14,12,,,,0
40580,ROCKY MOUNT,2018,TRUE,three_year_total,2018,TRUE,TRUE,10,,,0,0,,0,0,0,100.0,0.0,0.0,0.0,,,,,,,0,36,0,0,0,0,0,0,,0,0,0,0,0,,,0,0,0,0,0,0,0,0,0,,0,0,0,0,0,,0,0,0,0,0,,0,0,0
40580,ROCKY MOUNT,2019,TRUE,three_year_total,"2018,2019",TRUE,TRUE,17,,,0,0,,,0,0,50.0,50.0,0.0,0.0,,,,,,,,51,0,0,0,0,,0,,0,0,0,0,0,,,0,0,,0,0,0,0,0,0,,0,0,0,,0,,0,0,,0,,,0,0,0
40580,ROCKY MOUNT,2020,TRUE,three_year_total,"2018,2019,2020",TRUE,TRUE,17,,,0,0,,,0,0,66.7,33.3,0.0,0.0,,,,,,,,69,0,0,0,0,,0,,0,0,0,0,0,,,0,0,,0,0,0,0,0,0,,0,0,0,,0,,0,0,,0,,,0,0,0
40580,ROCKY MOUNT,2021,TRUE,three_year_total,"2019,2020,2021",TRUE,TRUE,21,,,0,0,,,0,0,75.0,25.0,0.0,0.0,,,,,,,,57,0,0,,0,,0,,0,,0,0,0,,,,0,,0,0,0,0,0,0,,0,,0,,0,,0,0,,0,,,0,0,0
40580,ROCKY MOUNT,2022,TRUE,three_year_total,"2020,2021,2022",TRUE,TRUE,22,,,0,0,,0,0,0,100.0,0.0,0.0,0.0,,,,,,,,65,0,,,0,0,0,,,,0,0,0,,,,0,0,0,0,0,0,0,0,,0,,0,,,,0,0,,0,,,0,,0
40580,ROCKY MOUNT,2023,TRUE,three_year_total,"2021,2022,2023",TRUE,TRUE,27,10,,,0,,,,0,70.0,20.0,10.0,0.0,,,,,,10,,58,0,,,0,,,,,,0,0,0,,,,0,0,0,0,0,0,0,0,,0,,0,,,,0,,,,,,0,,0
40580,ROCKY MOUNT,2024,TRUE,three_year_total,"2022,2023,2024",TRUE,TRUE,29,,,,0,,,,0,55.6,33.3,11.1,0.0,,,,,,,,51,0,,0,0,,,,,0,0,0,0,,,,0,0,0,0,0,,0,0,,0,,0,,,,,,,,,,0,,0
40580,ROCKY MOUNT,2025,TRUE,three_year_total,"2023,2024,2025",TRUE,TRUE,27,14,11,,,,,,0,42.9,28.6,28.6,0.0,,,,,,14,14,53,0,0,,,,,,0,,0,0,0,,,,0,0,0,0,0,,0,,,0,,0,,,,,,,,,,0,0,0
40660,ROME,2018,TRUE,three_year_total,2018,TRUE,TRUE,22,,,0,0,,,,0,25.0,50.0,25.0,0.0,,,,,,,,21,0,0,0,0,0,,,0,0,0,0,0,,,0,0,0,0,0,0,,0,0,,0,,0,,,,,0,,,0,,,0,0
40660,ROME,2019,TRUE,three_year_total,"2018,2019",TRUE,TRUE,27,10,10,0,0,,,,0,50.0,40.0,10.0,0.0,,,,,,10,,56,0,,0,0,,,,,0,0,0,0,,,,0,0,0,0,0,,0,,,,,0,,,,,,,,0,,,,0
40660,ROME,2020,TRUE,three_year_total,"2018,2019,2020",TRUE,TRUE,30,13,13,0,0,,,,0,61.5,30.8,7.7,0.0,,,,,,13,,77,0,,,0,,,,,,0,0,0,,10,,,0,0,0,0,,0,,,,,0,,,,,,,,,,,,0
40660,ROME,2021,TRUE,three_year_total,"2019,2020,2021",TRUE,TRUE,25,17,17,0,0,10,,0,0,58.8,41.2,0.0,0.0,,,,,,17,13,91,0,,,,,,,,,0,0,0,,12,,,0,0,,0,0,0,,11,,0,0,,,,0,,,,,,,,0
40660,ROME,2022,TRUE,three_year_total,"2020,2021,2022",TRUE,TRUE,25,14,14,0,0,,,,0,50.0,42.9,7.1,0.0,,,,,,14,13,82,0,,,,,0,,,,0,0,0,,,,,0,0,,0,0,0,,10,0,0,0,,,,0,,,,,,,0,0
40660,ROME,2023,TRUE,three_year_total,"2021,2022,2023",TRUE,TRUE,24,16,15,0,,,,,0,37.5,50.0,12.5,0.0,,,,,,16,15,74,0,,0,,,0,,,0,,0,0,,10,,0,0,0,,0,,0,,12,0,,0,12,,,0,,,,,,,0,0
40660,ROME,2024,TRUE,three_year_total,"2022,2023,2024",TRUE,TRUE,27,15,13,0,,,,,0,53.3,26.7,20.0,0.0,,,,,,15,15,64,0,,0,,,,,,0,,0,0,,,,,0,0,0,0,,0,,11,0,,0,11,,,0,,,,,,,,0
40660,ROME,2025,TRUE,three_year_total,"2023,2024,2025",TRUE,TRUE,27,22,20,0,,13,,,0,59.1,22.7,18.2,0.0,,,,,,22,22,60,0,,,,,,,,,,0,0,,13,,,0,0,0,0,,0,,13,0,,0,16,,,,,,,,,0,,0
40900,SACRAMENTO-ROSEVILLE-FOLSOM,2018,TRUE,single_year,2018,TRUE,TRUE,12,239,217,,15,135,90,14,0,56.5,37.7,5.9,0.0,89000,68000,125750,355000,4.75,238,236,378,,83,38,33,64,16,,79,33,20,0,0,,152,15,27,,,,,40,0,23,166,,45,0,107,48,68,16,,108,57,32,27,,,0
40900,SACRAMENTO-ROSEVILLE-FOLSOM,2019,TRUE,single_year,2019,TRUE,TRUE,12,245,226,11,,130,108,,0,53.1,44.1,2.9,0.0,92000,67000,124000,355000,4,240,243,327,10,83,38,23,80,16,,82,29,11,0,,,141,26,27,,,,,40,0,39,167,,38,0,106,62,54,23,13,104,58,36,23,,,0
40900,SACRAMENTO-ROSEVILLE-FOLSOM,2020,TRUE,single_year,2020,TRUE,TRUE,8,283,249,12,22,156,108,19,0,55.1,38.2,6.7,0.0,98000,72000,139500,405000,3.125,283,280,310,,97,53,17,86,25,,94,47,11,0,0,,154,22,25,,,,,65,0,31,182,10,60,0,132,61,69,21,13,129,62,39,21,17,,0
40900,SACRAMENTO-ROSEVILLE-FOLSOM,2021,TRUE,single_year,2021,TRUE,TRUE,9,352,310,26,16,214,115,23,0,60.8,32.7,6.5,0.0,105000,79250,145000,465000,2.999,350,349,464,,136,74,26,89,20,,135,73,,0,0,,181,22,45,,,0,,90,0,50,206,12,83,,154,70,97,31,20,143,91,51,32,10,,0
40900,SACRAMENTO-ROSEVILLE-FOLSOM,2022,TRUE,single_year,2022,TRUE,TRUE,11,239,212,16,11,154,70,15,0,64.4,29.3,6.3,0.0,130000,104000,178000,525000,4.99,233,235,330,,111,41,13,54,14,,110,37,,,0,,134,18,24,0,,,,53,0,29,158,,46,0,100,51,73,15,14,109,69,20,22,,,0
40900,SACRAMENTO-ROSEVILLE-FOLSOM,2023,TRUE,single_year,2023,TRUE,TRUE,13,159,141,,12,87,58,14,0,54.7,36.5,8.8,0.0,144500,106500,198750,525000,6.625,158,157,169,,58,28,20,31,19,,57,21,,0,,,83,,24,0,,,,40,0,25,95,,32,0,73,30,45,11,12,67,42,18,13,,,0
40900,SACRAMENTO-ROSEVILLE-FOLSOM,2024,TRUE,single_year,2024,TRUE,TRUE,10,204,175,13,16,142,50,12,0,69.6,24.5,5.9,0.0,166500,123500,218250,555000,6.72,204,198,251,,61,29,63,30,13,,58,24,52,0,,,98,16,20,,,,14,53,0,40,113,,43,0,85,34,60,25,14,95,47,26,16,,,0
40900,SACRAMENTO-ROSEVILLE-FOLSOM,2025,TRUE,single_year,2025,TRUE,TRUE,11,213,187,15,11,141,54,18,0,66.2,25.4,8.5,0.0,153500,121750,198000,545000,6.625,212,213,245,,70,27,50,34,29,,67,24,44,0,,,105,16,23,,,,,54,0,46,114,,49,0,76,56,61,20,16,79,66,29,14,,,0
40980,SAGINAW,2018,TRUE,three_year_total,2018,TRUE,TRUE,26,19,16,,,,10,,0,36.8,52.6,10.5,0.0,,,,,,19,17,26,0,,,,,,,,,,0,0,,13,,0,0,0,0,0,,0,0,16,0,,0,,,,,,10,,,,0,,0
40980,SAGINAW,2019,TRUE,three_year_total,"2018,2019",TRUE,TRUE,25,31,28,,,16,13,,0,51.6,41.9,6.5,0.0,,,,,,31,28,52,0,,,,10,,,,,,0,,,24,,0,0,0,0,0,,0,0,27,0,,0,13,,,,,12,,,,,,0
40980,SAGINAW,2020,TRUE,three_year_total,"2018,2019,2020",TRUE,TRUE,22,58,55,,,36,19,,0,62.1,32.8,5.2,0.0,,,,,,58,50,81,0,,13,,14,,,,13,,,,,44,,,0,0,0,0,,0,,49,0,,0,25,11,17,,,14,14,10,,,,0
40980,SAGINAW,2021,TRUE,three_year_total,"2019,2020,2021",TRUE,TRUE,19,65,65,0,0,45,18,,0,69.2,27.7,3.1,0.0,,,,,,64,59,118,0,12,20,,13,,,12,20,,,,,53,,,0,0,0,0,,0,,54,,,0,30,14,18,,11,15,15,,,,,0
40980,SAGINAW,2022,TRUE,three_year_total,"2020,2021,2022",TRUE,TRUE,16,68,68,0,0,43,21,,0,63.2,30.9,5.9,0.0,,,,,,67,63,119,0,15,19,,16,,,15,19,,,0,,49,,,0,0,0,0,13,0,,50,,13,0,31,16,14,,12,21,16,,,,,0
40980,SAGINAW,2023,TRUE,three_year_total,"2021,2022,2023",TRUE,TRUE,17,62,58,,0,36,22,,0,58.1,35.5,6.5,0.0,,,,,,61,62,126,0,15,18,,15,,,15,17,,0,,0,45,,,0,0,0,0,10,0,,48,,10,0,28,16,11,,,26,12,,,,,0
40980,SAGINAW,2024,TRUE,three_year_total,"2022,2023,2024",TRUE,TRUE,16,56,48,,,33,17,,0,58.9,30.4,10.7,0.0,,,,,,56,55,105,0,12,14,,,10,,12,13,,0,,,36,,0,0,0,0,0,14,0,,41,0,13,0,20,15,12,,,20,12,,,,0,0
40980,SAGINAW,2025,TRUE,three_year_total,"2023,2024,2025",TRUE,TRUE,19,53,43,,,35,14,,0,66.0,26.4,7.5,0.0,,,,,,53,50,112,0,,12,12,,,,,11,11,0,,,39,,0,0,0,0,0,,0,,43,0,,0,20,14,15,,12,15,,,,,0,0
41060,ST. CLOUD,2018,TRUE,three_year_total,2018,TRUE,TRUE,31,,,,0,,,0,0,75.0,25.0,0.0,0.0,,,,,,,,35,,,,,,0,,,,,0,0,,,0,0,0,0,0,0,,0,0,,,,0,,,,,,,,0,0,,0,
41060,ST. CLOUD,2019,TRUE,three_year_total,"2018,2019",TRUE,TRUE,30,21,14,,,15,,,0,71.4,19.0,9.5,0.0,,,,,,20,16,61,,,,,,,,,,,0,0,,15,,,0,0,0,0,,0,0,19,,,0,,,,,,,,,0,,0,
41060,ST. CLOUD,2020,TRUE,three_year_total,"2018,2019,2020",TRUE,TRUE,30,33,23,,,19,11,,0,57.6,33.3,9.1,0.0,,,,,,31,27,87,,,,,,,,,,,0,0,,24,,,0,0,0,,,0,0,30,,,0,15,,,,,11,,,,,,
41060,ST. CLOUD,2021,TRUE,three_year_total,"2019,2020,2021",TRUE,TRUE,24,44,29,,,20,21,,0,45.5,47.7,6.8,0.0,,,,,,43,40,86,,11,,,14,10,,10,,,0,,,34,,,0,0,0,,,0,0,40,,,0,25,,11,,11,13,12,,,,,
41060,ST. CLOUD,2022,TRUE,three_year_total,"2020,2021,2022",TRUE,TRUE,26,47,33,,,19,26,,0,40.4,55.3,4.3,0.0,,,,,,46,45,104,,11,,,19,,,10,,0,0,,,39,,,0,0,0,,,0,,41,,,0,30,,10,,15,15,,,,,,
41060,ST. CLOUD,2023,TRUE,three_year_total,"2021,2022,2023",TRUE,TRUE,23,48,35,,,21,24,,0,43.8,50.0,6.2,0.0,,,,,,48,45,97,,,,,17,10,,,,,0,,,39,,,0,0,0,0,,0,,41,,,0,30,,12,0,16,16,10,,,,0,0
41060,ST. CLOUD,2024,TRUE,three_year_total,"2022,2023,2024",TRUE,TRUE,23,48,40,,,24,20,,0,50.0,41.7,8.3,0.0,,,,,,48,45,80,,,,,12,11,,,,,0,,,38,,,0,0,0,0,,0,10,36,,,0,31,,12,0,12,19,,,,,0,0
41060,ST. CLOUD,2025,TRUE,three_year_total,"2023,2024,2025",TRUE,TRUE,22,45,39,,,25,15,,0,55.6,33.3,11.1,0.0,,,,,,45,41,55,,,,10,,10,,,,,0,,,36,,0,0,0,0,0,,0,,33,0,,0,23,,15,,,19,11,,,0,0,0
41100,ST. GEORGE,2018,TRUE,three_year_total,2018,TRUE,TRUE,19,,,0,0,,,0,0,80.0,20.0,0.0,0.0,,,,,,,,,0,,0,0,0,,0,,0,0,0,0,0,,0,0,0,0,0,0,0,0,0,,0,0,0,,0,,0,0,,,,,0,,0
41100,ST. GEORGE,2019,TRUE,three_year_total,"2018,2019",TRUE,TRUE,26,10,,,0,,,0,0,80.0,20.0,0.0,0.0,,,,,,,10,20,0,,,,0,,0,,,0,0,0,0,,0,0,0,0,0,0,,0,,,0,,0,,,,,0,,,,,0,,
41100,ST. GEORGE,2020,TRUE,three_year_total,"2018,2019,2020",TRUE,TRUE,20,17,16,,0,15,,0,0,88.2,11.8,0.0,0.0,,,,,,16,16,34,0,12,,,0,,0,12,,0,0,0,0,15,0,0,0,0,0,,,0,,13,0,,0,,,,,0,,,,,0,,
41100,ST. GEORGE,2021,TRUE,three_year_total,"2019,2020,2021",TRUE,TRUE,21,19,17,,,14,,,0,73.7,21.1,5.3,0.0,,,,,,18,18,44,0,10,,,,0,,10,,0,0,0,0,16,0,0,0,0,0,,,0,,15,0,,0,,,10,,,10,,,,0,0,
41100,ST. GEORGE,2022,TRUE,three_year_total,"2020,2021,2022",TRUE,TRUE,18,19,18,0,,14,,,0,73.7,21.1,5.3,0.0,,,,,,19,18,43,0,11,,,,0,,11,,0,0,0,0,17,0,0,0,0,0,,,0,,16,0,,0,,,10,0,,10,,,,0,0,0
41100,ST. GEORGE,2023,TRUE,three_year_total,"2021,2022,2023",TRUE,TRUE,21,17,16,0,,11,,,0,64.7,29.4,5.9,0.0,,,,,,17,17,38,0,,,,,0,,,,0,0,0,0,15,0,0,0,0,0,0,,0,,15,0,,0,,,,0,,,,,,0,0,0
41100,ST. GEORGE,2024,TRUE,three_year_total,"2022,2023,2024",TRUE,TRUE,16,14,14,0,0,12,,0,0,85.7,14.3,0.0,0.0,,,,,,14,14,22,0,10,,,,0,0,10,,0,0,0,0,13,0,0,0,0,0,0,,0,,12,0,,0,,,,0,0,,,,,,0,0
41100,ST. GEORGE,2025,TRUE,three_year_total,"2023,2024,2025",TRUE,TRUE,20,12,12,0,0,10,,,0,83.3,8.3,8.3,0.0,,,,,,11,12,18,0,,,0,,,0,,,0,0,0,0,10,0,0,0,0,0,0,,0,,,0,,0,,,,0,0,,,,,,0,0
41140,ST. JOSEPH,2018,TRUE,three_year_total,2018,TRUE,TRUE,27,,,0,0,,,,0,66.7,22.2,11.1,0.0,,,,,,,,32,0,,0,0,,,,,0,0,0,0,,,,0,0,0,0,0,0,0,,,,0,0,,,,0,,,,,,0,,0
41140,ST. JOSEPH,2019,TRUE,three_year_total,"2018,2019",TRUE,TRUE,24,23,22,,0,12,10,,0,52.2,43.5,4.3,0.0,,,,,,23,17,65,,,0,0,,,,,0,0,0,0,,20,,0,0,0,,0,0,0,,17,,,0,,,,0,,,,,,,,0
41140,ST. JOSEPH,2020,TRUE,three_year_total,"2018,2019,2020",TRUE,TRUE,24,32,30,,,17,13,,0,53.1,40.6,6.2,0.0,,,,,,31,22,117,,,0,0,,,10,,0,0,0,0,10,27,,0,0,0,,0,,0,,24,,,0,,,14,,,,,,,,,0
41140,ST. JOSEPH,2021,TRUE,three_year_total,"2019,2020,2021",TRUE,TRUE,25,34,31,,,17,15,,0,50.0,44.1,5.9,0.0,,,,,,33,24,155,,,,,,,10,,,0,0,0,10,28,,0,0,0,,0,,0,,25,,,0,13,,11,,,,,,,,0,0
41140,ST. JOSEPH,2022,TRUE,three_year_total,"2020,2021,2022",TRUE,TRUE,23,35,33,,,21,10,,0,60.0,28.6,11.4,0.0,,,,,,33,25,174,,,,,,,10,,,0,0,0,10,29,,0,0,0,0,0,,0,,28,,,0,14,,12,,,10,10,,,,,0
41140,ST. JOSEPH,2023,TRUE,three_year_total,"2021,2022,2023",TRUE,TRUE,23,37,36,,0,21,12,,0,56.8,32.4,10.8,0.0,,,,,,36,29,162,,10,,,,,,10,,0,0,0,,30,,0,0,0,0,0,,0,,28,,,0,20,,,,,10,13,,,,,0
41140,ST. JOSEPH,2024,TRUE,three_year_total,"2022,2023,2024",TRUE,TRUE,21,48,46,,,34,11,,0,70.8,22.9,6.2,0.0,,,,,,47,31,127,,13,,,,,18,13,,,0,0,17,39,,,0,0,0,0,,0,,38,0,,0,20,12,15,,,12,14,,,,,0
41140,ST. JOSEPH,2025,TRUE,three_year_total,"2023,2024,2025",TRUE,TRUE,19,52,49,,,37,12,,0,71.2,23.1,5.8,0.0,,,,,,52,37,121,0,11,,,,,17,11,,,0,,15,42,,,0,0,0,0,,0,10,38,0,,0,22,14,15,,,13,11,10,,,,0
41180,ST. LOUIS,2018,TRUE,single_year,2018,TRUE,TRUE,10,375,320,11,44,215,132,28,0,57.3,35.2,7.5,0.0,69000,51000,109000,175000,4.5,372,352,776,,99,55,28,86,48,59,98,52,25,,,33,295,47,,0,,,,20,0,15,330,,26,0,169,74,123,,27,156,76,59,29,23,,0
41180,ST. LOUIS,2019,TRUE,single_year,2019,FALSE,TRUE,6,404,333,17,54,238,142,24,0,58.9,35.1,5.9,0.0,68500,50000,100000,175000,4.375,398,367,766,10,111,65,33,110,37,48,108,61,27,,,35,296,48,14,,0,0,,39,0,11,341,,49,0,194,90,104,16,34,161,75,57,42,17,15,
41180,ST. LOUIS,2020,TRUE,single_year,2020,FALSE,TRUE,6,491,383,24,84,267,197,27,0,54.4,40.1,5.5,0.0,70500,51250,104000,195000,3.25,486,475,788,10,115,88,43,167,56,22,113,80,30,,22,18,336,81,11,,0,,,55,0,18,412,,57,0,256,112,102,21,38,233,100,56,37,21,,0
41180,ST. LOUIS,2021,TRUE,single_year,2021,FALSE,TRUE,6,478,385,17,76,221,220,37,0,46.2,46.0,7.7,0.0,73000,54000,103500,225000,3.125,471,463,1049,10,116,84,19,185,48,26,114,78,,,,15,309,100,10,0,0,0,,51,0,16,402,,59,0,240,120,89,29,57,210,109,42,37,18,,0
41180,ST. LOUIS,2022,TRUE,single_year,2022,FALSE,TRUE,7,452,378,20,54,255,160,37,0,56.4,35.4,8.2,0.0,84500,60000,130000,245000,4.85,446,432,959,12,125,81,24,133,54,35,123,73,16,,20,21,298,78,15,,0,,,50,0,14,384,,50,0,196,117,114,25,40,198,99,51,36,22,,
41180,ST. LOUIS,2023,TRUE,single_year,2023,FALSE,TRUE,5,411,337,23,51,237,145,29,0,57.7,35.3,7.1,0.0,96000,65000,133000,245000,6.75,405,384,750,13,104,68,44,112,50,33,102,64,34,,10,26,252,76,15,0,0,,,62,0,22,323,,62,0,173,108,107,23,55,163,96,44,29,16,,0
41180,ST. LOUIS,2024,TRUE,single_year,2024,FALSE,TRUE,5,423,346,22,55,303,88,32,0,71.6,20.8,7.6,0.0,100000,70000,149500,285000,6.999,419,387,747,14,109,51,107,62,43,51,108,47,96,,11,40,274,78,11,,0,,,47,0,18,353,,43,0,173,108,120,22,25,166,104,46,39,26,17,0
41180,ST. LOUIS,2025,TRUE,single_year,2025,FALSE,TRUE,3,429,364,22,43,308,84,37,0,71.8,19.6,8.6,0.0,107000,76000,157000,295000,6.75,426,396,765,14,121,64,89,48,65,42,120,59,82,,14,32,276,79,11,0,0,0,10,53,0,22,355,,49,0,162,96,149,22,36,157,104,49,40,29,13,
41304,ST. PETERSBURG-CLEARWATER-LARGO,2024,TRUE,single_year,2024,TRUE,TRUE,16,105,77,23,,64,31,10,0,61.0,29.5,9.5,0.0,133000,100000,176000,475000,6.625,105,102,117,,33,10,29,15,15,,30,,23,0,,,72,,,0,0,,,16,0,,73,,19,0,43,36,19,,,41,18,22,10,,,0
41304,ST. PETERSBURG-CLEARWATER-LARGO,2025,TRUE,single_year,2025,TRUE,TRUE,12,112,89,13,10,65,28,19,0,58.0,25.0,17.0,0.0,123000,87500,179000,425000,6.575,111,110,116,,25,15,34,19,14,,23,11,29,0,0,,80,,10,0,,,,12,0,17,82,,10,0,56,24,29,,12,40,27,22,,,,0
41420,SALEM,2018,TRUE,three_year_total,2018,TRUE,TRUE,21,47,44,,,25,20,,0,53.2,42.6,4.3,0.0,,,,,,47,47,78,,16,10,,14,,0,16,,,0,0,0,41,0,,0,0,0,,,0,11,28,,,0,20,,16,,,20,,,,,,0
41420,SALEM,2019,TRUE,single_year,2019,TRUE,TRUE,22,63,56,,,26,35,,0,41.3,55.6,3.2,0.0,79000,62000,100000,325000,4.25,61,63,71,,20,,,27,,0,20,,,0,,0,54,0,,,0,0,,,0,15,40,,,0,28,11,21,,,24,11,10,,,,
41420,SALEM,2020,TRUE,single_year,2020,TRUE,TRUE,24,56,48,,,21,28,,0,37.5,50.0,12.5,0.0,68000,55750,103250,330000,3,56,56,52,0,12,,,22,,0,11,,,0,,0,44,,,0,0,0,,,0,,41,,,0,26,,20,,,27,,,,,,0
41420,SALEM,2021,TRUE,single_year,2021,TRUE,TRUE,15,76,67,,,33,38,,0,43.4,50.0,6.6,0.0,84000,68500,121000,390000,2.875,75,76,99,,23,10,,30,,0,23,10,0,0,0,0,57,,,0,0,0,,15,0,17,45,,13,0,30,19,19,,,34,16,10,,,,0
41420,SALEM,2022,TRUE,single_year,2022,TRUE,TRUE,18,58,55,,,32,23,,0,55.2,39.7,5.2,0.0,97000,77250,125000,425000,4.99,56,57,63,0,24,,,14,,,23,,,0,,0,38,0,,,0,0,,15,0,14,33,0,11,0,20,16,18,,,19,11,,12,0,,
41420,SALEM,2023,TRUE,three_year_total,"2021,2022,2023",TRUE,TRUE,14,182,165,10,,87,84,11,0,47.8,46.2,6.0,0.0,,,,,,179,181,192,,62,27,20,60,12,,61,24,,0,,0,128,,,,0,,,39,0,46,104,,29,0,66,42,59,15,19,70,40,21,21,,,
41420,SALEM,2024,TRUE,three_year_total,"2022,2023,2024",TRUE,TRUE,18,149,135,,,81,61,,0,54.4,40.9,4.7,0.0,,,,,,147,148,121,,55,21,23,40,,,53,18,,0,,0,102,,,,0,,,29,0,41,85,,19,0,55,34,53,,22,54,30,17,21,,,
41420,SALEM,2025,TRUE,three_year_total,"2023,2024,2025",TRUE,TRUE,18,135,117,,,74,52,,0,54.8,38.5,6.7,0.0,,,,,,131,135,105,,38,18,33,35,,,37,13,23,0,,0,92,,,,,,,26,0,37,72,,19,0,59,22,47,,22,51,24,21,11,,,
41500,SALINAS,2018,TRUE,three_year_total,2018,TRUE,TRUE,26,14,14,0,0,,,,0,42.9,35.7,21.4,0.0,,,,,,14,14,34,0,,,,,,0,,0,,0,0,0,11,0,,0,0,,0,,0,,,,,0,,,,,0,,,,,,0,0
41500,SALINAS,2019,TRUE,three_year_total,"2018,2019",TRUE,TRUE,26,21,19,,,10,,,0,47.6,38.1,14.3,0.0,,,,,,21,21,58,,10,,,,,0,,0,,0,0,0,18,0,,0,0,,0,,0,,,,,0,10,,,,0,,,,,,0,0
41500,SALINAS,2020,TRUE,three_year_total,"2018,2019,2020",TRUE,TRUE,21,42,38,,,25,14,,0,59.5,33.3,7.1,0.0,,,,,,41,42,92,,21,,,10,,0,20,,,0,0,0,32,,,0,0,,0,,0,17,19,,,0,20,,15,,,17,10,,,,0,0
41500,SALINAS,2021,TRUE,three_year_total,"2019,2020,2021",TRUE,TRUE,23,51,42,,,37,13,,0,72.5,25.5,2.0,0.0,,,,,,50,51,101,,32,,,,,,31,,0,0,0,0,36,,,0,0,,0,,0,19,24,,,0,19,,20,,,17,12,,,,,0
41500,SALINAS,2022,TRUE,three_year_total,"2020,2021,2022",TRUE,TRUE,17,70,61,,,51,17,,0,72.9,24.3,2.9,0.0,,,,,,68,70,102,,40,13,,11,,,40,11,0,0,0,0,49,,,0,0,,0,13,0,23,35,,11,0,22,15,27,,,26,22,,,,,0
41500,SALINAS,2023,TRUE,three_year_total,"2021,2022,2023",TRUE,TRUE,17,76,64,,,52,22,,0,68.4,28.9,2.6,0.0,,,,,,74,76,91,,43,11,,12,,,43,,0,0,0,0,54,0,,0,0,,0,15,0,32,32,,11,0,21,20,29,,,27,28,,,,,0
41500,SALINAS,2024,TRUE,three_year_total,"2022,2023,2024",TRUE,TRUE,18,77,62,14,,56,20,,0,72.7,26.0,1.3,0.0,,,,,,74,77,75,,42,,,13,,,41,,,0,0,0,54,,,0,0,0,,16,0,35,28,,13,0,24,20,27,,,26,31,11,,,,0
41500,SALINAS,2025,TRUE,three_year_total,"2023,2024,2025",TRUE,TRUE,15,66,48,17,,49,16,,0,74.2,24.2,1.5,0.0,,,,,,64,66,79,,34,,12,11,,,33,,11,0,0,,49,,,0,0,0,,12,0,39,17,0,10,0,25,15,23,,,24,24,11,,,0,0
41540,SALISBURY,2018,TRUE,three_year_total,2018,TRUE,TRUE,22,19,16,,,14,,0,0,73.7,26.3,0.0,0.0,,,,,,19,12,36,,,,0,,0,,,,0,0,0,,18,,0,0,0,0,0,0,0,0,18,,0,0,,,10,0,,,,,,,,0
41540,SALISBURY,2019,TRUE,three_year_total,"2018,2019",TRUE,TRUE,20,41,34,,,33,,0,0,80.5,19.5,0.0,0.0,,,,,,41,32,57,,18,,0,,0,,18,,0,0,0,,38,,0,0,0,0,0,,0,0,38,,,0,11,,24,0,,,,10,,,,0
41540,SALISBURY,2020,TRUE,three_year_total,"2018,2019,2020",TRUE,TRUE,18,52,44,,,38,13,,0,73.1,25.0,1.9,0.0,,,,,,52,41,82,,19,,,13,,11,19,,,0,0,11,48,,0,0,0,0,0,,0,,46,,,0,18,10,24,0,,12,,14,12,,,0
41540,SALISBURY,2021,TRUE,three_year_total,"2019,2020,2021",TRUE,TRUE,17,55,46,,,41,12,,0,74.5,21.8,3.6,0.0,,,,,,55,43,90,,18,,,10,,15,18,,,0,0,15,43,,0,0,0,0,0,,0,,41,0,,0,20,,25,,,11,10,18,10,,0,0
41540,SALISBURY,2022,TRUE,three_year_total,"2020,2021,2022",TRUE,TRUE,17,52,46,,,39,11,,0,75.0,21.2,3.8,0.0,,,,,,52,37,89,0,12,,,,,17,11,,,0,0,17,36,,0,0,0,0,0,,0,,35,,10,0,18,10,22,,,12,10,16,,,0,0
41540,SALISBURY,2023,TRUE,three_year_total,"2021,2022,2023",TRUE,TRUE,15,59,51,,,48,10,,0,81.4,16.9,1.7,0.0,,,,,,59,38,86,0,15,,,,,24,14,,,0,0,24,39,10,0,0,0,0,0,10,0,,41,,11,0,17,10,29,,,15,12,15,,,0,0
41540,SALISBURY,2024,TRUE,three_year_total,"2022,2023,2024",TRUE,TRUE,20,43,37,,,36,,0,0,83.7,16.3,0.0,0.0,,,,,,43,28,53,0,12,,,,0,16,11,,,0,0,16,29,,0,0,0,,0,,0,,29,,,0,14,,20,,,11,,11,,,0,0
41540,SALISBURY,2025,TRUE,three_year_total,"2023,2024,2025",TRUE,TRUE,25,33,28,,,26,,0,0,78.8,21.2,0.0,0.0,,,,,,33,18,46,0,,,,,,16,,,,0,0,16,22,,0,0,0,,0,,0,,22,,,0,14,,12,,,,,,,,0,0
41620,SALT LAKE CITY-MURRAY,2018,TRUE,single_year,2018,TRUE,TRUE,15,109,97,,,51,49,,0,46.8,45.0,8.3,0.0,80000,63750,108500,335000,4.75,108,109,210,0,29,17,17,33,12,,29,14,,0,0,0,91,,,0,0,0,,,0,,95,0,,0,54,18,32,,,48,31,13,,0,,0
41620,SALT LAKE CITY-MURRAY,2019,TRUE,single_year,2019,TRUE,TRUE,15,114,88,,18,69,42,,0,60.5,36.8,2.6,0.0,84000,62000,119000,395000,4,113,114,182,,42,13,26,25,,,42,,17,0,0,,92,0,,0,0,0,,19,0,,81,,22,0,55,10,32,17,12,58,25,10,,,,
41620,SALT LAKE CITY-MURRAY,2020,TRUE,single_year,2020,TRUE,TRUE,16,124,105,,12,73,44,,0,58.9,35.5,5.6,0.0,90000,70000,132500,425000,3.125,123,124,169,0,47,23,,35,,,46,21,,0,0,,99,,,0,,0,,16,0,,95,,22,0,60,19,35,10,14,53,29,17,,0,,
41620,SALT LAKE CITY-MURRAY,2021,TRUE,single_year,2021,TRUE,TRUE,19,123,107,,11,72,43,,0,58.5,35.0,6.5,0.0,100000,74000,144000,535000,2.99,121,123,275,,43,32,,29,,,43,27,,0,0,,89,,,,,0,,24,0,,85,,25,0,49,22,37,15,14,62,24,11,,,,
41620,SALT LAKE CITY-MURRAY,2022,TRUE,single_year,2022,TRUE,TRUE,21,71,64,,,50,17,,0,70.4,23.9,5.6,0.0,135000,97000,220000,595000,4.999,69,71,160,,35,12,,10,,,35,11,,0,0,,49,,,0,,0,,12,0,,54,,12,0,32,10,22,,,26,14,11,,,,
41620,SALT LAKE CITY-MURRAY,2023,TRUE,single_year,2023,TRUE,TRUE,18,71,55,,11,46,22,,0,64.8,31.0,4.2,0.0,170000,121500,243000,655000,6.5,71,71,82,,36,,,15,,,36,,,0,0,0,47,,,0,0,0,,13,0,,47,,12,0,23,16,25,,,30,20,12,,0,,0
41620,SALT LAKE CITY-MURRAY,2024,TRUE,single_year,2024,TRUE,TRUE,17,91,73,11,,73,15,,0,80.2,16.5,3.3,0.0,151000,109500,202500,605000,6.875,91,91,92,,42,,25,,,,40,,23,0,0,,60,0,,0,,0,,20,0,12,59,,17,0,40,15,31,,12,42,13,13,,,,0
41620,SALT LAKE CITY-MURRAY,2025,TRUE,single_year,2025,TRUE,TRUE,18,79,59,,13,57,17,,0,72.2,21.5,6.3,0.0,150000,119500,225750,635000,6.5,76,78,103,,28,,23,13,,,27,,21,,0,,63,0,,0,,0,,,0,10,60,,,0,39,10,25,,13,36,13,12,,0,0,
41660,SAN ANGELO,2018,TRUE,three_year_total,2018,TRUE,TRUE,17,,,0,0,,,0,0,50.0,50.0,0.0,0.0,,,,,,,,,0,0,0,0,,0,,0,0,0,0,0,,,0,0,0,0,0,0,0,0,,,0,0,0,0,,,0,0,,0,,0,0,0,0
41660,SAN ANGELO,2019,TRUE,three_year_total,"2018,2019",TRUE,TRUE,23,,,0,0,,,,0,60.0,20.0,20.0,0.0,,,,,,,,15,0,0,,0,,,,0,,0,0,0,,,0,0,0,0,0,0,0,0,,,0,0,0,,,,0,,,0,,,0,0,0
41660,SAN ANGELO,2020,TRUE,three_year_total,"2018,2019,2020",TRUE,TRUE,27,,,0,,,,,0,50.0,37.5,12.5,0.0,,,,,,,,19,0,,,0,,,,,,0,0,0,,,0,0,0,0,0,0,0,0,,,0,0,0,,,,0,,,0,,,0,,0
41660,SAN ANGELO,2021,TRUE,three_year_total,"2019,2020,2021",TRUE,TRUE,26,10,,0,,,,,0,70.0,20.0,10.0,0.0,,,,,,10,,14,0,,,0,,,,,,0,0,0,,10,0,0,0,0,0,0,0,0,,,0,0,0,,,,0,,,,,,,,0
41660,SAN ANGELO,2022,TRUE,three_year_total,"2020,2021,2022",TRUE,TRUE,23,14,12,,,10,,0,0,71.4,28.6,0.0,0.0,,,,,,14,10,18,0,,,,,0,,,,,0,0,,14,0,0,0,0,0,0,0,0,,10,0,0,0,,,,0,,,,,,,,0
41660,SAN ANGELO,2023,TRUE,three_year_total,"2021,2022,2023",TRUE,TRUE,24,22,21,,0,17,,,0,77.3,18.2,4.5,0.0,,,,,,22,14,20,0,,,,,0,11,,,,0,0,10,20,,0,0,0,0,0,,0,,15,0,,0,,,,0,,,,,,,,0
41660,SAN ANGELO,2024,TRUE,three_year_total,"2022,2023,2024",TRUE,TRUE,26,30,27,,,22,,,0,73.3,16.7,10.0,0.0,,,,,,30,20,24,0,,,,,,13,,,,0,,12,26,,0,0,0,0,0,,0,,24,0,,0,,,13,0,,,,,,,,0
41660,SAN ANGELO,2025,TRUE,three_year_total,"2023,2024,2025",TRUE,TRUE,28,35,32,,,29,,,0,82.9,8.6,8.6,0.0,,,,,,35,21,24,0,,,,,,17,,,,0,,16,28,,0,,0,0,0,,0,,26,,,0,,10,15,,,,,,,,,0
41700,SAN ANTONIO-NEW BRAUNFELS,2018,TRUE,single_year,2018,TRUE,TRUE,15,81,54,,21,31,23,27,0,38.3,28.4,33.3,0.0,75000,63500,107500,265000,4.75,80,81,231,,17,,10,16,24,,17,,,0,,,56,12,,0,,0,0,11,0,21,46,,11,0,32,21,24,,,36,20,12,,,0,0
41700,SAN ANTONIO-NEW BRAUNFELS,2019,TRUE,single_year,2019,TRUE,TRUE,11,113,85,11,17,47,35,31,0,41.6,31.0,27.4,0.0,80000,56000,117000,245000,3.97,113,106,255,,21,12,,30,30,12,21,11,,0,,,73,,,,0,0,,24,0,35,59,,15,0,54,21,28,10,10,38,31,16,10,,0,0
41700,SAN ANTONIO-NEW BRAUNFELS,2020,TRUE,single_year,2020,TRUE,TRUE,15,117,83,11,23,41,34,42,0,35.0,29.1,35.9,0.0,94500,62750,153500,315000,3,116,105,297,,18,,,26,35,22,18,,,0,0,14,72,13,,,,,,20,0,30,63,,18,0,58,21,32,,,51,28,17,,,0,0
41700,SAN ANTONIO-NEW BRAUNFELS,2021,TRUE,single_year,2021,TRUE,TRUE,9,133,101,12,20,54,46,33,0,40.6,34.6,24.8,0.0,94000,70000,139000,325000,3,133,121,382,,21,18,,37,31,20,21,16,,0,,14,79,11,,,0,0,,31,0,39,65,,23,0,73,24,23,13,14,66,34,12,,0,0,0
41700,SAN ANTONIO-NEW BRAUNFELS,2022,TRUE,single_year,2022,TRUE,TRUE,15,154,127,10,17,52,56,46,0,33.8,36.4,29.9,0.0,106000,74000,150000,345000,5.125,153,148,455,,26,19,,41,46,16,24,14,,0,,10,81,16,,,,,,43,0,51,73,,25,0,81,30,35,,,68,50,18,,,,0
41700,SAN ANTONIO-NEW BRAUNFELS,2023,TRUE,single_year,2023,TRUE,TRUE,15,165,136,,20,44,49,72,0,26.7,29.7,43.6,0.0,119000,93000,161000,455000,6.375,165,163,247,,21,14,15,40,62,13,19,12,,,,,83,24,,,,,,36,0,68,66,,28,0,80,31,40,14,16,67,51,22,,,,0
41700,SAN ANTONIO-NEW BRAUNFELS,2024,TRUE,single_year,2024,TRUE,TRUE,9,194,159,10,25,78,46,70,0,40.2,23.7,36.1,0.0,120500,92000,169250,435000,6.125,194,188,275,,22,11,49,37,58,17,21,10,39,0,0,,85,33,,,,0,,58,0,61,71,,55,0,89,49,41,15,20,79,51,29,11,,,0
41700,SAN ANTONIO-NEW BRAUNFELS,2025,TRUE,single_year,2025,TRUE,TRUE,9,212,168,,36,79,57,76,0,37.3,26.9,35.8,0.0,109000,82000,157000,365000,6.125,177,198,257,17,34,17,35,34,72,20,28,14,27,0,,,118,32,,,0,,,42,0,70,93,18,31,0,118,39,44,11,25,77,53,28,18,,,0
41740,SAN DIEGO-CHULA VISTA-CARLSBAD,2018,TRUE,single_year,2018,TRUE,TRUE,9,258,208,34,16,152,59,47,0,58.9,22.9,18.2,0.0,131500,95000,184500,570000,4.625,258,255,398,,123,39,21,42,28,,116,29,,0,0,,181,,20,0,,0,,41,0,57,156,10,35,0,117,32,95,14,,99,81,31,22,12,,0
41740,SAN DIEGO-CHULA VISTA-CARLSBAD,2019,TRUE,single_year,2019,FALSE,TRUE,6,271,214,36,21,156,62,53,0,57.6,22.9,19.6,0.0,135000,100000,190500,625000,4,267,271,373,11,124,35,35,37,37,,122,23,10,0,0,,163,15,32,0,,0,13,47,0,52,159,,51,0,125,39,86,21,11,107,74,37,27,12,,
41740,SAN DIEGO-CHULA VISTA-CARLSBAD,2020,TRUE,single_year,2020,FALSE,TRUE,6,404,300,60,44,203,92,109,0,50.2,22.8,27.0,0.0,137000,106000,198000,700000,3,401,403,346,10,158,45,33,78,80,10,155,38,,0,,,254,14,30,,0,0,11,94,0,69,243,12,80,0,174,54,138,38,22,167,106,52,34,17,,
41740,SAN DIEGO-CHULA VISTA-CARLSBAD,2021,TRUE,single_year,2021,FALSE,TRUE,8,509,383,74,52,304,94,111,0,59.7,18.5,21.8,0.0,156000,117000,222500,805000,2.99,504,509,530,12,233,81,25,71,98,,230,67,,0,,0,276,18,44,,,,13,154,0,98,262,22,127,0,204,74,169,62,24,189,179,65,33,13,,
41740,SAN DIEGO-CHULA VISTA-CARLSBAD,2022,TRUE,single_year,2022,TRUE,TRUE,10,317,246,39,32,189,59,69,0,59.6,18.6,21.8,0.0,183000,144000,267000,875000,4.625,305,316,304,,138,56,16,40,61,,136,49,0,0,,,197,12,24,,,0,,73,0,73,158,17,69,0,121,46,119,31,13,125,109,40,17,,,
41740,SAN DIEGO-CHULA VISTA-CARLSBAD,2023,TRUE,single_year,2023,TRUE,TRUE,9,228,168,30,30,110,58,60,0,48.2,25.4,26.3,0.0,201500,158000,296750,855000,6.375,226,228,218,,82,35,,44,55,,79,26,,0,0,,112,10,20,0,,,12,72,0,54,101,11,62,0,82,39,81,26,12,91,83,24,11,,,0
41740,SAN DIEGO-CHULA VISTA-CARLSBAD,2024,TRUE,single_year,2024,TRUE,TRUE,8,275,203,42,30,180,37,58,0,65.5,13.5,21.1,0.0,229000,182500,314500,935000,6.625,271,275,229,,114,39,49,23,46,,113,29,36,0,0,,160,,27,,0,0,,74,0,61,134,14,66,0,107,29,115,24,12,123,76,31,16,10,,
41740,SAN DIEGO-CHULA VISTA-CARLSBAD,2025,TRUE,single_year,2025,TRUE,TRUE,12,264,191,52,21,162,38,64,0,61.4,14.4,24.2,0.0,224500,167750,317750,885000,6.375,260,264,268,,102,40,32,29,54,,98,32,26,,0,,139,,27,,,,21,63,0,64,130,,61,0,100,48,96,20,13,108,78,33,21,,,
41780,SANDUSKY,2024,TRUE,three_year_total,2024,TRUE,TRUE,20,10,10,0,0,,,,0,60.0,30.0,10.0,0.0,,,,,,10,,32,0,0,0,,,,,0,0,,0,0,,,0,0,0,0,0,0,,0,,,0,,0,,,0,0,0,,,,0,0,0,0
41780,SANDUSKY,2025,TRUE,three_year_total,"2024,2025",TRUE,TRUE,24,24,21,,,17,,,0,70.8,25.0,4.2,0.0,,,,,,24,20,50,0,,,10,,,,,0,,0,0,,16,,0,0,0,0,0,,0,,16,,,0,17,,,,,13,,,,0,0,0
41884,SAN FRANCISCO-SAN MATEO-REDWOOD CITY,2018,TRUE,single_year,2018,TRUE,TRUE,18,253,213,29,11,250,,0,0,98.8,1.2,0.0,0.0,328000,251000,450000,1315000,4.125,247,252,237,,241,,,,,,241,,,0,,,112,,78,0,0,0,25,36,0,,198,,37,0,78,26,131,18,,81,104,40,12,,,
41884,SAN FRANCISCO-SAN MATEO-REDWOOD CITY,2019,TRUE,single_year,2019,TRUE,TRUE,10,260,207,40,13,259,0,,0,99.6,0.0,0.4,0.0,323000,234000,450000,1355000,3.575,251,260,232,,235,24,0,0,,0,235,23,0,0,,0,111,,70,0,0,0,20,55,0,,197,,52,0,88,34,109,29,,92,89,50,17,,0,
41884,SAN FRANCISCO-SAN MATEO-REDWOOD CITY,2020,TRUE,single_year,2020,TRUE,TRUE,16,250,206,32,12,244,,,0,97.6,2.0,0.4,0.0,342000,238000,447000,1330000,3,239,249,131,,236,,0,,,,236,,0,0,0,,106,,68,0,,0,22,52,0,,185,10,49,0,76,26,125,23,,68,89,51,20,,,
41884,SAN FRANCISCO-SAN MATEO-REDWOOD CITY,2021,TRUE,single_year,2021,TRUE,TRUE,13,506,403,82,21,501,,,0,99.0,0.4,0.6,0.0,333000,244000,478500,1435000,2.875,483,504,271,24,480,20,,0,,,479,19,0,0,,,193,,161,,,0,44,105,0,19,375,21,91,0,157,59,245,45,,170,177,93,35,17,,
41884,SAN FRANCISCO-SAN MATEO-REDWOOD CITY,2022,TRUE,single_year,2022,TRUE,TRUE,14,377,301,52,24,371,,,0,98.4,1.3,0.3,0.0,385000,278000,561500,1455000,3.875,359,374,213,12,360,,,,,,359,,0,0,0,,159,,102,,0,0,34,78,0,23,259,18,77,0,109,58,178,32,,118,152,55,25,14,,
41884,SAN FRANCISCO-SAN MATEO-REDWOOD CITY,2023,TRUE,single_year,2023,TRUE,TRUE,16,255,204,26,25,230,21,,0,90.2,8.2,1.6,0.0,380000,286000,492000,1245000,6.312,241,254,134,10,205,29,,,,,204,18,0,,,,94,,72,,0,0,29,58,0,,190,,48,0,77,33,126,19,,78,98,44,17,,,
41884,SAN FRANCISCO-SAN MATEO-REDWOOD CITY,2024,TRUE,single_year,2024,TRUE,TRUE,17,256,186,50,20,246,,,0,96.1,3.5,0.4,0.0,372000,257000,517000,1210000,6.5,249,255,142,21,226,15,,,,,226,13,,0,0,,92,,89,0,,,19,52,0,,193,,47,0,85,40,108,23,,88,106,34,15,,,
41884,SAN FRANCISCO-SAN MATEO-REDWOOD CITY,2025,TRUE,single_year,2025,TRUE,TRUE,12,287,208,52,27,273,12,,0,95.1,4.2,0.7,0.0,366000,259500,478500,1185000,6.375,279,282,191,15,232,23,,10,,12,231,22,,0,,12,111,,87,,,,22,58,0,19,199,12,57,0,99,44,121,23,,80,98,56,34,10,,
41900,SAN GERMÁN,2018,TRUE,three_year_total,2018,TRUE,TRUE,15,,,0,0,,,0,0,50.0,50.0,0.0,0.0,,,,,,,,,0,,0,0,0,,0,,0,0,0,0,0,,0,0,0,0,0,0,0,0,,0,0,0,0,,,0,0,0,0,0,,0,0,0,0
41900,SAN GERMÁN,2019,TRUE,three_year_total,"2018,2019",TRUE,TRUE,25,,,,,,,,0,11.1,66.7,22.2,0.0,,,,,,,,,0,,0,0,,,0,,0,0,0,0,0,,0,0,0,0,0,0,0,0,,,0,0,0,,,,0,,,,,0,,0,0
41900,SAN GERMÁN,2020,TRUE,three_year_total,"2018,2019,2020",TRUE,TRUE,21,14,10,,,,10,,0,14.3,71.4,14.3,0.0,,,,,,14,14,,0,,0,,,,,,0,0,0,0,0,14,0,0,0,0,0,0,0,0,13,,0,0,0,,,,0,,,,,0,,,0
41900,SAN GERMÁN,2021,TRUE,three_year_total,"2019,2020,2021",TRUE,TRUE,20,28,20,,,,21,,0,10.7,75.0,14.3,0.0,,,,,,28,28,,0,,,,17,,,,,0,0,0,0,28,0,0,0,0,0,0,0,0,27,,0,0,0,12,,,0,,10,,,0,,,0
41900,SAN GERMÁN,2022,TRUE,three_year_total,"2020,2021,2022",TRUE,TRUE,21,25,20,,,,19,,0,16.0,76.0,8.0,0.0,,,,,,25,25,,0,,,,16,,,,,0,0,0,0,25,0,0,0,0,0,0,0,0,25,0,0,0,0,,,,0,0,,,,,,,0
41900,SAN GERMÁN,2023,TRUE,three_year_total,"2021,2022,2023",TRUE,TRUE,19,29,23,,,,19,,0,20.7,65.5,13.8,0.0,,,,,,29,29,,0,,,0,16,,0,,,0,0,,0,28,0,0,0,0,0,0,,0,27,,,0,0,10,11,,0,0,10,,,,,0,0
41940,SAN JOSE-SUNNYVALE-SANTA CLARA,2018,TRUE,single_year,2018,TRUE,TRUE,15,82,65,,12,76,,0,0,92.7,7.3,0.0,0.0,243500,179500,361750,960000,4.375,82,82,197,,72,,,,,0,71,,0,0,0,0,26,0,42,0,0,0,,10,0,13,56,,10,0,18,11,48,,,25,34,11,,,,0
41940,SAN JOSE-SUNNYVALE-SANTA CLARA,2019,TRUE,single_year,2019,TRUE,TRUE,17,74,59,,12,73,,0,0,98.6,1.4,0.0,0.0,276000,172000,367500,985000,3.813,74,74,198,,64,,,,0,,64,,,0,0,,20,0,39,0,0,0,,14,0,,55,,11,0,25,12,32,,,23,29,15,,,0,0
41940,SAN JOSE-SUNNYVALE-SANTA CLARA,2020,TRUE,single_year,2020,TRUE,TRUE,16,66,52,,,61,,,0,92.4,4.5,3.0,0.0,269000,191250,351250,1080000,2.979,64,66,161,,62,,0,,0,,61,0,0,0,0,0,15,0,35,0,,0,,13,0,,46,,14,0,24,11,24,,0,21,26,16,,0,,
41940,SAN JOSE-SUNNYVALE-SANTA CLARA,2021,TRUE,single_year,2021,TRUE,TRUE,15,149,109,11,29,144,,,0,96.6,2.7,0.7,0.0,254000,180000,404000,1255000,2.875,149,149,288,,136,,0,,0,,135,,0,0,0,,33,,78,0,,0,,30,0,14,104,,29,0,63,23,53,10,,53,47,34,,,0,0
41940,SAN JOSE-SUNNYVALE-SANTA CLARA,2022,TRUE,single_year,2022,TRUE,TRUE,17,106,82,12,12,101,,0,0,95.3,4.7,0.0,0.0,312000,206000,450000,1225000,3.975,101,106,173,,97,,,,0,,97,,0,0,0,,29,0,58,0,0,,,15,0,13,77,,13,0,34,18,47,,,33,32,22,,,,
41940,SAN JOSE-SUNNYVALE-SANTA CLARA,2023,TRUE,single_year,2023,TRUE,TRUE,12,89,76,,12,84,,0,0,94.4,5.6,0.0,0.0,318000,235000,381500,1065000,6.375,88,89,93,,70,14,,,0,0,70,14,0,0,0,0,24,0,38,0,0,0,,24,0,12,52,,20,0,25,20,35,,,26,29,20,,,,0
41940,SAN JOSE-SUNNYVALE-SANTA CLARA,2024,TRUE,single_year,2024,TRUE,TRUE,16,117,91,10,16,112,,0,0,95.7,4.3,0.0,0.0,302000,220750,422750,1095000,6.625,114,117,156,,102,,,,0,0,101,,,0,0,0,24,,64,0,,,,23,0,18,75,,21,0,42,22,45,,,37,41,21,10,,0,
41940,SAN JOSE-SUNNYVALE-SANTA CLARA,2025,TRUE,single_year,2025,TRUE,TRUE,17,87,66,,15,83,,,0,95.4,2.3,2.3,0.0,302000,214000,444000,1095000,6.125,85,87,161,,72,,,0,,,72,,,0,0,,19,,51,0,0,0,,15,0,12,62,0,13,0,32,13,34,,,25,28,22,,,0,0
41980,SAN JUAN-BAYAMÓN-CAGUAS,2018,TRUE,single_year,2018,TRUE,TRUE,13,267,199,50,18,35,220,12,0,13.1,82.4,4.5,0.0,37000,29000,54000,105000,4.813,266,266,52,,21,18,,83,77,64,16,12,,0,,,235,23,,,0,0,,,0,264,,,0,0,109,83,75,0,15,93,74,48,23,11,,
41980,SAN JUAN-BAYAMÓN-CAGUAS,2019,TRUE,single_year,2019,FALSE,TRUE,14,361,264,59,38,40,300,21,0,11.1,83.1,5.8,0.0,38000,29000,52000,105000,4.5,357,357,64,0,16,16,,107,70,148,14,11,,0,,,318,27,,,,0,,,0,351,,,,0,169,117,74,,20,131,96,63,29,20,,0
41980,SAN JUAN-BAYAMÓN-CAGUAS,2020,TRUE,single_year,2020,FALSE,TRUE,12,316,228,65,23,22,276,18,0,7.0,87.3,5.7,0.0,36500,27000,51000,115000,3,312,314,39,0,13,12,,127,46,111,11,,,0,0,,283,21,,0,0,0,,,0,308,,,,0,164,79,72,,17,121,64,65,26,17,,0
41980,SAN JUAN-BAYAMÓN-CAGUAS,2021,TRUE,single_year,2021,FALSE,TRUE,11,482,355,98,29,54,407,21,0,11.2,84.4,4.4,0.0,39000,29750,56000,125000,3.085,476,482,76,0,22,16,,218,78,141,19,12,,0,,12,424,35,0,,,,,15,0,469,,,,0,213,154,115,0,26,178,127,82,46,18,,0
41980,SAN JUAN-BAYAMÓN-CAGUAS,2022,TRUE,single_year,2022,FALSE,TRUE,10,481,382,66,33,86,364,31,0,17.9,75.7,6.4,0.0,46000,35000,65000,125000,5.5,478,481,91,0,35,39,11,180,106,110,24,32,,,13,14,418,24,,,0,0,11,26,0,465,,,,0,194,160,123,,12,186,122,75,49,28,,
41980,SAN JUAN-BAYAMÓN-CAGUAS,2023,TRUE,single_year,2023,TRUE,TRUE,9,488,384,79,25,82,379,27,0,16.8,77.7,5.5,0.0,49000,36500,72000,135000,6.5,487,488,90,,30,36,15,169,144,94,20,24,,0,16,15,434,28,,,0,0,,15,0,471,11,,,0,209,157,121,,25,198,126,76,40,17,,0
41980,SAN JUAN-BAYAMÓN-CAGUAS,2024,TRUE,single_year,2024,FALSE,TRUE,7,501,387,84,30,100,358,43,0,20.0,71.5,8.6,0.0,54000,39000,76000,155000,6.5,497,501,113,0,33,45,16,160,153,94,19,33,10,0,22,16,383,75,,,0,,13,25,0,480,13,,,0,216,171,112,,25,202,137,70,46,19,,0
41980,SAN JUAN-BAYAMÓN-CAGUAS,2025,TRUE,single_year,2025,TRUE,TRUE,8,569,437,92,40,74,452,43,0,13.0,79.4,7.6,0.0,55000,40000,76000,165000,6,563,555,109,,50,31,26,189,130,143,19,19,16,0,,11,481,42,0,,0,0,10,35,0,552,13,,,0,282,184,102,,37,240,149,79,45,15,,
42020,SAN LUIS OBISPO-PASO ROBLES,2018,TRUE,three_year_total,2018,TRUE,TRUE,23,23,21,,,16,,0,0,69.6,30.4,0.0,0.0,,,,,,23,22,40,,12,,,,0,,11,,0,0,0,,21,0,0,0,0,0,0,,0,,17,,,0,,,14,0,,,,,,,,0
42020,SAN LUIS OBISPO-PASO ROBLES,2019,TRUE,three_year_total,"2018,2019",TRUE,TRUE,19,55,47,,,37,16,,0,67.3,29.1,3.6,0.0,,,,,,55,53,69,,26,,,,,,24,,,0,0,,43,0,0,0,0,0,0,12,0,,35,,12,0,13,10,29,,,14,16,11,,,,0
42020,SAN LUIS OBISPO-PASO ROBLES,2020,TRUE,three_year_total,"2018,2019,2020",TRUE,TRUE,16,76,66,,,51,21,,0,67.1,27.6,5.3,0.0,,,,,,76,74,109,,37,11,,11,,,35,,,0,0,,61,0,0,0,0,0,0,15,0,,48,,18,0,19,13,39,,,21,19,15,10,,,0
42020,SAN LUIS OBISPO-PASO ROBLES,2021,TRUE,three_year_total,"2019,2020,2021",TRUE,TRUE,18,83,68,,,57,19,,0,68.7,22.9,8.4,0.0,,,,,,83,81,115,,43,10,,11,,,42,,,0,0,,61,,,0,0,0,0,19,0,,53,,22,0,24,10,41,,,26,20,18,11,,,0
42020,SAN LUIS OBISPO-PASO ROBLES,2022,TRUE,three_year_total,"2020,2021,2022",TRUE,TRUE,18,68,55,,,49,13,,0,72.1,19.1,8.8,0.0,,,,,,68,66,117,,37,11,,,,,37,,0,0,0,,54,,,0,0,0,0,11,0,,48,,14,0,19,11,33,,,19,14,18,11,,,0
42020,SAN LUIS OBISPO-PASO ROBLES,2023,TRUE,three_year_total,"2021,2022,2023",TRUE,TRUE,21,58,45,,,45,,,0,77.6,15.5,6.9,0.0,,,,,,58,56,96,,33,10,,,,,33,,0,0,0,,44,,,0,0,0,0,11,0,,41,,10,0,16,,31,,,15,14,16,,,,0
42020,SAN LUIS OBISPO-PASO ROBLES,2024,TRUE,three_year_total,"2022,2023,2024",TRUE,TRUE,23,46,34,,,40,,,0,87.0,10.9,2.2,0.0,,,,,,46,45,81,,28,,,,,,28,,,0,0,,35,0,0,0,0,0,,10,0,,31,,,0,12,10,22,,,11,15,,,,,0
42020,SAN LUIS OBISPO-PASO ROBLES,2025,TRUE,three_year_total,"2023,2024,2025",TRUE,TRUE,23,48,36,,,42,,,0,87.5,10.4,2.1,0.0,,,,,,48,48,80,,28,,,,0,,28,,,0,0,,34,0,,,0,0,,10,0,,28,,11,0,12,,26,,,14,16,,,,0,0
42034,SAN RAFAEL,2018,TRUE,three_year_total,2018,TRUE,TRUE,15,16,14,,0,16,0,0,0,100.0,0.0,0.0,0.0,,,,,,15,16,26,,15,,0,0,0,0,15,,0,0,0,0,10,0,,0,0,0,0,,0,0,15,0,,0,,,,,0,,,,,0,0,0
42034,SAN RAFAEL,2019,TRUE,three_year_total,"2018,2019",TRUE,TRUE,16,35,31,,0,35,0,0,0,100.0,0.0,0.0,0.0,,,,,,31,35,47,,33,,0,0,0,0,33,,0,0,0,0,18,0,,0,0,0,,,0,,26,0,,0,10,,10,,0,,,11,,,,0
42034,SAN RAFAEL,2020,TRUE,three_year_total,"2018,2019,2020",TRUE,TRUE,16,83,74,,0,78,,,0,94.0,2.4,3.6,0.0,,,,,,79,83,66,,70,,,0,,,70,,,0,0,0,48,0,,0,0,0,,22,0,,59,,18,0,26,12,31,14,0,17,26,24,11,,,0
42034,SAN RAFAEL,2021,TRUE,single_year,2021,TRUE,TRUE,19,63,57,,0,57,,,0,90.5,7.9,1.6,0.0,258000,177500,450000,1015000,2.9,63,63,33,0,54,,,,,,54,,0,0,,0,41,0,,0,0,0,,14,0,,49,,,0,11,10,36,,0,15,24,11,,,,0
42034,SAN RAFAEL,2022,TRUE,single_year,2022,TRUE,TRUE,16,58,52,,,57,,0,0,98.3,1.7,0.0,0.0,389000,250000,605000,1340000,4.05,57,56,25,0,54,,,0,0,,54,,0,0,0,,39,0,,0,0,0,,10,0,,40,,11,0,15,,31,,0,10,18,12,14,,0,
42034,SAN RAFAEL,2023,TRUE,three_year_total,"2021,2022,2023",TRUE,TRUE,19,142,127,13,,133,,,0,93.7,4.9,1.4,0.0,,,,,,140,140,67,,126,,,,,,125,,0,0,,,94,,12,0,0,0,,26,0,,105,,24,0,31,26,75,10,0,31,47,26,30,,,
42034,SAN RAFAEL,2024,TRUE,three_year_total,"2022,2023,2024",TRUE,TRUE,16,104,89,11,,99,,,0,95.2,2.9,1.9,0.0,,,,,,101,102,46,,93,,,0,0,,91,,0,0,0,,71,,10,0,0,0,,16,0,,76,,20,0,24,21,53,,0,21,32,23,23,,0,
42034,SAN RAFAEL,2025,TRUE,three_year_total,"2023,2024,2025",TRUE,TRUE,19,77,61,,,71,,,0,92.2,3.9,3.9,0.0,,,,,,74,77,38,,67,,,,0,,65,,0,0,0,,57,,,0,0,0,,,0,,62,0,12,0,20,23,31,,0,15,24,17,16,,,0
42100,SANTA CRUZ-WATSONVILLE,2018,TRUE,three_year_total,2018,TRUE,TRUE,25,24,20,,,20,,,0,83.3,12.5,4.2,0.0,,,,,,24,24,26,0,16,,,,,,16,,0,0,0,,17,0,,0,0,0,,,0,,15,,,0,,,15,,,,,,,0,0,0
42100,SANTA CRUZ-WATSONVILLE,2019,TRUE,three_year_total,"2018,2019",TRUE,TRUE,21,45,35,,,38,,,0,84.4,8.9,6.7,0.0,,,,,,45,45,56,0,34,,,,,,33,,0,0,0,,34,0,,0,0,0,,,0,,31,,,0,13,10,21,,,12,14,13,,0,,0
42100,SANTA CRUZ-WATSONVILLE,2020,TRUE,three_year_total,"2018,2019,2020",TRUE,TRUE,20,68,52,,,59,,,0,86.8,8.8,4.4,0.0,,,,,,68,68,75,0,51,,,,,,50,,0,0,0,,48,0,,0,0,0,,10,0,,47,,,0,19,16,30,,,18,21,17,,0,,0
42100,SANTA CRUZ-WATSONVILLE,2021,TRUE,three_year_total,"2019,2020,2021",TRUE,TRUE,15,71,54,10,,63,,,0,88.7,8.5,2.8,0.0,,,,,,70,71,91,,56,11,0,,0,0,55,,0,0,0,0,50,0,,0,0,0,,13,0,10,46,,12,0,27,17,21,,,21,20,15,,,,
42100,SANTA CRUZ-WATSONVILLE,2022,TRUE,three_year_total,"2020,2021,2022",TRUE,TRUE,13,79,59,11,,71,,0,0,89.9,10.1,0.0,0.0,,,,,,78,79,85,,61,13,,,0,0,61,10,0,0,0,0,51,0,,0,0,0,,19,0,10,45,,21,0,27,13,28,11,,23,23,17,,,,
42100,SANTA CRUZ-WATSONVILLE,2023,TRUE,three_year_total,"2021,2022,2023",TRUE,TRUE,15,69,53,,,60,,0,0,87.0,13.0,0.0,0.0,,,,,,68,69,75,,54,,,,0,0,54,,0,0,0,0,45,0,,0,0,0,,19,0,11,35,,20,0,24,11,24,10,,19,20,15,,,0,
42100,SANTA CRUZ-WATSONVILLE,2024,TRUE,three_year_total,"2022,2023,2024",TRUE,TRUE,17,66,49,,,60,,0,0,90.9,9.1,0.0,0.0,,,,,,66,66,52,,53,,,,0,0,53,,,0,0,0,43,0,,0,0,0,,16,0,,35,,18,0,21,,31,,0,19,19,15,,,0,0
42100,SANTA CRUZ-WATSONVILLE,2025,TRUE,three_year_total,"2023,2024,2025",TRUE,TRUE,22,48,36,,,43,,0,0,89.6,10.4,0.0,0.0,,,,,,48,48,61,,35,,,,0,,35,,,0,0,,32,,,0,0,0,,,0,,25,,11,0,17,,23,,0,11,16,,,,0,0
42140,SANTA FE,2018,TRUE,three_year_total,2018,TRUE,TRUE,20,,,,0,,0,0,0,100.0,0.0,0.0,0.0,,,,,,,,,0,,0,0,0,0,0,,0,0,0,0,0,,0,0,0,0,0,,0,0,0,,,0,0,,,,0,0,,,0,,,0,0
42140,SANTA FE,2019,TRUE,three_year_total,"2018,2019",TRUE,TRUE,25,22,,11,,18,,,0,81.8,13.6,4.5,0.0,,,,,,22,21,15,0,16,,0,,,,16,,0,0,0,,19,0,0,0,0,0,,,0,,17,,,0,,,,,,,,,,,0,0
42140,SANTA FE,2020,TRUE,three_year_total,"2018,2019,2020",TRUE,TRUE,23,33,15,15,,26,,,0,78.8,15.2,6.1,0.0,,,,,,33,32,23,0,23,,,,,,23,,0,0,0,,29,0,0,0,0,0,,,0,,23,,,0,10,,13,,,,,,,,0,0
42140,SANTA FE,2021,TRUE,three_year_total,"2019,2020,2021",TRUE,TRUE,25,39,17,14,,25,,,0,64.1,23.1,12.8,0.0,,,,,,39,38,38,,21,,,,,,21,,0,0,0,,31,,,,0,0,,,0,,24,,,0,10,10,17,,,11,,10,,,,0
42140,SANTA FE,2022,TRUE,three_year_total,"2020,2021,2022",TRUE,TRUE,21,44,26,10,,29,10,,0,65.9,22.7,11.4,0.0,,,,,,43,44,37,,24,,,,,0,24,,0,0,0,0,32,,,,0,0,,,0,,24,,,0,11,11,19,,0,13,10,10,,,,
42140,SANTA FE,2023,TRUE,three_year_total,"2021,2022,2023",TRUE,TRUE,29,42,28,,,29,,,0,69.0,21.4,9.5,0.0,,,,,,41,41,43,,24,,,,,,24,,0,0,0,,30,,,,0,0,,,0,,25,,,0,,11,19,,0,,,,,,,
42140,SANTA FE,2024,TRUE,three_year_total,"2022,2023,2024",TRUE,TRUE,26,31,23,,,25,,,0,80.6,16.1,3.2,0.0,,,,,,30,30,33,0,20,,,,0,,20,,0,0,0,,23,0,,0,0,0,,,0,,20,,,0,,,13,,0,,,,,,,
42140,SANTA FE,2025,TRUE,three_year_total,"2023,2024,2025",TRUE,TRUE,25,18,12,,,15,,,0,83.3,11.1,5.6,0.0,,,,,,18,17,31,0,11,,,0,,,11,,,0,0,,16,0,,0,0,0,0,,0,,15,,,0,,,,,0,,,0,,,,0
42200,SANTA MARIA-SANTA BARBARA,2018,TRUE,three_year_total,2018,TRUE,TRUE,24,29,23,,,18,10,,0,62.1,34.5,3.4,0.0,,,,,,29,27,48,,15,,,,,,15,,,0,0,,25,0,0,0,0,0,0,,0,13,12,,,0,,,,,,16,,,,,0,0
42200,SANTA MARIA-SANTA BARBARA,2019,TRUE,three_year_total,"2018,2019",TRUE,TRUE,20,59,50,,,43,14,,0,72.9,23.7,3.4,0.0,,,,,,59,57,101,,34,,,,,,34,,,0,0,,48,,0,0,0,0,0,10,0,20,26,,,0,18,12,25,,,23,16,,,,0,0
42200,SANTA MARIA-SANTA BARBARA,2020,TRUE,three_year_total,"2018,2019,2020",TRUE,TRUE,18,93,77,12,,69,21,,0,74.2,22.6,3.2,0.0,,,,,,92,91,161,,56,11,,10,,,56,,,0,0,,72,,,0,0,0,0,19,0,24,46,,18,0,31,20,33,,,36,25,11,,,,
42200,SANTA MARIA-SANTA BARBARA,2021,TRUE,single_year,2021,TRUE,TRUE,19,52,41,,,36,14,,0,69.2,26.9,3.8,0.0,173000,119000,327500,885000,3.1,51,51,70,0,32,,,12,,,31,,0,0,0,,34,0,0,,0,0,,12,0,14,25,,11,0,16,11,22,,,16,13,,,,,
42200,SANTA MARIA-SANTA BARBARA,2022,TRUE,three_year_total,"2020,2021,2022",TRUE,TRUE,15,111,87,17,,84,23,,0,75.7,20.7,3.6,0.0,,,,,,108,110,183,0,75,14,,17,,,73,10,0,0,0,,72,,,,0,0,,29,0,23,57,,27,0,34,22,43,12,,33,35,12,13,,,
42200,SANTA MARIA-SANTA BARBARA,2023,TRUE,three_year_total,"2021,2022,2023",TRUE,TRUE,17,102,77,20,,79,20,,0,77.5,19.6,2.9,0.0,,,,,,100,100,153,0,71,10,,14,,,69,,0,0,0,,63,,,,0,0,,26,0,24,48,,24,0,28,18,47,,,29,33,13,15,,,
42200,SANTA MARIA-SANTA BARBARA,2024,TRUE,three_year_total,"2022,2023,2024",TRUE,TRUE,19,77,57,16,,65,11,,0,84.4,14.3,1.3,0.0,,,,,,73,75,118,0,60,,,,,,58,,,0,0,,50,,,0,0,0,,20,0,17,38,,17,0,18,11,39,,,23,25,11,11,,,
42200,SANTA MARIA-SANTA BARBARA,2025,TRUE,three_year_total,"2023,2024,2025",TRUE,TRUE,19,72,52,13,,61,10,,0,84.7,13.9,1.4,0.0,,,,,,69,69,102,0,53,,,,,,52,,,0,,,48,0,,0,0,0,,19,0,16,36,,16,0,18,10,36,,0,25,20,13,,,,
42220,SANTA ROSA-PETALUMA,2018,TRUE,three_year_total,2018,TRUE,TRUE,22,37,32,,,28,,0,0,75.7,24.3,0.0,0.0,,,,,,36,34,74,,21,,,,0,,21,,0,0,0,,29,0,,0,0,0,0,,0,,20,,,0,,10,15,,0,,12,,,,0,
42220,SANTA ROSA-PETALUMA,2019,TRUE,three_year_total,"2018,2019",TRUE,TRUE,18,70,61,,,53,15,,0,75.7,21.4,2.9,0.0,,,,,,67,65,124,,41,,,10,,,41,,0,0,0,,54,0,,0,0,0,0,10,0,,46,,12,0,18,16,31,,,12,25,,11,10,,
42220,SANTA ROSA-PETALUMA,2020,TRUE,single_year,2020,TRUE,TRUE,16,62,53,,,44,18,0,0,71.0,29.0,0.0,0.0,146000,106750,206750,590000,3.25,60,59,48,,35,11,,12,0,,34,,0,0,0,,37,0,,0,0,0,,21,0,,29,,22,0,13,14,28,,,17,20,12,,,0,
42220,SANTA ROSA-PETALUMA,2021,TRUE,single_year,2021,TRUE,TRUE,20,76,62,,,54,19,,0,71.1,25.0,3.9,0.0,160000,111750,246500,700000,3.125,76,74,80,,43,13,,12,,,43,,0,0,0,,43,,,0,,0,,21,0,10,43,,18,0,18,15,38,,,20,31,,,,,0
42220,SANTA ROSA-PETALUMA,2022,TRUE,single_year,2022,TRUE,TRUE,22,50,41,,0,38,11,,0,76.0,22.0,2.0,0.0,182000,134000,248500,680000,4.813,47,48,65,,31,,,,,,31,,0,0,0,,36,,,0,0,0,,,0,10,32,,,0,14,12,23,,,14,13,,,,,0
42220,SANTA ROSA-PETALUMA,2023,TRUE,single_year,2023,TRUE,TRUE,21,58,43,,,46,11,,0,79.3,19.0,1.7,0.0,184000,140000,267000,705000,6.625,57,54,40,,36,,,,0,,34,,,0,0,,41,0,,,0,0,,11,0,12,35,,10,0,12,19,24,,,16,16,,,,,0
42220,SANTA ROSA-PETALUMA,2024,TRUE,single_year,2024,TRUE,TRUE,20,60,49,,,50,,,0,83.3,13.3,3.3,0.0,187000,144250,285000,665000,6.875,60,60,45,,29,17,,,,0,28,17,,0,0,0,37,,,,0,0,,14,0,15,34,,,0,18,18,21,,,20,15,,,,0,0
42220,SANTA ROSA-PETALUMA,2025,TRUE,three_year_total,"2023,2024,2025",TRUE,TRUE,13,165,122,27,16,134,28,,0,81.2,17.0,1.8,0.0,,,,,,164,161,142,,86,34,23,14,,,83,30,15,0,,,109,,,,0,0,,37,0,41,91,,28,0,45,46,67,,13,50,44,25,20,10,,0
42340,SAVANNAH,2018,TRUE,three_year_total,2018,TRUE,TRUE,24,33,25,,,14,,14,0,42.4,15.2,42.4,0.0,,,,,,33,33,55,,10,,,,,,,,,0,0,0,22,,0,0,0,0,,,0,,27,,,0,21,,,0,,19,,,,0,0,0
42340,SAVANNAH,2019,TRUE,three_year_total,"2018,2019",TRUE,TRUE,17,78,64,,,37,12,29,0,47.4,15.4,37.2,0.0,,,,,,78,76,119,,22,11,,14,19,,20,11,,,0,,50,13,,0,0,0,,13,0,,62,,11,0,49,16,11,,,42,18,,,,0,0
42340,SAVANNAH,2020,TRUE,three_year_total,"2018,2019,2020",TRUE,TRUE,14,118,92,12,14,55,21,42,0,46.6,17.8,35.6,0.0,,,,,,117,115,162,,28,21,11,20,29,,26,19,,,0,,72,21,,,0,0,,22,0,,88,,23,0,71,27,13,,11,58,28,,,,0,0
42340,SAVANNAH,2021,TRUE,single_year,2021,TRUE,TRUE,21,54,41,,,27,11,16,0,50.0,20.4,29.6,0.0,88000,68500,120750,340000,3.125,54,54,84,,15,14,,,13,,15,10,,0,0,,37,,,0,0,0,0,,0,,38,,,0,35,,,,,25,13,,,,0,0
42340,SAVANNAH,2022,TRUE,three_year_total,"2020,2021,2022",TRUE,TRUE,12,123,90,16,17,64,23,36,0,52.0,18.7,29.3,0.0,,,,,,122,122,217,,34,32,,16,27,,34,24,,0,0,,78,19,,,0,0,0,22,0,,83,,27,0,69,27,16,11,11,50,30,14,,,,0
42340,SAVANNAH,2023,TRUE,three_year_total,"2021,2022,2023",TRUE,TRUE,13,123,96,13,14,71,21,31,0,57.7,17.1,25.2,0.0,,,,,,123,119,237,,41,31,,14,22,,39,24,,0,0,,78,15,,0,,0,,22,0,,83,,26,,66,24,22,11,11,52,27,15,11,,,0
42340,SAVANNAH,2024,TRUE,three_year_total,"2022,2023,2024",TRUE,TRUE,15,102,78,14,10,63,16,23,0,61.8,15.7,22.5,0.0,,,,,,100,96,221,,34,19,14,,17,,32,16,,0,0,,60,12,,0,,0,,20,0,,69,,23,,47,22,19,14,13,38,20,15,,,,
42340,SAVANNAH,2025,TRUE,three_year_total,"2023,2024,2025",TRUE,TRUE,12,105,80,12,13,58,20,27,0,55.2,19.0,25.7,0.0,,,,,,103,96,196,,26,14,19,12,22,12,24,13,12,0,0,,60,15,,,,0,,20,0,,74,,21,,54,19,19,13,19,42,20,11,,,0,
42540,SCRANTON--WILKES-BARRE,2018,TRUE,single_year,2018,TRUE,TRUE,11,230,194,25,11,74,149,,0,32.2,64.8,3.0,0.0,43000,33000,59000,95000,4.875,229,224,216,,30,30,18,119,17,16,29,28,,,0,,175,16,,,,0,0,31,0,90,118,,21,0,124,68,27,11,18,104,46,38,16,,,0
42540,SCRANTON--WILKES-BARRE,2019,TRUE,single_year,2019,TRUE,TRUE,10,301,253,27,21,93,198,10,0,30.9,65.8,3.3,0.0,44000,35000,59250,105000,4.375,300,288,265,,35,22,28,172,24,20,33,17,21,,,15,232,19,,,,0,,39,0,117,152,,30,0,154,79,44,24,36,104,75,56,22,,,0
42540,SCRANTON--WILKES-BARRE,2020,TRUE,single_year,2020,TRUE,TRUE,11,292,245,33,14,102,188,,0,34.9,64.4,0.7,0.0,43000,34250,59000,115000,3.25,290,282,285,,44,27,20,180,,14,44,24,18,,0,10,205,22,,0,,0,,55,0,113,137,,40,0,142,92,28,30,35,90,69,67,22,,,
42540,SCRANTON--WILKES-BARRE,2021,TRUE,single_year,2021,FALSE,TRUE,8,442,382,47,13,155,274,13,0,35.1,62.0,2.9,0.0,44000,36000,63000,135000,3.125,440,425,489,12,73,73,11,229,31,25,67,64,,,0,18,297,34,10,,,,,91,0,175,203,,61,0,217,152,47,26,48,159,109,70,40,15,,0
42540,SCRANTON--WILKES-BARRE,2022,TRUE,single_year,2022,FALSE,TRUE,9,343,287,45,11,146,187,10,0,42.6,54.5,2.9,0.0,53500,43000,71000,165000,5.25,342,338,537,14,75,54,31,132,37,14,71,49,18,0,,,208,34,,,,0,,86,0,128,155,,57,0,176,99,45,23,27,114,90,64,31,12,,
42540,SCRANTON--WILKES-BARRE,2023,TRUE,single_year,2023,FALSE,TRUE,11,292,234,39,19,118,164,10,0,40.4,56.2,3.4,0.0,61500,51000,75750,185000,6.75,290,288,442,17,51,39,25,134,33,10,49,35,17,,12,,177,28,,,,,,74,,148,103,,40,0,161,86,34,11,34,98,83,45,21,,,0
42540,SCRANTON--WILKES-BARRE,2024,TRUE,single_year,2024,TRUE,TRUE,12,336,264,55,17,155,174,,0,46.1,51.8,2.1,0.0,70000,55000,90000,225000,6.75,333,332,461,14,39,37,86,125,41,,38,32,73,0,,,199,32,,,,0,,90,0,188,102,,44,0,171,101,42,22,45,117,78,57,29,,,
42540,SCRANTON--WILKES-BARRE,2025,TRUE,single_year,2025,FALSE,TRUE,10,329,271,44,14,165,153,11,0,50.2,46.5,3.3,0.0,74000,60000,97000,245000,6.625,329,327,532,11,33,24,114,117,34,,32,23,102,0,,,171,40,,,,,,100,0,194,91,,42,0,174,84,53,18,33,129,81,46,27,10,,0
42644,SEATTLE-BELLEVUE-KENT,2018,TRUE,single_year,2018,TRUE,TRUE,10,253,216,16,21,205,36,12,0,81.0,14.2,4.7,0.0,131000,95000,186000,585000,4.75,241,249,313,,171,29,12,22,14,,171,22,,0,0,,156,,33,,0,0,12,46,0,11,188,,45,0,92,42,94,25,,78,67,50,25,15,,
42644,SEATTLE-BELLEVUE-KENT,2019,TRUE,single_year,2019,TRUE,TRUE,9,262,223,28,11,213,36,13,0,81.3,13.7,5.0,0.0,141000,94000,205750,605000,4.125,258,258,259,,178,27,13,26,13,,176,23,,0,,,148,10,36,,,0,10,56,0,10,195,,53,0,91,36,103,32,10,79,58,50,26,25,11,
42644,SEATTLE-BELLEVUE-KENT,2020,TRUE,single_year,2020,TRUE,TRUE,13,278,217,29,32,200,59,19,0,71.9,21.2,6.8,0.0,132500,97000,198250,660000,3.375,274,273,274,,168,29,15,45,13,,165,26,,0,,,156,,35,,,,15,60,0,,205,,57,0,107,49,102,20,14,88,71,49,26,21,,
42644,SEATTLE-BELLEVUE-KENT,2021,TRUE,single_year,2021,FALSE,TRUE,8,406,322,49,35,301,77,28,0,74.1,19.0,6.9,0.0,155000,110000,221000,720000,3.125,397,405,459,11,239,68,24,47,23,,237,57,,0,,,244,15,69,,0,,19,56,0,14,311,10,71,0,155,62,160,29,19,167,101,59,32,15,,
42644,SEATTLE-BELLEVUE-KENT,2022,TRUE,single_year,2022,TRUE,TRUE,11,247,205,30,12,197,36,14,0,79.8,14.6,5.7,0.0,173000,127000,237000,795000,4.875,241,247,250,,168,36,11,21,,,165,29,,0,0,0,131,,42,,,,18,46,0,20,174,,45,0,93,39,97,18,11,85,68,34,27,17,,
42644,SEATTLE-BELLEVUE-KENT,2023,TRUE,single_year,2023,TRUE,TRUE,11,212,189,18,,164,40,,0,77.4,18.9,3.8,0.0,195000,139250,285500,810000,6.725,210,212,126,,143,22,14,22,11,0,142,18,,0,0,0,115,,33,0,0,,13,42,,10,159,,36,,74,29,93,16,,64,64,31,22,13,10,
42644,SEATTLE-BELLEVUE-KENT,2024,TRUE,single_year,2024,TRUE,TRUE,15,143,106,21,16,131,,,0,91.6,3.5,4.9,0.0,228000,156000,338000,885000,6.875,134,142,126,,95,16,22,,,,95,16,19,0,0,,57,,36,,0,0,16,30,0,,106,,30,0,44,19,64,16,,41,42,26,14,,,
42644,SEATTLE-BELLEVUE-KENT,2025,TRUE,single_year,2025,TRUE,TRUE,16,114,68,21,25,103,,,0,90.4,5.3,4.4,0.0,221000,180000,306500,875000,6.562,110,113,108,11,66,13,26,,,,66,13,23,0,0,,52,,27,0,0,0,,20,0,,84,,17,0,47,13,45,,,42,43,,,,,0
42680,SEBASTIAN-VERO BEACH-WEST VERO CORRIDOR,2018,TRUE,three_year_total,2018,TRUE,TRUE,20,,,0,0,,,,0,75.0,12.5,12.5,0.0,,,,,,,,12,0,,,0,0,,0,,0,0,0,0,0,,0,0,0,0,0,0,0,0,0,,0,0,0,,,,0,0,0,,0,,,,0
42680,SEBASTIAN-VERO BEACH-WEST VERO CORRIDOR,2019,TRUE,three_year_total,"2018,2019",TRUE,TRUE,22,19,16,,,13,,,0,68.4,26.3,5.3,0.0,,,,,,19,17,24,0,10,,0,,,,10,,0,0,0,,18,,0,0,0,0,0,0,0,,18,0,0,0,,,,,0,,,,,,,0
42680,SEBASTIAN-VERO BEACH-WEST VERO CORRIDOR,2020,TRUE,three_year_total,"2018,2019,2020",TRUE,TRUE,26,29,24,,,19,,,0,65.5,31.0,3.4,0.0,,,,,,29,27,38,0,16,,,,,,15,,,0,0,,26,,0,0,0,0,0,,0,,25,,,0,,,14,,0,,,,,,,0
42680,SEBASTIAN-VERO BEACH-WEST VERO CORRIDOR,2021,TRUE,three_year_total,"2019,2020,2021",TRUE,TRUE,23,32,26,,,17,15,0,0,53.1,46.9,0.0,0.0,,,,,,32,30,49,0,13,,,11,,,12,,,0,0,,26,,0,0,0,0,0,,0,,23,,,0,11,,13,,,,,,,,,0
42680,SEBASTIAN-VERO BEACH-WEST VERO CORRIDOR,2022,TRUE,three_year_total,"2020,2021,2022",TRUE,TRUE,21,38,32,,0,19,16,,0,50.0,42.1,7.9,0.0,,,,,,38,38,51,,14,,,11,,0,13,,,0,0,0,29,,,0,0,0,0,,0,,27,,,0,20,,11,0,,14,,,,,,0
42680,SEBASTIAN-VERO BEACH-WEST VERO CORRIDOR,2023,TRUE,three_year_total,"2021,2022,2023",TRUE,TRUE,21,32,27,,0,15,14,,0,46.9,43.8,9.4,0.0,,,,,,32,32,47,,10,,,,,0,10,,,0,0,0,25,,,0,0,0,0,,0,,22,0,,0,19,,,0,,12,,,,,0,0
42680,SEBASTIAN-VERO BEACH-WEST VERO CORRIDOR,2024,TRUE,three_year_total,"2022,2023,2024",TRUE,TRUE,25,29,25,,0,16,,,0,55.2,27.6,17.2,0.0,,,,,,29,29,30,,11,,,,,0,11,,,0,0,0,23,,,,0,0,0,,0,,22,0,,0,17,,,,,11,,,,,,0
42680,SEBASTIAN-VERO BEACH-WEST VERO CORRIDOR,2025,TRUE,three_year_total,"2023,2024,2025",TRUE,TRUE,30,23,20,,,13,,,0,56.5,34.8,8.7,0.0,,,,,,23,20,26,,,,,,,,,,,0,0,,19,,0,,0,0,0,,0,,16,0,,0,10,,,,,,,,,,,0
42700,SEBRING,2018,TRUE,three_year_total,2018,TRUE,TRUE,26,,,0,0,,,0,0,66.7,33.3,0.0,0.0,,,,,,,,20,0,,0,,,0,,,0,,0,0,,,,0,0,0,0,0,,0,,,0,0,0,,,,0,0,,,,,,0,0
42700,SEBRING,2019,TRUE,three_year_total,"2018,2019",TRUE,TRUE,25,15,13,,0,11,,0,0,73.3,26.7,0.0,0.0,,,,,,14,,39,0,,0,,,,,,0,,0,0,,10,,0,0,0,0,0,,0,,13,0,,0,,,,,0,,,,,,0,
42700,SEBRING,2020,TRUE,three_year_total,"2018,2019,2020",TRUE,TRUE,26,26,23,,,19,,,0,73.1,19.2,7.7,0.0,,,,,,25,14,56,0,,,,,,13,,,,0,0,12,16,,0,0,0,0,0,,0,,18,,,0,10,,,,0,,,,,,0,
42700,SEBRING,2021,TRUE,three_year_total,"2019,2020,2021",TRUE,TRUE,28,28,24,,,19,,,0,67.9,21.4,10.7,0.0,,,,,,27,16,63,0,,,,,,13,,,0,0,0,12,19,,0,,0,0,0,,0,,19,,,0,13,,,,,,,,,,,
42700,SEBRING,2022,TRUE,three_year_total,"2020,2021,2022",TRUE,TRUE,31,27,25,,,17,,,0,63.0,25.9,11.1,0.0,,,,,,27,20,67,0,,,,,,,,,0,0,,,20,,0,,0,0,,,0,,17,,,0,,,10,,,,,,,,,0
42700,SEBRING,2023,TRUE,three_year_total,"2021,2022,2023",TRUE,TRUE,22,25,24,,0,15,,,0,60.0,36.0,4.0,0.0,,,,,,25,15,72,0,0,,,,,10,0,,0,0,,10,23,0,0,,0,0,,0,0,,19,,0,0,,,13,0,,,,,,,,0
42700,SEBRING,2024,TRUE,three_year_total,"2022,2023,2024",TRUE,TRUE,24,23,22,,0,16,,0,0,69.6,30.4,0.0,0.0,,,,,,22,12,68,0,,,,,,11,,,,0,,11,21,,0,0,0,0,,0,0,,16,,0,0,,,14,0,,,,,,,,0
42700,SEBRING,2025,TRUE,three_year_total,"2023,2024,2025",TRUE,TRUE,23,23,22,,0,16,,0,0,69.6,30.4,0.0,0.0,,,,,,22,11,63,0,,0,,,,12,,0,,0,0,12,19,,0,0,0,0,,,0,10,11,,,0,,,11,,,,,,,,,0
43100,SHEBOYGAN,2018,TRUE,single_year,2018,TRUE,TRUE,23,54,49,,,35,16,,0,64.8,29.6,5.6,0.0,48000,40000,68000,95000,4.75,53,47,61,,12,10,,,11,,12,,,0,,,46,,,0,0,0,0,,0,,49,,,0,29,14,10,,,18,10,,,,0,
43100,SHEBOYGAN,2019,TRUE,single_year,2019,TRUE,TRUE,22,52,50,,,36,15,,0,69.2,28.8,1.9,0.0,48500,38000,63250,125000,4.25,52,43,86,,,,10,,,10,,,,0,,10,43,,,0,0,0,0,,0,,45,0,,0,28,11,12,,11,11,13,,,,,0
43100,SHEBOYGAN,2020,TRUE,single_year,2020,TRUE,TRUE,20,52,49,,0,33,19,0,0,63.5,36.5,0.0,0.0,48000,36000,62000,120000,3.375,52,49,58,,,10,,17,,,,10,,,,,45,,,,0,0,0,,0,,46,,0,0,25,15,12,0,13,21,,,,0,0,0
43100,SHEBOYGAN,2021,TRUE,single_year,2021,TRUE,TRUE,16,65,62,,,44,19,,0,67.7,29.2,3.1,0.0,52000,40000,67000,135000,3.25,65,57,98,0,14,18,,16,,10,14,17,,0,0,,58,0,,0,0,0,,,0,10,52,,,0,33,19,12,,12,26,13,,,,0,0
43100,SHEBOYGAN,2022,TRUE,three_year_total,"2020,2021,2022",TRUE,TRUE,15,160,153,,,105,50,,0,65.6,31.2,3.1,0.0,,,,,,159,144,233,,31,37,20,41,12,19,30,35,19,,,17,137,,,,0,0,,,0,18,133,,,0,80,44,31,,33,59,29,23,10,,0,0
43100,SHEBOYGAN,2023,TRUE,three_year_total,"2021,2022,2023",TRUE,TRUE,14,143,137,,,98,38,,0,68.5,26.6,4.9,0.0,,,,,,141,129,219,,31,35,21,29,,18,30,33,19,0,,15,118,,,,0,0,,15,0,20,107,,13,0,72,41,23,,27,54,28,20,,,0,0
43100,SHEBOYGAN,2024,TRUE,three_year_total,"2022,2023,2024",TRUE,TRUE,13,118,113,,,84,29,,0,71.2,24.6,4.2,0.0,,,,,,116,106,172,,28,25,22,20,,14,27,24,20,0,,12,93,,,,0,0,0,17,0,18,83,,16,0,59,30,21,,24,44,20,15,,,0,0
43100,SHEBOYGAN,2025,TRUE,three_year_total,"2023,2024,2025",TRUE,TRUE,12,100,96,,,77,20,,0,77.0,20.0,3.0,0.0,,,,,,99,89,155,,23,20,23,13,,12,23,20,22,0,,11,75,,,0,0,0,0,19,0,20,62,,16,0,53,24,19,,18,41,15,14,,,0,0
43300,SHERMAN-DENISON,2018,TRUE,three_year_total,2018,TRUE,TRUE,22,,,0,0,,0,0,0,100.0,0.0,0.0,0.0,,,,,,,,59,0,,,0,0,0,,,,0,0,0,,,0,0,0,0,0,0,,0,,,0,0,0,,0,,0,0,,,,,,0,0
43300,SHERMAN-DENISON,2019,TRUE,three_year_total,"2018,2019",TRUE,TRUE,22,10,10,0,0,,,0,0,90.0,10.0,0.0,0.0,,,,,,10,,116,0,,,0,,0,,,,0,0,0,,,0,0,0,0,0,0,,0,,,0,0,0,,,,0,0,,,,,,0,0
43300,SHERMAN-DENISON,2020,TRUE,three_year_total,"2018,2019,2020",TRUE,TRUE,20,19,19,0,0,15,,,0,78.9,15.8,5.3,0.0,,,,,,19,18,155,0,10,,0,,0,,10,,0,0,0,,15,,0,0,0,0,0,,0,,13,0,,0,,,,,0,,,,,,0,0
43300,SHERMAN-DENISON,2021,TRUE,three_year_total,"2019,2020,2021",TRUE,TRUE,19,18,17,,0,12,,,0,66.7,22.2,11.1,0.0,,,,,,18,18,186,0,10,,0,,0,,10,,0,0,0,0,14,,0,0,0,0,0,,0,,13,0,,0,10,,,,0,,,,,,0,0
43300,SHERMAN-DENISON,2022,TRUE,three_year_total,"2020,2021,2022",TRUE,TRUE,19,21,20,,0,14,,,0,66.7,23.8,9.5,0.0,,,,,,21,20,209,0,13,0,0,,0,,13,0,0,0,0,,12,,,0,0,0,0,,0,,14,0,,0,11,,,,,,,,,0,0,0
43300,SHERMAN-DENISON,2023,TRUE,three_year_total,"2021,2022,2023",TRUE,TRUE,23,23,22,,0,13,,,0,56.5,34.8,8.7,0.0,,,,,,23,22,218,0,11,,0,,,,11,,0,0,0,,12,,,0,0,0,0,,0,,16,0,,0,12,,,,,,,,,0,,0
43300,SHERMAN-DENISON,2024,TRUE,three_year_total,"2022,2023,2024",TRUE,TRUE,24,35,33,,,23,11,,0,65.7,31.4,2.9,0.0,,,,,,34,32,179,0,12,,,10,,,12,,,0,0,,19,,,,0,0,0,,0,,21,0,,0,16,,11,,,,,,,0,,0
43300,SHERMAN-DENISON,2025,TRUE,three_year_total,"2023,2024,2025",TRUE,TRUE,25,39,35,,,27,10,,0,69.2,25.6,5.1,0.0,,,,,,38,37,128,,13,,,,,,13,,,0,0,,22,,,,0,0,0,,0,,24,0,,0,19,,14,,,10,,10,,,,0
43340,SHREVEPORT-BOSSIER CITY,2018,TRUE,three_year_total,2018,TRUE,TRUE,12,,,0,0,,0,0,0,100.0,0.0,0.0,0.0,,,,,,,0,38,0,0,0,0,0,0,,0,0,0,0,0,,,0,0,0,0,0,0,0,0,0,,0,0,0,,0,,0,0,0,,0,,0,0,0
43340,SHREVEPORT-BOSSIER CITY,2019,TRUE,three_year_total,"2018,2019",TRUE,TRUE,24,,,,,,,,0,57.1,28.6,14.3,0.0,,,,,,,,73,0,,0,0,,0,,,0,0,0,0,,,,0,0,0,0,0,0,0,0,,0,0,0,,,,0,0,,,0,,,0,0
43340,SHREVEPORT-BOSSIER CITY,2020,TRUE,three_year_total,"2018,2019,2020",TRUE,TRUE,24,14,10,,,,,,0,42.9,35.7,21.4,0.0,,,,,,14,10,97,,,0,0,,,,,0,0,0,0,,10,,0,0,0,0,0,,0,0,13,0,,0,,,,0,,,,0,,,,0
43340,SHREVEPORT-BOSSIER CITY,2021,TRUE,three_year_total,"2019,2020,2021",TRUE,TRUE,28,18,11,,,,,,0,33.3,50.0,16.7,0.0,,,,,,18,17,96,,,,0,,,,,,0,0,0,,10,,0,0,0,0,0,,0,0,16,0,,0,,,,,,,,,,,,0
43340,SHREVEPORT-BOSSIER CITY,2022,TRUE,three_year_total,"2020,2021,2022",TRUE,TRUE,29,23,14,,,,11,,0,30.4,47.8,21.7,0.0,,,,,,23,22,128,,,,0,,,,,,0,0,0,,,10,0,0,0,0,,,0,,19,0,,0,,,,,,,,,,,,0
43340,SHREVEPORT-BOSSIER CITY,2023,TRUE,three_year_total,"2021,2022,2023",TRUE,TRUE,25,28,18,,,,13,,0,32.1,46.4,21.4,0.0,,,,,,28,26,155,,,,0,11,,,,,0,0,,,10,14,0,0,0,0,,,0,,24,0,,0,13,,,,,10,,,,,0,0
43340,SHREVEPORT-BOSSIER CITY,2024,TRUE,three_year_total,"2022,2023,2024",TRUE,TRUE,24,29,22,,,12,10,,0,41.4,34.5,24.1,0.0,,,,,,29,25,152,,,,0,,,,,,0,0,,,13,13,0,0,0,0,,,0,,25,0,,0,12,10,,,,10,,,,,0,0
43340,SHREVEPORT-BOSSIER CITY,2025,TRUE,three_year_total,"2023,2024,2025",TRUE,TRUE,24,27,22,,,12,,,0,44.4,25.9,29.6,0.0,,,,,,27,22,135,0,,,0,,,,,,0,0,,,14,10,0,0,0,0,0,,0,0,23,0,,0,11,,,,,,,,,,0,0
43420,SIERRA VISTA-DOUGLAS,2018,TRUE,three_year_total,2018,TRUE,TRUE,25,,,,,0,,,0,0.0,60.0,40.0,0.0,,,,,,,,,0,0,0,,,,0,0,0,0,0,0,0,,,0,0,0,0,0,0,0,,,,0,0,,,,0,,0,,,,,0,0
43420,SIERRA VISTA-DOUGLAS,2019,TRUE,three_year_total,"2018,2019",TRUE,TRUE,29,,,,,,,,0,11.1,66.7,22.2,0.0,,,,,,,,12,0,0,,,,,,0,,0,0,0,0,,,0,0,0,0,0,0,0,,,,0,0,,,,0,,,,,,,0,0
43420,SIERRA VISTA-DOUGLAS,2020,TRUE,three_year_total,"2018,2019,2020",TRUE,TRUE,29,13,,,,,,,0,15.4,46.2,38.5,0.0,,,,,,13,13,20,,0,,,,,,0,,0,0,0,,10,,0,0,0,0,0,,0,,,,,0,,,,0,,,,,,,0,0
43420,SIERRA VISTA-DOUGLAS,2021,TRUE,three_year_total,"2019,2020,2021",TRUE,TRUE,31,12,,,,,,,0,33.3,25.0,41.7,0.0,,,,,,12,12,34,,,,0,,,,,,0,0,0,,,,0,0,0,0,0,,0,,,0,,0,,,,,,,,,,,0,0
43420,SIERRA VISTA-DOUGLAS,2022,TRUE,three_year_total,"2020,2021,2022",TRUE,TRUE,33,13,,,,,,,0,30.8,23.1,46.2,0.0,,,,,,13,13,32,,,,0,,,,,,0,0,,,,,,0,0,0,0,,0,,,0,,0,,,,,,,,,,,0,0
43420,SIERRA VISTA-DOUGLAS,2023,TRUE,three_year_total,"2021,2022,2023",TRUE,TRUE,29,11,,,,,,,0,36.4,36.4,27.3,0.0,,,,,,11,11,28,,,,,,,0,,,0,0,,0,,0,,0,0,0,0,,0,,,0,,0,,,,,,,0,,0,,0,0
43420,SIERRA VISTA-DOUGLAS,2024,TRUE,three_year_total,"2022,2023,2024",TRUE,TRUE,30,16,,,,,,,0,37.5,50.0,12.5,0.0,,,,,,16,16,12,,,,,,,,,,,0,,,12,0,,0,0,0,0,,0,11,,0,,0,,,,0,,,,,0,0,,0
43420,SIERRA VISTA-DOUGLAS,2025,TRUE,three_year_total,"2023,2024,2025",TRUE,TRUE,30,19,,,,11,,,0,57.9,31.6,10.5,0.0,,,,,,19,19,10,,,,,,,,,,,0,0,,15,0,,0,0,0,0,,0,,,0,,0,11,,,0,,,,,,,,0
43524,SILVER SPRING-FREDERICK-ROCKVILLE,2018,TRUE,three_year_total,2018,TRUE,TRUE,27,12,,,,,,,0,50.0,41.7,8.3,0.0,,,,,,12,11,17,,,0,0,,,,,0,0,0,,,,,0,0,0,0,0,,0,0,,0,,0,,,,,,,,,0,0,0,0
43580,SIOUX CITY,2018,TRUE,three_year_total,2018,TRUE,TRUE,21,10,,,0,,0,0,,90.0,0.0,0.0,10.0,,,,,,10,,66,0,,0,0,0,0,,,0,0,0,0,,,,0,0,0,0,0,0,0,,,0,0,0,,,,0,0,,,0,,,,0
43580,SIOUX CITY,2019,TRUE,three_year_total,"2018,2019",TRUE,TRUE,27,20,16,,,17,,0,,85.0,10.0,0.0,5.0,,,,,,19,,108,0,,,,0,,11,,,,0,0,10,18,,0,0,0,0,0,,0,,16,0,,0,,,,,,,,0,,,,
43580,SIOUX CITY,2020,TRUE,three_year_total,"2018,2019,2020",TRUE,TRUE,28,28,24,,,23,,,,82.1,10.7,3.6,3.6,,,,,,27,14,155,0,,,,,,14,,,,0,0,13,24,,0,0,0,0,0,,0,,22,0,,0,11,,,,,,,,,,,
43580,SIOUX CITY,2021,TRUE,three_year_total,"2019,2020,2021",TRUE,TRUE,27,36,33,,,31,,,0,86.1,11.1,2.8,0.0,,,,,,33,24,170,,,,,,,12,,,,0,0,12,30,,0,0,0,0,0,,0,,27,0,,0,16,10,,,,,,,,,,
43580,SIOUX CITY,2022,TRUE,three_year_total,"2020,2021,2022",TRUE,TRUE,24,45,44,,0,42,,,0,93.3,4.4,2.2,0.0,,,,,,43,29,179,,13,,,,,16,13,,,0,0,16,36,,,0,0,0,,,0,,33,0,,0,19,,17,,,11,10,,,,,
43580,SIOUX CITY,2023,TRUE,three_year_total,"2021,2022,2023",TRUE,TRUE,19,64,62,,0,60,,0,0,93.8,6.2,0.0,0.0,,,,,,58,45,180,,25,11,,,0,19,25,11,,0,0,19,53,,,0,0,0,,,0,10,48,,,0,25,,28,,,15,16,11,,,,
43580,SIOUX CITY,2024,TRUE,three_year_total,"2022,2023,2024",TRUE,TRUE,22,63,60,,,58,,0,0,92.1,7.9,0.0,0.0,,,,,,59,35,142,,21,,,,0,28,21,,,0,0,28,52,,,0,,0,,,0,10,48,,,0,21,,35,,,14,14,12,,10,,
43580,SIOUX CITY,2025,TRUE,three_year_total,"2023,2024,2025",TRUE,TRUE,21,71,64,,,59,12,0,0,83.1,16.9,0.0,0.0,,,,,,66,36,150,,15,,,,,35,15,,,0,0,35,58,,,0,,0,0,,0,12,55,,,0,23,,39,,,19,14,12,,10,,
43620,SIOUX FALLS,2018,TRUE,three_year_total,2018,TRUE,TRUE,25,21,13,,,10,,,0,47.6,42.9,9.5,0.0,,,,,,21,17,80,0,,,,,,,,,,0,0,,19,0,,0,0,0,0,0,0,,19,0,0,0,,,,0,,,,,,,0,0
43620,SIOUX FALLS,2019,TRUE,three_year_total,"2018,2019",TRUE,TRUE,21,46,32,,,20,23,,0,43.5,50.0,6.5,0.0,,,,,,45,39,163,,,,,13,11,,,,,0,,,41,,,0,0,0,0,0,0,,43,0,0,0,26,11,,0,11,20,,,,,0,0
43620,SIOUX FALLS,2020,TRUE,three_year_total,"2018,2019,2020",TRUE,TRUE,19,86,58,13,15,28,54,,0,32.6,62.8,4.7,0.0,,,,,,85,77,222,,,,10,28,24,10,,,,0,,,76,,,0,0,0,,,0,,72,,,0,52,15,18,,24,32,12,10,,,0,0
43620,SIOUX FALLS,2021,TRUE,single_year,2021,TRUE,TRUE,22,56,38,,13,18,34,,0,32.1,60.7,7.1,0.0,62000,48000,82000,240000,2.875,53,55,81,,,,,18,16,,,,,0,0,,45,,0,0,0,0,0,,0,,42,,,0,37,10,,,,29,,11,,0,0,
43620,SIOUX FALLS,2022,TRUE,three_year_total,"2020,2021,2022",TRUE,TRUE,14,130,84,18,28,41,79,10,0,31.5,60.8,7.7,0.0,,,,,,126,127,222,,17,10,21,39,40,,17,,11,0,,,104,,,0,0,0,,16,0,11,101,,15,0,82,19,24,,28,56,16,21,,,,
43620,SIOUX FALLS,2023,TRUE,three_year_total,"2021,2022,2023",TRUE,TRUE,17,107,72,14,21,40,58,,0,37.4,54.2,8.4,0.0,,,,,,103,103,207,,16,,16,29,33,,16,,,0,,,79,,,0,0,0,0,17,0,,84,,13,0,61,20,21,,22,51,12,15,,,,
43620,SIOUX FALLS,2024,TRUE,three_year_total,"2022,2023,2024",TRUE,TRUE,14,87,60,11,16,44,37,,0,50.6,42.5,6.9,0.0,,,,,,86,77,192,0,12,,18,17,23,10,12,,13,0,,,65,,,0,0,0,0,12,0,,72,,10,0,49,13,22,,25,34,12,,,,,0
43620,SIOUX FALLS,2025,TRUE,three_year_total,"2023,2024,2025",TRUE,TRUE,16,87,67,,16,49,32,,0,56.3,36.8,6.9,0.0,,,,,,87,75,156,,13,10,13,20,18,13,13,,12,,,11,68,,,,0,0,0,10,0,,71,,10,0,51,11,23,,26,30,14,,,,,0
43640,SLIDELL-MANDEVILLE-COVINGTON,2024,TRUE,three_year_total,2024,TRUE,TRUE,32,15,10,,,,,,0,53.3,40.0,6.7,0.0,,,,,,14,11,17,,,0,,,,,,0,,0,0,,,,0,0,0,0,,,0,,,,,0,,,,,,,,,,0,0,
43640,SLIDELL-MANDEVILLE-COVINGTON,2025,TRUE,three_year_total,"2024,2025",TRUE,TRUE,25,31,24,,,20,,,0,64.5,25.8,9.7,0.0,,,,,,30,19,44,,,0,,,,14,,0,,0,0,13,19,,0,0,0,0,,,0,,23,,,0,12,,12,,,10,,,,,0,
43780,SOUTH BEND-MISHAWAKA,2018,TRUE,three_year_total,2018,TRUE,TRUE,24,,,,0,,,,0,50.0,33.3,16.7,0.0,,,,,,,,15,0,,,0,,0,,,0,0,0,0,,,,0,0,0,0,0,0,0,0,,0,,0,,,0,0,0,,,,0,0,,0
43780,SOUTH BEND-MISHAWAKA,2019,TRUE,three_year_total,"2018,2019",TRUE,TRUE,23,10,,,0,,,,0,60.0,30.0,10.0,0.0,,,,,,10,10,42,0,,,0,,0,,,0,0,0,0,,,,0,0,0,0,0,0,0,0,,0,,0,,,,0,0,,,,,0,,0
43780,SOUTH BEND-MISHAWAKA,2020,TRUE,three_year_total,"2018,2019,2020",TRUE,TRUE,22,18,14,,0,10,,,0,55.6,38.9,5.6,0.0,,,,,,18,17,67,0,,,,,0,,,,0,0,0,,16,,0,0,0,0,0,0,0,0,17,0,,0,12,,,0,,,,,,,,0
43780,SOUTH BEND-MISHAWAKA,2021,TRUE,three_year_total,"2019,2020,2021",TRUE,TRUE,24,23,20,,0,12,10,,0,52.2,43.5,4.3,0.0,,,,,,22,22,87,0,,,,,,,,,,0,0,,21,0,0,0,0,0,0,,0,,19,0,,0,14,,,,,,,,,,0,0
43780,SOUTH BEND-MISHAWAKA,2022,TRUE,three_year_total,"2020,2021,2022",TRUE,TRUE,25,27,23,,,15,11,,0,55.6,40.7,3.7,0.0,,,,,,26,26,93,,,,,10,,,,,,0,0,,23,,0,0,0,0,0,,0,,21,0,,0,17,,,,,,,,0,,0,0
43780,SOUTH BEND-MISHAWAKA,2023,TRUE,three_year_total,"2021,2022,2023",TRUE,TRUE,25,26,22,,,15,10,,0,57.7,38.5,3.8,0.0,,,,,,25,26,85,,,,,,,0,,,,0,0,0,18,,,0,0,0,0,,0,,16,0,,0,15,,,,,,,,0,,0,0
43780,SOUTH BEND-MISHAWAKA,2024,TRUE,three_year_total,"2022,2023,2024",TRUE,TRUE,26,29,23,,,20,,0,0,69.0,31.0,0.0,0.0,,,,,,29,29,84,,,,,,,0,,,,0,0,0,15,,,0,0,0,,,0,,17,0,,0,15,,,,,,10,,0,,,0
43780,SOUTH BEND-MISHAWAKA,2025,TRUE,three_year_total,"2023,2024,2025",TRUE,TRUE,26,30,25,,,23,,0,0,76.7,23.3,0.0,0.0,,,,,,30,29,88,0,,,11,,,,,,11,0,0,,18,,,0,0,0,,,0,,19,0,,0,11,,12,,,,,,,,,0
43900,SPARTANBURG,2018,TRUE,three_year_total,2018,TRUE,TRUE,28,,,0,0,,,0,0,55.6,44.4,0.0,0.0,,,,,,,,32,0,,,,,0,,,,0,0,0,,,,0,0,0,0,0,,0,0,,0,,0,,,0,,,,,,,,0,0
43900,SPARTANBURG,2019,TRUE,three_year_total,"2018,2019",TRUE,TRUE,25,19,19,0,0,10,,0,0,52.6,47.4,0.0,0.0,,,,,,19,17,61,,,,,,,,,,0,0,0,,,,0,0,0,0,0,,0,,13,0,,0,12,,,,,,,,,,0,0
43900,SPARTANBURG,2020,TRUE,three_year_total,"2018,2019,2020",TRUE,TRUE,25,29,27,0,,12,15,,0,41.4,51.7,6.9,0.0,,,,,,29,27,87,,,,,,,,,,0,0,0,,16,,0,0,0,0,0,,0,,22,0,,0,16,,,,,,,,,,0,0
43900,SPARTANBURG,2021,TRUE,three_year_total,"2019,2020,2021",TRUE,TRUE,23,38,34,,,19,16,,0,50.0,42.1,7.9,0.0,,,,,,38,35,105,,,,0,13,,,,,0,0,,,25,,,0,0,0,0,,0,,32,,,0,16,12,10,0,,14,,,,,0,0
43900,SPARTANBURG,2022,TRUE,three_year_total,"2020,2021,2022",TRUE,TRUE,20,52,48,,,30,16,,0,57.7,30.8,11.5,0.0,,,,,,52,50,115,0,10,12,0,12,,12,10,10,0,0,,,36,,,0,0,,0,,0,,42,,,0,21,13,15,,,20,,,,,,0
43900,SPARTANBURG,2023,TRUE,three_year_total,"2021,2022,2023",TRUE,TRUE,22,60,57,,,36,19,,0,60.0,31.7,8.3,0.0,,,,,,60,58,136,0,,11,,14,,18,,10,,0,,15,40,,,0,0,,0,,0,,49,,,0,26,12,18,,,22,12,,,,,0
43900,SPARTANBURG,2024,TRUE,three_year_total,"2022,2023,2024",TRUE,TRUE,19,69,67,,,38,23,,0,55.1,33.3,11.6,0.0,,,,,,69,68,121,0,,,13,16,,17,,,,0,0,13,42,13,,0,0,,0,10,0,,55,,10,0,30,16,18,,,27,14,,,,,0
43900,SPARTANBURG,2025,TRUE,three_year_total,"2023,2024,2025",TRUE,TRUE,15,92,89,,,48,34,10,0,52.2,37.0,10.9,0.0,,,,,,92,92,122,0,11,,25,23,,19,11,,18,0,0,14,58,20,,0,0,0,0,,0,,75,,,0,45,20,24,,11,39,20,,,,,0
44060,SPOKANE-SPOKANE VALLEY,2018,TRUE,single_year,2018,TRUE,TRUE,16,97,87,,,48,41,,0,49.5,42.3,8.2,0.0,65000,49000,94000,215000,4.875,97,97,174,0,25,17,15,30,,,24,16,,0,0,0,71,,,0,,0,,11,0,,79,,12,0,48,18,29,,12,33,29,11,,,,0
44060,SPOKANE-SPOKANE VALLEY,2019,TRUE,single_year,2019,TRUE,TRUE,19,87,80,,,55,26,,0,63.2,29.9,6.9,0.0,65000,48500,99000,225000,4.375,87,86,174,,29,20,11,18,,,27,17,,0,,,69,,0,,0,0,,14,0,,65,,16,0,36,23,20,,,40,19,,10,,,0
44060,SPOKANE-SPOKANE VALLEY,2020,TRUE,single_year,2020,TRUE,TRUE,13,114,98,13,,59,43,12,0,51.8,37.7,10.5,0.0,69500,53000,95750,265000,3.125,112,114,150,,27,27,11,37,,,27,27,,0,0,0,89,,,,0,0,,16,0,10,85,,18,0,54,19,35,,17,57,23,10,,,0,0
44060,SPOKANE-SPOKANE VALLEY,2021,TRUE,single_year,2021,TRUE,TRUE,15,129,124,,,69,48,12,0,53.5,37.2,9.3,0.0,80000,59000,104500,325000,3.125,128,129,196,,45,23,,40,13,,45,20,,0,,0,98,,,,0,0,,22,0,,97,,25,0,54,23,39,13,15,55,22,18,11,,,0
44060,SPOKANE-SPOKANE VALLEY,2022,TRUE,single_year,2022,TRUE,TRUE,17,86,75,,,51,28,,0,59.3,32.6,8.1,0.0,102000,76000,129000,365000,4.99,85,86,127,,34,20,,24,,,34,16,,0,0,0,64,0,,0,0,0,,14,0,,65,,16,0,33,15,27,11,,44,15,,,,,0
44060,SPOKANE-SPOKANE VALLEY,2023,TRUE,single_year,2023,TRUE,TRUE,17,80,66,,,39,28,13,0,48.8,35.0,16.2,0.0,115000,85250,148250,415000,6.438,78,80,75,,23,13,11,23,,,22,,,0,,0,58,,0,,0,0,,16,0,,59,0,14,0,33,18,24,,12,28,18,,12,,,
44060,SPOKANE-SPOKANE VALLEY,2024,TRUE,single_year,2024,TRUE,TRUE,16,86,73,10,,57,21,,0,66.3,24.4,9.3,0.0,120000,86000,171000,405000,6.5,86,86,67,,24,12,26,15,,,23,10,23,,0,0,60,,,,0,0,,15,0,,66,0,15,0,38,20,23,,,32,21,13,,,,0
44060,SPOKANE-SPOKANE VALLEY,2025,TRUE,single_year,2025,TRUE,TRUE,15,85,71,,,49,30,,0,57.6,35.3,7.1,0.0,116000,91000,145000,385000,6.5,85,85,102,,10,17,28,15,14,,10,15,24,0,0,0,65,,,0,0,0,,,0,,65,,12,0,36,18,30,,14,41,13,,,,0,0
44100,SPRINGFIELD,2018,TRUE,three_year_total,2018,TRUE,TRUE,24,23,22,0,,16,,,0,69.6,21.7,8.7,0.0,,,,,,23,19,73,0,,,0,,,,,,0,0,0,,20,,,0,0,0,0,,0,0,21,0,,0,12,,,0,,,,,,,,0
44100,SPRINGFIELD,2019,TRUE,three_year_total,"2018,2019",TRUE,TRUE,22,41,39,0,,28,,,0,68.3,19.5,12.2,0.0,,,,,,41,32,145,,10,,,,,,10,,,0,0,,34,,,0,0,0,0,,0,0,38,0,,0,17,12,12,0,,,,10,,,,0
44100,SPRINGFIELD,2020,TRUE,three_year_total,"2018,2019,2020",TRUE,TRUE,18,60,57,0,,44,,,0,73.3,15.0,11.7,0.0,,,,,,60,48,212,,19,13,,,,12,19,12,,0,0,12,52,,,0,0,0,0,,0,,55,0,,0,23,15,22,0,,11,,14,,,,0
44100,SPRINGFIELD,2021,TRUE,three_year_total,"2019,2020,2021",TRUE,TRUE,20,63,59,,,48,,,0,76.2,12.7,11.1,0.0,,,,,,63,52,245,,25,10,,,,13,25,,,0,0,11,52,,,0,0,0,0,,0,,58,0,,0,18,16,28,,,,11,15,12,,,0
44100,SPRINGFIELD,2022,TRUE,three_year_total,"2020,2021,2022",TRUE,TRUE,22,68,62,,,47,13,,0,69.1,19.1,11.8,0.0,,,,,,66,60,289,0,29,,,,,11,28,,,,0,,54,,,,0,0,0,,0,,60,0,,0,17,24,25,,,10,13,12,14,,,
44100,SPRINGFIELD,2023,TRUE,three_year_total,"2021,2022,2023",TRUE,TRUE,20,56,50,,,35,15,,0,62.5,26.8,10.7,0.0,,,,,,54,49,316,0,21,,,11,,10,20,,,,0,,40,10,0,,0,0,0,,0,,48,0,,0,14,23,17,,,11,10,,11,,,
44100,SPRINGFIELD,2024,TRUE,three_year_total,"2022,2023,2024",TRUE,TRUE,23,46,40,,,27,15,,0,58.7,32.6,8.7,0.0,,,,,,44,39,289,0,13,,,10,,,11,,,,0,,30,,0,,0,0,0,,0,,34,0,11,0,14,21,,,,11,10,,,,,
44100,SPRINGFIELD,2025,TRUE,three_year_total,"2023,2024,2025",TRUE,TRUE,19,41,34,,,31,10,0,0,75.6,24.4,0.0,0.0,,,,,,40,33,267,0,11,,13,,,,10,,11,0,0,,25,,,0,0,0,0,10,0,,29,0,11,0,19,10,,,,12,,,,,,0
44140,SPRINGFIELD,2018,TRUE,single_year,2018,TRUE,TRUE,7,502,448,49,,185,302,15,0,36.9,60.2,3.0,0.0,54000,45000,71000,185000,4.625,498,478,223,,52,34,60,257,63,36,51,26,49,20,15,24,350,68,13,,,0,,61,0,192,239,11,59,,238,154,73,37,53,220,108,75,39,,0,0
44140,SPRINGFIELD,2019,TRUE,single_year,2019,FALSE,TRUE,5,624,546,60,18,249,350,25,0,39.9,56.1,4.0,0.0,56000,46000,72000,195000,4.125,620,574,248,45,68,34,88,278,98,58,65,30,66,22,17,49,432,90,14,,,,,76,0,218,338,,62,0,319,184,86,35,67,247,157,89,48,16,0,0
44140,SPRINGFIELD,2020,TRUE,single_year,2020,FALSE,TRUE,5,664,561,85,18,233,405,26,0,35.1,61.0,3.9,0.0,58000,47000,74000,225000,3.24,660,611,217,22,62,45,64,327,101,65,59,28,44,23,26,53,458,86,11,,,0,,97,0,253,337,,70,0,345,191,91,37,81,278,148,96,47,13,,0
44140,SPRINGFIELD,2021,TRUE,single_year,2021,FALSE,TRUE,4,882,751,106,25,274,568,40,0,31.1,64.4,4.5,0.0,61000,49000,77000,255000,3,881,867,335,39,108,62,68,517,98,29,103,45,43,42,26,15,509,149,33,,,,12,172,0,319,432,10,121,0,428,278,118,58,92,392,203,109,70,15,,0
44140,SPRINGFIELD,2022,TRUE,single_year,2022,FALSE,TRUE,5,737,632,82,23,290,424,23,0,39.3,57.5,3.1,0.0,67000,55000,84000,275000,4.875,735,728,343,23,107,64,109,382,62,13,101,48,81,30,21,,396,102,26,,,,16,182,0,251,335,10,141,0,336,232,98,71,94,270,191,116,52,12,,0
44140,SPRINGFIELD,2023,TRUE,single_year,2023,FALSE,TRUE,8,554,464,76,14,234,297,23,0,42.2,53.6,4.2,0.0,81000,66000,102000,305000,6.5,553,537,202,29,52,54,133,239,54,22,46,44,105,,15,16,292,96,13,,,,,140,0,197,240,,110,,252,159,77,66,69,222,140,68,39,14,,0
44140,SPRINGFIELD,2024,TRUE,single_year,2024,FALSE,TRUE,8,485,407,61,17,220,239,26,0,45.4,49.3,5.4,0.0,90000,76000,110000,345000,6.625,484,480,178,22,62,39,111,195,63,15,58,30,93,11,23,,244,95,11,,,,,114,,212,192,,73,0,227,142,86,30,52,177,130,73,34,16,,0
44140,SPRINGFIELD,2025,TRUE,single_year,2025,FALSE,TRUE,7,460,390,54,16,179,261,20,0,38.9,56.7,4.3,0.0,94500,80000,116250,375000,6.499,456,455,216,14,31,38,97,180,96,18,25,27,77,,39,,241,90,14,10,,,10,92,0,215,182,11,52,0,239,136,77,,43,193,118,64,36,,,0
44180,SPRINGFIELD,2018,TRUE,three_year_total,2018,TRUE,TRUE,24,31,30,,0,21,,,0,67.7,22.6,9.7,0.0,,,,,,29,23,116,0,11,,,,,,11,,,0,0,,26,,0,0,0,0,0,,0,0,25,0,,0,10,,12,,,,,,,,,
44180,SPRINGFIELD,2019,TRUE,three_year_total,"2018,2019",TRUE,TRUE,20,67,65,,0,43,19,,0,64.2,28.4,7.5,0.0,,,,,,63,44,252,,16,,,15,,23,16,,,0,0,22,59,,0,,0,0,0,,0,,57,0,,0,25,14,25,,,16,,16,,,,
44180,SPRINGFIELD,2020,TRUE,three_year_total,"2018,2019,2020",TRUE,TRUE,16,94,91,,,60,27,,0,63.8,28.7,7.4,0.0,,,,,,89,63,405,,21,,,22,,32,21,,,0,0,30,84,,0,,0,0,0,,0,,82,0,10,0,36,20,35,,11,24,10,21,12,10,,
44180,SPRINGFIELD,2021,TRUE,three_year_total,"2019,2020,2021",TRUE,TRUE,17,97,92,,,62,27,,0,63.9,27.8,8.2,0.0,,,,,,93,70,455,,22,13,,23,,29,21,12,,,0,26,84,0,,,0,0,0,,0,,86,0,,0,46,18,30,,12,25,17,21,13,,,
44180,SPRINGFIELD,2022,TRUE,three_year_total,"2020,2021,2022",TRUE,TRUE,18,92,86,,,65,20,,0,70.7,21.7,7.6,0.0,,,,,,90,76,518,,30,18,,17,,20,29,17,,,,16,78,0,,,0,0,0,,0,,82,,,0,40,16,34,,14,27,19,15,11,,,0
44180,SPRINGFIELD,2023,TRUE,three_year_total,"2021,2022,2023",TRUE,TRUE,20,108,101,,,83,20,,0,76.9,18.5,4.6,0.0,,,,,,105,86,523,,37,20,,16,,27,36,18,,,,23,88,,,,,0,0,,0,,94,,12,0,48,15,39,,18,26,23,15,14,,,
44180,SPRINGFIELD,2024,TRUE,three_year_total,"2022,2023,2024",TRUE,TRUE,21,109,102,,,87,19,,0,79.8,17.4,2.8,0.0,,,,,,107,80,467,,35,16,,14,,34,35,14,,0,,31,93,,,,,0,,,0,,93,,11,0,39,12,53,,19,37,17,14,,,,
44180,SPRINGFIELD,2025,TRUE,three_year_total,"2023,2024,2025",TRUE,TRUE,15,125,116,,,101,18,,0,80.8,14.4,4.8,0.0,,,,,,123,91,398,,35,13,17,14,,38,35,11,15,0,,37,106,,,0,,0,,12,0,,103,,13,0,60,12,45,,23,33,16,18,13,12,,
44220,SPRINGFIELD,2018,TRUE,three_year_total,2018,TRUE,TRUE,23,14,12,,0,11,,0,0,78.6,21.4,0.0,0.0,,,,,,14,10,27,0,,,,,,,,,,0,0,,12,0,,,0,0,0,0,0,0,14,0,0,0,,,,0,0,,,,,,,0
44220,SPRINGFIELD,2019,TRUE,three_year_total,"2018,2019",TRUE,TRUE,21,28,26,,0,20,,,0,71.4,25.0,3.6,0.0,,,,,,28,23,48,0,11,,,,,,10,,,0,0,,23,,,,0,0,0,0,0,0,28,0,0,0,10,,11,0,,10,,,,,,0
44220,SPRINGFIELD,2020,TRUE,three_year_total,"2018,2019,2020",TRUE,TRUE,20,46,44,,0,30,14,,0,65.2,30.4,4.3,0.0,,,,,,46,40,72,0,19,,,11,,,18,,,0,0,,38,,,,0,0,0,,0,,43,0,,0,19,10,17,0,,16,10,,,,,0
44220,SPRINGFIELD,2021,TRUE,three_year_total,"2019,2020,2021",TRUE,TRUE,19,54,51,,0,29,23,,0,53.7,42.6,3.7,0.0,,,,,,54,52,97,0,22,,,18,,,21,,,0,0,,39,,0,0,0,0,0,,0,,44,0,,0,26,,16,,,15,14,,,,0,0
44220,SPRINGFIELD,2022,TRUE,three_year_total,"2020,2021,2022",TRUE,TRUE,20,52,47,,,27,22,,0,51.9,42.3,5.8,0.0,,,,,,52,51,113,0,19,,,17,,,19,,0,0,,,39,,0,0,0,0,0,,0,,41,0,,0,25,12,12,,,13,12,,,,,0
44220,SPRINGFIELD,2023,TRUE,three_year_total,"2021,2022,2023",TRUE,TRUE,18,58,53,,,33,21,,0,56.9,36.2,6.9,0.0,,,,,,58,58,126,0,20,12,,15,,0,20,10,,,,0,38,,0,0,0,,0,10,0,,42,,12,0,27,13,13,,,15,14,,,,,0
44220,SPRINGFIELD,2024,TRUE,three_year_total,"2022,2023,2024",TRUE,TRUE,22,61,58,,,37,17,,0,60.7,27.9,11.5,0.0,,,,,,61,60,133,0,21,,,11,11,,20,,,,,,39,12,0,,0,,0,,0,,46,,,0,29,14,16,,,17,13,10,,,,0
44220,SPRINGFIELD,2025,TRUE,three_year_total,"2023,2024,2025",TRUE,TRUE,18,88,83,,,61,20,,0,69.3,22.7,8.0,0.0,,,,,,87,86,161,,36,10,14,13,10,,35,,12,,,,53,18,,,0,,,12,0,,67,,11,0,35,20,27,,,21,18,16,13,10,,0
44300,STATE COLLEGE,2018,TRUE,three_year_total,2018,TRUE,TRUE,20,,,0,0,,,,0,40.0,20.0,40.0,0.0,,,,,,,,30,0,,0,0,,,0,,0,0,0,0,0,,0,0,0,0,0,0,0,0,,,0,0,0,,0,,0,,,,0,,0,0,0
44300,STATE COLLEGE,2019,TRUE,three_year_total,"2018,2019",TRUE,TRUE,26,17,16,,0,12,,,0,70.6,17.6,11.8,0.0,,,,,,17,17,58,,,,,,,,,,,0,0,,15,0,0,0,0,0,0,,0,,13,0,,0,,,10,,,,,,,,0,0
44300,STATE COLLEGE,2020,TRUE,three_year_total,"2018,2019,2020",TRUE,TRUE,24,28,24,,0,19,,,0,67.9,25.0,7.1,0.0,,,,,,28,26,84,,12,,,,,,12,,,0,0,,24,0,0,0,0,0,0,,0,,22,0,,0,,,14,,,,,,,,0,0
44300,STATE COLLEGE,2021,TRUE,three_year_total,"2019,2020,2021",TRUE,TRUE,24,40,34,,0,30,,,0,75.0,22.5,2.5,0.0,,,,,,40,37,92,,16,,,,,,16,,,0,,,29,0,,0,0,0,,,0,0,31,0,,0,15,,13,,,11,,,,,0,0
44300,STATE COLLEGE,2022,TRUE,three_year_total,"2020,2021,2022",TRUE,TRUE,19,48,42,,0,36,11,,0,75.0,22.9,2.1,0.0,,,,,,48,45,107,,16,11,,10,,,16,11,,0,,,38,0,,0,0,0,,,0,0,40,0,,0,20,,17,,,18,12,,,,0,0
44300,STATE COLLEGE,2023,TRUE,three_year_total,"2021,2022,2023",TRUE,TRUE,22,56,52,,,45,10,,0,80.4,17.9,1.8,0.0,,,,,,56,55,110,,20,12,,,,,20,12,,,,,45,0,,0,0,0,,,0,0,47,0,,0,23,,21,,,19,19,,,,0,0
44300,STATE COLLEGE,2024,TRUE,three_year_total,"2022,2023,2024",TRUE,TRUE,20,53,50,,,45,,0,0,84.9,15.1,0.0,0.0,,,,,,53,52,115,,24,10,,,,,24,10,,,,,48,0,,0,0,0,0,,0,0,48,0,,0,19,,26,,,16,14,10,,,0,0
44300,STATE COLLEGE,2025,TRUE,three_year_total,"2023,2024,2025",TRUE,TRUE,24,49,42,,,40,,,0,81.6,16.3,2.0,0.0,,,,,,49,48,100,,26,,,,,,25,,,,,,44,0,,0,0,0,0,,0,0,45,0,,0,15,,24,,,12,12,12,,,,0
44420,STAUNTON-STUARTS DRAFT,2018,TRUE,three_year_total,2018,TRUE,TRUE,19,,,0,0,,0,0,0,100.0,0.0,0.0,0.0,,,,,,,,11,0,,,0,0,0,,,,0,0,0,,,0,0,0,0,0,0,,0,0,,0,0,0,,0,,0,0,0,,,,0,0,0
44420,STAUNTON-STUARTS DRAFT,2019,TRUE,three_year_total,"2018,2019",TRUE,TRUE,22,11,,,0,,,0,0,72.7,27.3,0.0,0.0,,,,,,11,11,22,0,,,0,,,,,,0,0,0,,,,0,0,0,0,0,,0,0,11,0,0,0,,,,0,0,,,,,0,0,0
44420,STAUNTON-STUARTS DRAFT,2020,TRUE,three_year_total,"2018,2019,2020",TRUE,TRUE,21,14,12,,0,,,0,0,64.3,35.7,0.0,0.0,,,,,,14,14,37,0,,,0,,,,,,0,0,0,,11,,0,0,0,0,0,,0,0,14,0,0,0,,,,0,0,,,,,0,,0
44420,STAUNTON-STUARTS DRAFT,2021,TRUE,three_year_total,"2019,2020,2021",TRUE,TRUE,27,20,13,,,10,,,0,50.0,30.0,20.0,0.0,,,,,,20,20,42,,,,,,,,,,0,0,0,,16,,,0,0,0,0,0,0,0,19,0,,0,,,,0,,,,,,,,0
44420,STAUNTON-STUARTS DRAFT,2022,TRUE,three_year_total,"2020,2021,2022",TRUE,TRUE,29,18,11,,,,,,0,38.9,33.3,27.8,0.0,,,,,,18,18,53,,,,,,,,,,0,0,0,,13,,,0,0,0,0,,0,0,15,0,,0,,,,,,,,0,,,,0
44420,STAUNTON-STUARTS DRAFT,2023,TRUE,three_year_total,"2021,2022,2023",TRUE,TRUE,28,21,11,,,12,,,0,57.1,19.0,23.8,0.0,,,,,,21,19,55,,,,,,,,,,0,0,0,,15,,,0,0,0,0,,0,0,17,0,,0,11,,,,,,,,,,,0
44420,STAUNTON-STUARTS DRAFT,2024,TRUE,three_year_total,"2022,2023,2024",TRUE,TRUE,28,17,11,,0,13,,,0,76.5,17.6,5.9,0.0,,,,,,17,14,51,0,,,,,,,,,,0,0,,13,,0,0,0,0,0,,0,,13,0,,0,,,,,,,,,,,,0
44420,STAUNTON-STUARTS DRAFT,2025,TRUE,three_year_total,"2023,2024,2025",TRUE,TRUE,22,15,11,,0,15,0,0,0,100.0,0.0,0.0,0.0,,,,,,15,12,43,0,,,,0,0,,,,,0,0,,14,0,0,0,0,0,0,,0,,11,0,,0,,,,,0,,,,,,,0
44700,STOCKTON-LODI,2018,TRUE,single_year,2018,TRUE,TRUE,18,59,49,,,27,32,0,0,45.8,54.2,0.0,0.0,74000,55000,93750,275000,4.99,58,58,146,0,12,,10,20,,,12,,,0,0,,31,11,,,0,0,,10,0,21,30,0,,0,29,19,,,,27,14,,,,0,0
44700,STOCKTON-LODI,2019,TRUE,single_year,2019,TRUE,TRUE,20,72,57,,,32,35,,0,44.4,48.6,6.9,0.0,72500,55750,107250,275000,4.375,72,71,111,,15,12,,29,,,15,11,,0,0,,44,12,,,0,,,,0,30,34,,,0,41,16,13,,,20,16,18,,,0,0
44700,STOCKTON-LODI,2020,TRUE,single_year,2020,TRUE,TRUE,18,63,51,10,,32,30,,0,50.8,47.6,1.6,0.0,73000,56500,103500,345000,3.25,63,62,96,,17,12,,20,,,17,11,,0,0,,31,,,0,,0,0,13,0,21,34,,,0,36,10,11,,,17,15,11,,,,0
44700,STOCKTON-LODI,2021,TRUE,single_year,2021,TRUE,TRUE,17,82,70,11,,30,49,,0,36.6,59.8,3.7,0.0,85000,69000,120500,380000,2.99,82,80,146,,17,11,,40,,,17,10,0,0,,,28,15,14,,0,,,21,0,25,36,,17,0,45,16,15,,,35,20,16,,,,0
44700,STOCKTON-LODI,2022,TRUE,single_year,2022,TRUE,TRUE,19,72,54,15,,33,37,,0,45.8,51.4,2.8,0.0,109000,84500,141500,435000,4.75,71,72,126,,24,13,,28,,,21,10,0,0,,,30,,,,,,,20,0,27,30,0,15,0,35,20,14,,,23,20,15,,,,0
44700,STOCKTON-LODI,2023,TRUE,single_year,2023,TRUE,TRUE,18,53,41,11,,29,22,,0,54.7,41.5,3.8,0.0,121000,97000,159500,445000,6.625,52,48,61,,12,11,,13,,,12,10,0,0,,,26,,,,,0,,10,0,19,23,,,0,23,16,12,,,19,16,10,0,,0,0
44700,STOCKTON-LODI,2024,TRUE,single_year,2024,TRUE,TRUE,19,54,42,,,42,12,0,0,77.8,22.2,0.0,0.0,119000,104250,172500,455000,6.874,54,53,89,,20,,15,,,,20,,13,0,,,21,,14,0,0,0,,11,0,23,24,0,,0,28,,16,,,19,17,,,,0,0
44700,STOCKTON-LODI,2025,TRUE,single_year,2025,TRUE,TRUE,19,57,41,14,,35,19,,0,61.4,33.3,5.3,0.0,124500,100250,153750,465000,6.625,56,56,63,,14,,17,16,,,14,,15,0,0,,32,,,,0,,,13,0,31,16,0,10,0,30,,15,,,23,14,,,,0,0
44940,SUMTER,2018,TRUE,three_year_total,2018,TRUE,FALSE,1,0,0,0,0,0,0,0,0,,,,,,,,,,0,0,,0,0,0,0,0,0,0,0,0,0,0,0,0,0,0,0,0,0,0,0,0,0,0,0,0,0,0,0,0,0,0,0,0,0,0,0,0,0,0
44940,SUMTER,2019,TRUE,three_year_total,"2018,2019",TRUE,TRUE,17,,,0,0,,0,,0,50.0,0.0,50.0,0.0,,,,,,,,,0,,0,0,0,0,,,0,0,0,0,0,0,,,0,0,0,0,0,0,0,,0,0,0,,,0,0,0,0,,,0,0,0,0
44940,SUMTER,2020,TRUE,three_year_total,"2018,2019,2020",TRUE,TRUE,27,,,0,0,,0,,0,33.3,0.0,66.7,0.0,,,,,,,,13,0,,0,,0,,,,0,0,0,0,,,,,0,0,0,0,,0,,,0,,0,,,,0,,,,,,0,0,0
44940,SUMTER,2021,TRUE,three_year_total,"2019,2020,2021",TRUE,TRUE,28,13,12,0,,,,,0,23.1,23.1,53.8,0.0,,,,,,13,13,18,0,,0,,,,,,0,0,0,0,,,,,0,0,0,0,,0,,,0,,0,,,,,,,,,,,0,0
44940,SUMTER,2022,TRUE,three_year_total,"2020,2021,2022",TRUE,TRUE,26,15,14,0,,,,,0,20.0,26.7,53.3,0.0,,,,,,15,15,17,0,0,0,,,,,0,0,0,0,0,,,,0,0,0,0,0,,0,,,0,,0,,,,,,,,,,,,0
44940,SUMTER,2023,TRUE,three_year_total,"2021,2022,2023",TRUE,TRUE,30,20,19,0,,,,,0,40.0,35.0,25.0,0.0,,,,,,20,20,22,0,,,,,,,,,0,0,0,,,,,0,0,0,0,,0,,12,0,,0,,,,,,,,,,,,0
44940,SUMTER,2024,TRUE,three_year_total,"2022,2023,2024",TRUE,TRUE,25,18,18,0,0,10,,,0,55.6,22.2,22.2,0.0,,,,,,18,18,21,0,,,0,,,,,,0,0,0,,10,,,0,0,0,0,,0,,13,0,,0,,,,,,,,,,0,,0
44940,SUMTER,2025,TRUE,three_year_total,"2023,2024,2025",TRUE,TRUE,26,18,17,0,,11,,,0,61.1,22.2,16.7,0.0,,,,,,18,18,20,0,,,,,,,,,0,0,0,,11,,,0,0,0,0,0,0,,14,0,,0,,,,0,,,,,,,,0
45060,SYRACUSE,2018,TRUE,single_year,2018,TRUE,TRUE,17,147,137,,,70,71,,0,47.6,48.3,4.1,0.0,49000,36000,68000,95000,4.625,145,133,169,,17,20,12,39,21,38,17,19,,,,16,113,13,,,0,0,,,0,,129,,,0,89,37,16,,18,66,30,20,,,0,0
45060,SYRACUSE,2019,TRUE,single_year,2019,TRUE,TRUE,8,138,121,15,,81,45,12,0,58.7,32.6,8.7,0.0,54000,42000,68750,115000,4.25,138,135,149,,21,22,19,33,21,22,21,22,17,,11,,93,20,14,,0,0,0,10,0,13,114,,10,0,86,31,17,,17,61,26,17,14,,0,0
45060,SYRACUSE,2020,TRUE,single_year,2020,TRUE,TRUE,11,163,145,10,,89,65,,0,54.6,39.9,5.5,0.0,51000,40000,72750,125000,3.25,162,153,155,,19,19,26,55,29,15,19,17,23,,18,11,114,19,,0,0,0,,19,0,,140,,15,0,94,40,20,,25,83,30,13,,,0,0
45060,SYRACUSE,2021,TRUE,single_year,2021,TRUE,TRUE,13,191,172,14,,102,80,,0,53.4,41.9,4.7,0.0,57000,42500,78000,135000,3.125,191,184,221,,34,34,19,73,22,,34,33,12,,12,,135,28,,,0,0,,17,0,13,162,,15,0,102,47,35,,30,84,40,22,11,,,0
45060,SYRACUSE,2022,TRUE,single_year,2022,TRUE,TRUE,8,216,192,13,11,126,74,16,0,58.3,34.3,7.4,0.0,60000,45000,85000,145000,4.625,213,203,270,,45,40,21,67,26,17,43,38,17,,12,13,148,22,,,0,0,,36,0,14,171,,29,0,115,60,20,21,34,90,42,25,18,,,0
45060,SYRACUSE,2023,TRUE,single_year,2023,TRUE,TRUE,16,129,112,11,,88,33,,0,68.2,25.6,6.2,0.0,67000,48000,90000,135000,6.563,129,128,208,,32,24,25,22,24,,32,21,19,,11,,74,19,12,,,,,18,0,,102,,16,0,73,34,13,,17,53,34,13,,,,0
45060,SYRACUSE,2024,TRUE,single_year,2024,TRUE,TRUE,10,157,135,15,,121,29,,0,77.1,18.5,4.5,0.0,70000,54000,96000,155000,6.75,155,151,187,,24,29,41,28,28,,24,29,39,,18,,89,35,,0,0,0,,23,0,16,118,0,23,0,80,44,21,12,28,62,35,15,11,,,0
45060,SYRACUSE,2025,TRUE,single_year,2025,TRUE,TRUE,14,141,124,12,,105,30,,0,74.5,21.3,4.3,0.0,77000,60000,102500,195000,6.575,140,129,229,,20,19,41,26,21,14,20,15,41,,14,13,86,30,,0,,,,13,0,13,112,,15,0,86,32,15,,22,51,36,14,,,,
45104,TACOMA-LAKEWOOD,2018,TRUE,single_year,2018,TRUE,TRUE,13,115,97,,10,62,40,13,0,53.9,34.8,11.3,0.0,86500,67500,117000,355000,4.75,112,112,201,,41,15,13,30,14,,41,10,,0,0,,78,,11,0,0,0,,17,0,,88,,18,0,60,20,31,,13,43,16,19,17,,,
45104,TACOMA-LAKEWOOD,2019,TRUE,single_year,2019,TRUE,TRUE,15,137,119,,10,63,44,30,0,46.0,32.1,21.9,0.0,90500,70750,120000,375000,4.25,136,135,183,18,34,21,15,35,28,,33,18,,,0,,85,,11,0,,,,24,0,,100,,26,,66,22,40,,12,69,20,17,12,,,0
45104,TACOMA-LAKEWOOD,2020,TRUE,single_year,2020,TRUE,TRUE,11,157,135,10,12,74,47,36,0,47.1,29.9,22.9,0.0,84000,72750,114500,415000,3,156,151,174,,43,15,24,37,27,11,41,11,15,,0,,99,10,10,0,,,,27,0,10,114,,30,0,73,27,48,,22,69,28,18,,,,0
45104,TACOMA-LAKEWOOD,2021,TRUE,single_year,2021,TRUE,TRUE,12,220,194,18,,101,73,46,0,45.9,33.2,20.9,0.0,101000,84000,128250,485000,3,220,219,252,,64,40,14,60,36,,64,31,,0,0,,130,11,29,,,,,36,0,11,164,,40,0,106,43,56,15,21,89,53,33,15,,,0
45104,TACOMA-LAKEWOOD,2022,TRUE,single_year,2022,TRUE,TRUE,12,152,131,14,,77,42,33,0,50.7,27.6,21.7,0.0,120500,96250,172250,550000,4.933,150,152,151,,59,20,18,29,23,,57,15,,0,0,0,94,,10,,,0,,29,0,13,105,,33,0,70,23,53,,19,58,33,20,18,,,0
45104,TACOMA-LAKEWOOD,2023,TRUE,single_year,2023,TRUE,TRUE,16,101,90,,,49,31,21,0,48.5,30.7,20.8,0.0,128000,97000,174000,515000,6.515,101,101,96,,31,17,,21,20,,31,13,,0,,,49,11,15,,,,,16,0,12,72,,14,0,42,17,33,,14,39,21,18,,0,,0
45104,TACOMA-LAKEWOOD,2024,TRUE,single_year,2024,TRUE,TRUE,10,102,84,,10,55,29,18,0,53.9,28.4,17.6,0.0,150000,115750,198250,575000,6.625,100,102,91,,22,15,26,14,24,,21,13,21,0,0,0,37,12,18,,0,,,28,0,11,66,,22,0,53,12,25,12,19,38,24,16,,0,,
45104,TACOMA-LAKEWOOD,2025,TRUE,single_year,2025,TRUE,TRUE,9,121,101,10,10,61,35,25,0,50.4,28.9,20.7,0.0,151000,119000,210500,585000,6.5,120,121,102,,31,,31,16,32,,30,,23,0,,0,56,16,14,,0,0,,29,0,13,79,,24,0,42,23,44,12,15,44,31,17,10,,0,0
45220,TALLAHASSEE,2018,TRUE,three_year_total,2018,TRUE,TRUE,24,27,20,,,,16,,0,18.5,59.3,22.2,0.0,,,,,,27,26,42,0,,,,,10,,,,,0,0,0,18,,0,0,0,,0,,0,,20,,,0,17,,,0,,10,,,0,,0,0
45220,TALLAHASSEE,2019,TRUE,three_year_total,"2018,2019",TRUE,TRUE,21,52,40,,,12,30,10,0,23.1,57.7,19.2,0.0,,,,,,52,50,83,,,,,17,18,,,,,0,0,,29,12,0,0,0,,0,10,0,,34,,,0,30,12,,,,24,10,,,,0,0
45220,TALLAHASSEE,2020,TRUE,three_year_total,"2018,2019,2020",TRUE,TRUE,13,90,64,11,15,24,51,15,0,26.7,56.7,16.7,0.0,,,,,,90,86,127,,10,,,33,25,,10,,,0,,,43,26,,0,0,,0,19,0,12,59,,18,0,44,24,12,10,12,38,21,12,,,0,0
45220,TALLAHASSEE,2021,TRUE,three_year_total,"2019,2020,2021",TRUE,TRUE,13,103,68,13,22,31,59,13,0,30.1,57.3,12.6,0.0,,,,,,103,99,157,,12,11,,44,21,,12,,,0,,,37,35,,0,0,0,,27,0,10,67,0,26,0,50,30,,15,12,45,28,11,,,,0
45220,TALLAHASSEE,2022,TRUE,three_year_total,"2020,2021,2022",TRUE,TRUE,14,102,69,10,23,35,56,11,0,34.3,54.9,10.8,0.0,,,,,,102,99,180,,15,11,10,45,15,,15,,,0,,,38,35,,,0,0,,20,0,,73,0,21,0,50,31,,14,11,47,28,10,,,,0
45220,TALLAHASSEE,2023,TRUE,three_year_total,"2021,2022,2023",TRUE,TRUE,20,84,62,,18,28,48,,0,33.3,57.1,9.5,0.0,,,,,,84,81,196,,10,,,36,15,,10,,,0,,,28,30,,,0,0,,17,0,,60,0,19,0,46,24,,10,,40,24,,,,,0
45220,TALLAHASSEE,2024,TRUE,three_year_total,"2022,2023,2024",TRUE,TRUE,20,68,56,,10,29,32,,0,42.6,47.1,10.3,0.0,,,,,,68,66,183,0,,,10,18,20,,,,,0,,,26,25,,,0,0,,10,0,,51,0,12,0,35,16,10,,,33,15,,,,,0
45220,TALLAHASSEE,2025,TRUE,three_year_total,"2023,2024,2025",TRUE,TRUE,20,65,44,,17,27,32,,0,41.5,49.2,9.2,0.0,,,,,,65,62,158,,,,13,17,20,,,,10,0,,,22,29,,0,0,0,,12,0,,48,0,11,0,35,15,,,,23,19,,,,,0
45294,TAMPA,2024,TRUE,single_year,2024,TRUE,TRUE,18,75,60,,,44,25,,0,58.7,33.3,8.0,0.0,119000,85500,160500,365000,6.75,75,69,95,0,20,,17,17,,10,19,,14,0,,,50,13,,0,0,0,,10,0,14,49,,,0,45,11,16,,,35,13,,,,,0
45294,TAMPA,2025,TRUE,single_year,2025,TRUE,TRUE,13,96,85,,,50,30,16,0,52.1,31.2,16.7,0.0,110000,89000,157000,375000,6.5,95,87,117,0,16,10,17,21,22,10,16,,15,0,,,52,19,,,0,0,,17,0,24,58,0,14,0,45,31,15,,,44,24,12,,,,0
45300,TAMPA-ST. PETERSBURG-CLEARWATER,2018,TRUE,single_year,2018,TRUE,TRUE,14,155,117,26,12,72,71,12,0,46.5,45.8,7.7,0.0,65000,51500,87000,215000,4.875,155,153,249,,49,13,17,46,20,10,45,12,,,,,121,,,0,0,,,19,0,19,113,,21,0,94,27,25,,,54,38,24,20,,,0
45300,TAMPA-ST. PETERSBURG-CLEARWATER,2019,TRUE,single_year,2019,TRUE,TRUE,11,162,116,34,12,83,56,23,0,51.2,34.6,14.2,0.0,79000,56750,109750,255000,4.125,160,162,309,,48,32,17,36,24,,46,27,,0,,0,119,13,,,0,,,20,0,14,128,,17,0,90,32,33,,13,66,26,30,13,11,,0
45300,TAMPA-ST. PETERSBURG-CLEARWATER,2020,TRUE,single_year,2020,TRUE,TRUE,10,189,139,33,17,70,96,23,0,37.0,50.8,12.2,0.0,85000,59500,130500,275000,3.25,187,188,273,,47,20,12,83,25,,47,17,,0,,0,130,13,,0,,0,,38,0,22,135,,28,0,95,46,37,11,13,75,49,25,14,10,,
45300,TAMPA-ST. PETERSBURG-CLEARWATER,2021,TRUE,single_year,2021,TRUE,TRUE,9,207,158,34,15,105,74,28,0,50.7,35.7,13.5,0.0,85000,62000,123250,315000,3.125,204,207,422,,77,31,,62,25,,75,26,,,0,0,123,34,16,0,0,0,,29,0,24,151,,26,0,112,52,29,14,15,97,44,27,16,,,0
45300,TAMPA-ST. PETERSBURG-CLEARWATER,2022,TRUE,single_year,2022,FALSE,TRUE,10,192,150,30,12,80,82,30,0,41.7,42.7,15.6,0.0,96000,72000,142000,355000,4.875,191,192,322,10,56,33,12,58,31,,53,23,,0,,0,113,23,,,0,,,44,0,30,117,,38,0,94,43,43,12,14,76,59,19,13,,,0
45300,TAMPA-ST. PETERSBURG-CLEARWATER,2023,TRUE,single_year,2023,TRUE,TRUE,14,164,129,26,,65,77,22,0,39.6,47.0,13.4,0.0,117500,92250,170750,430000,6.5,162,161,186,,46,22,16,51,21,,42,14,,0,,,104,15,,,0,,,34,0,24,103,,29,0,88,37,26,13,13,75,35,24,10,,,
45460,TERRE HAUTE,2018,TRUE,three_year_total,2018,TRUE,TRUE,16,,,0,0,,0,0,0,100.0,0.0,0.0,0.0,,,,,,,,21,0,,,0,0,0,0,,,0,0,0,0,,0,,0,0,0,0,0,0,0,,0,0,0,,,0,0,0,,0,,0,0,0,0
45460,TERRE HAUTE,2019,TRUE,three_year_total,"2018,2019",TRUE,TRUE,30,,,0,0,,,,0,66.7,22.2,11.1,0.0,,,,,,,,39,0,,,,,,,,,,0,,,,,,0,0,0,0,0,0,0,,0,0,0,,,,0,,,,,0,,0,0
45460,TERRE HAUTE,2020,TRUE,three_year_total,"2018,2019,2020",TRUE,TRUE,24,15,14,,0,12,,,0,80.0,13.3,6.7,0.0,,,,,,14,14,59,0,,,,,,,,,,0,,,13,,,0,0,0,0,0,0,0,15,0,0,0,,,,0,,,,,0,,0,0
45460,TERRE HAUTE,2021,TRUE,three_year_total,"2019,2020,2021",TRUE,TRUE,25,22,21,,0,18,,,0,81.8,13.6,4.5,0.0,,,,,,19,20,106,0,,,,,,,,,,0,,,21,,0,0,0,0,0,0,0,0,20,0,,0,,,11,0,,,,,,,,0
45460,TERRE HAUTE,2022,TRUE,three_year_total,"2020,2021,2022",TRUE,TRUE,26,33,28,,,28,,,0,84.8,12.1,3.0,0.0,,,,,,29,32,136,,11,,,,,,11,,,0,,,32,,0,0,0,0,0,0,0,,29,0,,0,12,11,,,,,,,,,,0
45460,TERRE HAUTE,2023,TRUE,three_year_total,"2021,2022,2023",TRUE,TRUE,26,36,30,,,29,,,0,80.6,16.7,2.8,0.0,,,,,,33,34,143,,10,,,,,,10,,,0,,,35,,0,0,0,0,0,0,0,,32,0,,0,,13,14,,,,,,,,,0
45460,TERRE HAUTE,2024,TRUE,three_year_total,"2022,2023,2024",TRUE,TRUE,26,43,37,,,34,,,0,79.1,18.6,2.3,0.0,,,,,,41,42,106,,11,,14,,,,11,,13,0,,,40,,0,0,0,0,,,0,,40,0,,0,,11,21,,,,,,,,,0
45460,TERRE HAUTE,2025,TRUE,three_year_total,"2023,2024,2025",TRUE,TRUE,22,43,40,,,36,,0,0,83.7,16.3,0.0,0.0,,,,,,42,40,80,,,,19,,0,,,,18,0,0,,39,0,0,0,0,0,,,0,0,40,0,,0,10,,27,,,,11,,,,,0
45500,TEXARKANA,2018,TRUE,three_year_total,2018,TRUE,TRUE,18,12,12,0,0,10,,,0,83.3,8.3,8.3,0.0,,,,,,12,,29,0,,0,0,0,,,,0,0,0,0,,10,,0,0,0,0,0,0,0,,11,0,0,0,,0,,0,,,,,,,0,0
45500,TEXARKANA,2019,TRUE,three_year_total,"2018,2019",TRUE,TRUE,22,18,17,,0,16,,,0,88.9,5.6,5.6,0.0,,,,,,18,11,75,0,,,0,0,,,,,0,0,0,,15,,0,0,0,0,0,,0,,16,0,,0,,0,12,0,,,,,,,,0
45500,TEXARKANA,2020,TRUE,three_year_total,"2018,2019,2020",TRUE,TRUE,25,29,28,,0,24,,,0,82.8,13.8,3.4,0.0,,,,,,29,20,112,0,,,,,,12,,,,0,0,12,23,,0,0,0,0,0,,0,,26,0,,0,,,17,,,,,,,,,0
45500,TEXARKANA,2021,TRUE,three_year_total,"2019,2020,2021",TRUE,TRUE,27,25,24,,0,21,,,0,84.0,12.0,4.0,0.0,,,,,,25,20,128,0,,,,,,,,,,0,0,,19,,0,0,0,0,,,0,0,22,0,,0,,,14,,,,,,,,,0
45500,TEXARKANA,2022,TRUE,three_year_total,"2020,2021,2022",TRUE,TRUE,27,22,21,,0,18,,,0,81.8,13.6,4.5,0.0,,,,,,22,20,129,0,,,,,,,,,,0,0,,16,,0,0,0,0,,,0,0,19,,,0,,,11,,,,,,,,0,0
45500,TEXARKANA,2023,TRUE,three_year_total,"2021,2022,2023",TRUE,TRUE,23,15,14,,0,12,,,0,80.0,13.3,6.7,0.0,,,,,,15,15,154,0,,,0,,,0,,,0,0,0,0,11,,0,0,0,0,,,0,0,13,,,0,,,,,0,,,,,,0,0
45500,TEXARKANA,2024,TRUE,three_year_total,"2022,2023,2024",TRUE,TRUE,29,27,23,,,18,,,0,66.7,25.9,7.4,0.0,,,,,,27,20,156,0,,,,,,,,,,0,0,,19,,,,0,0,0,,0,,21,,,0,10,,10,,,,,,,,0,0
45500,TEXARKANA,2025,TRUE,three_year_total,"2023,2024,2025",TRUE,TRUE,27,33,29,,,23,,,0,69.7,21.2,9.1,0.0,,,,,,32,20,143,0,,,,,,14,,,,0,0,13,26,,,,0,0,0,,0,,26,,,0,10,,15,,,,,,,,0,0
45540,THE VILLAGES,2018,TRUE,three_year_total,2018,TRUE,TRUE,17,,,0,0,,0,0,0,100.0,0.0,0.0,0.0,,,,,,,,0,0,,0,0,0,0,,,0,0,0,0,,,0,0,0,0,0,0,,0,0,,0,,0,0,0,,,0,0,,0,0,,0,0
45540,THE VILLAGES,2019,TRUE,three_year_total,"2018,2019",TRUE,TRUE,18,,,0,0,,0,0,0,100.0,0.0,0.0,0.0,,,,,,,,,0,,0,0,0,0,,,0,0,0,0,,,0,0,0,0,0,0,,0,0,,0,,0,0,0,,,0,0,,0,0,,0,0
45540,THE VILLAGES,2020,TRUE,three_year_total,"2018,2019,2020",TRUE,TRUE,18,,,0,0,,0,0,0,100.0,0.0,0.0,0.0,,,,,,,,,0,,0,0,0,0,,,0,0,0,0,,,0,0,0,0,0,0,,0,0,,0,,0,0,0,,,0,0,,0,0,,0,0
45540,THE VILLAGES,2021,TRUE,three_year_total,"2019,2020,2021",TRUE,TRUE,22,,,0,0,,0,,0,83.3,0.0,16.7,0.0,,,,,,,,,0,,,0,0,0,0,,,0,0,0,0,,0,0,0,0,0,0,,0,0,,0,,0,,0,,0,0,,,,,0,,0
45540,THE VILLAGES,2022,TRUE,three_year_total,"2020,2021,2022",TRUE,TRUE,22,,,0,0,,0,,0,83.3,0.0,16.7,0.0,,,,,,,,,0,,,0,0,0,0,,,0,0,0,0,,0,0,0,0,0,0,,0,0,,0,,0,,0,,0,0,,,,,0,,0
45540,THE VILLAGES,2023,TRUE,three_year_total,"2021,2022,2023",TRUE,TRUE,24,,,0,0,,0,,0,87.5,0.0,12.5,0.0,,,,,,,,,0,,,0,0,0,,,,0,0,0,,,0,0,0,0,0,0,,0,0,,0,,0,,0,,0,0,,,,,0,,0
45780,TOLEDO,2018,TRUE,three_year_total,2018,TRUE,TRUE,22,47,43,,,25,20,,0,53.2,42.6,4.3,0.0,,,,,,47,46,91,0,13,,,15,,,13,,,0,0,0,32,,0,0,,0,0,,0,,39,0,,0,25,12,,,,23,,,,,,0
45780,TOLEDO,2019,TRUE,single_year,2019,TRUE,TRUE,17,64,53,,,35,27,,0,54.7,42.2,3.1,0.0,55500,41000,86250,125000,4.563,62,64,96,,24,10,,22,,0,23,10,,0,0,0,49,,0,0,,0,0,,0,,51,0,,0,31,12,14,,11,18,11,10,,,,
45780,TOLEDO,2020,TRUE,single_year,2020,TRUE,TRUE,23,51,43,,,27,20,,0,52.9,39.2,7.8,0.0,55000,41000,80500,125000,3.375,51,51,120,,19,,,18,,,19,,0,0,,0,35,,,0,0,0,0,,0,,41,,,0,33,,,,,24,10,,,,0,0
45780,TOLEDO,2021,TRUE,single_year,2021,TRUE,TRUE,19,64,59,,,40,21,,0,62.5,32.8,4.7,0.0,71000,42500,105000,135000,3,63,63,170,0,14,21,,19,,,14,21,,,,0,45,,,,0,0,0,10,0,,54,0,,0,29,13,17,,,27,15,,,,0,0
45780,TOLEDO,2022,TRUE,single_year,2022,TRUE,TRUE,22,59,54,,,35,19,,0,59.3,32.2,8.5,0.0,62000,46250,86750,125000,5.25,58,57,174,,19,14,,14,,,19,12,,,0,,41,,0,0,0,,0,,0,,46,,,0,34,13,,,,22,10,12,,,0,
45780,TOLEDO,2023,TRUE,single_year,2023,TRUE,TRUE,23,54,51,,,24,26,,0,44.4,48.1,7.4,0.0,68000,51000,89750,140000,6.75,54,52,150,,,,,19,11,,,,,0,,,24,15,0,,0,,,12,0,,36,0,11,0,32,12,,,12,22,,,,,0,0
45780,TOLEDO,2024,TRUE,three_year_total,"2022,2023,2024",TRUE,TRUE,15,159,148,,,93,57,,0,58.5,35.8,5.7,0.0,,,,,,158,155,468,,33,32,23,40,25,,33,28,20,,,,98,29,0,,0,,,28,0,15,118,,25,0,90,40,21,,32,57,26,22,10,10,,
45780,TOLEDO,2025,TRUE,single_year,2025,TRUE,TRUE,24,54,44,,,40,10,,0,74.1,18.5,7.4,0.0,70000,55000,88000,175000,6.75,49,53,184,,10,,18,,10,,10,,18,,,,34,,0,,0,0,,,0,,40,,10,0,32,12,,,11,15,11,,,,,
45820,TOPEKA,2018,TRUE,three_year_total,2018,TRUE,TRUE,26,13,11,,,,,,0,53.8,38.5,7.7,0.0,,,,,,13,,66,0,,0,,,,,,0,,0,0,,10,,0,0,0,0,0,,0,0,11,0,,0,,,,,0,,,,,,0,0
45820,TOPEKA,2019,TRUE,three_year_total,"2018,2019",TRUE,TRUE,26,23,19,,,15,,,0,65.2,26.1,8.7,0.0,,,,,,21,11,122,,,0,,,,12,,0,,0,0,12,16,,0,,0,0,0,,0,0,19,0,,0,,,,,,,,,,,0,
45820,TOPEKA,2020,TRUE,three_year_total,"2018,2019,2020",TRUE,TRUE,25,35,30,,,25,,,0,71.4,20.0,8.6,0.0,,,,,,32,14,177,,,,,,,22,,,,0,0,21,26,,0,,0,0,0,,0,0,29,0,,0,11,,12,,,10,,,,,0,
45820,TOPEKA,2021,TRUE,three_year_total,"2019,2020,2021",TRUE,TRUE,26,29,26,,,25,,,0,86.2,6.9,6.9,0.0,,,,,,26,,174,,,,0,,,21,,,0,0,0,20,23,,0,,0,0,0,,0,0,25,0,,0,,,12,,,,,,,,0,
45820,TOPEKA,2022,TRUE,three_year_total,"2020,2021,2022",TRUE,TRUE,24,25,24,,0,23,,,0,92.0,4.0,4.0,0.0,,,,,,24,,179,0,,,0,,0,19,,,0,0,0,18,22,,0,,0,0,0,,0,,22,0,,0,,,11,,,,,,,,,0
45820,TOPEKA,2023,TRUE,three_year_total,"2021,2022,2023",TRUE,TRUE,23,28,27,,0,28,0,0,0,100.0,0.0,0.0,0.0,,,,,,27,,179,,,,0,0,0,21,,,0,0,0,21,26,0,0,,0,0,0,,0,,22,,,0,,,16,,,,,,,,,
45820,TOPEKA,2024,TRUE,three_year_total,"2022,2023,2024",TRUE,TRUE,30,29,26,,,27,,,0,93.1,3.4,3.4,0.0,,,,,,28,,168,,,,,,,21,,,,0,0,21,26,0,0,,0,0,0,,0,,22,,,0,,,16,,,,,,,,,
45820,TOPEKA,2025,TRUE,three_year_total,"2023,2024,2025",TRUE,TRUE,29,33,30,,,29,,,0,87.9,9.1,3.0,0.0,,,,,,31,13,171,,,,,,,20,,,,0,0,20,27,0,0,0,,0,,,0,,23,,,0,,,19,,,,10,,,,,
45900,TRAVERSE CITY,2024,TRUE,three_year_total,2024,TRUE,TRUE,25,,,0,0,,0,,0,75.0,0.0,25.0,0.0,,,,,,,,10,0,,,,0,0,,,,,0,0,0,,0,0,0,0,0,0,,0,0,,,,0,,,,,,,0,0,,0,0,0
45900,TRAVERSE CITY,2025,TRUE,three_year_total,"2024,2025",TRUE,TRUE,26,16,15,,0,11,,,0,68.8,25.0,6.2,0.0,,,,,,16,14,17,0,,,,,0,,,,,0,0,,14,0,,0,0,0,0,,0,0,13,,,0,,,,,,,,,,0,,0
45940,TRENTON-PRINCETON,2018,TRUE,three_year_total,2018,TRUE,TRUE,19,36,31,,,12,24,0,0,33.3,66.7,0.0,0.0,,,,,,36,35,53,,,,,17,,0,,,,0,0,0,19,10,0,0,0,0,,,0,12,20,0,,0,18,11,,,,15,,,,0,0,0
45940,TRENTON-PRINCETON,2019,TRUE,single_year,2019,TRUE,TRUE,18,55,49,,,24,30,,0,43.6,54.5,1.8,0.0,67000,50000,80000,185000,4.375,55,55,55,,11,11,,15,,,11,,,,0,0,26,20,,0,0,0,0,,0,15,38,,0,,30,17,,0,,23,13,,11,,0,0
45940,TRENTON-PRINCETON,2020,TRUE,three_year_total,"2018,2019,2020",TRUE,TRUE,14,130,112,12,,51,76,,0,39.2,58.5,2.3,0.0,,,,,,130,129,163,,22,28,12,49,17,,22,21,,,0,0,70,36,,0,0,0,,18,0,39,80,,,,68,37,20,,,57,34,13,17,,0,0
45940,TRENTON-PRINCETON,2021,TRUE,single_year,2021,TRUE,TRUE,19,70,56,12,,16,51,,0,22.9,72.9,4.3,0.0,62500,53000,75750,215000,2.933,70,70,91,,,12,,35,,,,11,,,0,0,29,25,,,0,0,,13,0,25,36,0,,0,41,22,,,,30,14,14,,0,,0
45940,TRENTON-PRINCETON,2022,TRUE,single_year,2022,TRUE,TRUE,16,70,57,10,,23,43,,0,32.9,61.4,5.7,0.0,82000,65500,105750,245000,4.995,70,70,75,0,13,,11,27,11,,13,,,0,0,0,27,30,,0,0,0,,11,0,23,42,0,,0,39,22,,,,27,21,,,,,0
45940,TRENTON-PRINCETON,2023,TRUE,single_year,2023,TRUE,TRUE,20,52,43,,,19,31,,0,36.5,59.6,3.8,0.0,89000,69500,112250,280000,6.5,52,52,60,,,,,19,10,,,,,,0,0,15,23,0,0,0,0,,12,0,13,30,0,,0,30,18,,,,22,16,,,,0,0
45940,TRENTON-PRINCETON,2024,TRUE,three_year_total,"2022,2023,2024",TRUE,TRUE,13,167,137,23,,65,94,,0,38.9,56.3,4.8,0.0,,,,,,167,167,199,,28,17,32,54,32,,28,14,20,,,0,67,62,,,0,0,,30,0,53,91,,22,0,92,54,17,,12,61,49,25,14,,,0
45940,TRENTON-PRINCETON,2025,TRUE,single_year,2025,TRUE,TRUE,19,53,38,12,,25,25,,0,47.2,47.2,5.7,0.0,103000,82000,136000,365000,6.375,53,53,78,,,,12,17,,0,,,10,0,,0,22,13,,,0,0,0,16,0,25,20,,,0,30,13,,,,16,17,10,,,,0
46060,TUCSON,2018,TRUE,single_year,2018,TRUE,TRUE,22,75,48,13,14,28,34,12,,37.3,45.3,16.0,1.3,55500,41500,87000,175000,4.875,74,75,110,,22,,,28,13,,21,,,0,,,55,,,,,0,,,0,23,45,,,0,33,18,23,,,28,14,15,,,,0
46060,TUCSON,2019,TRUE,single_year,2019,TRUE,TRUE,22,69,47,12,10,18,34,17,0,26.1,49.3,24.6,0.0,59500,43000,81500,195000,4.25,68,69,130,,,,,23,18,,,,,0,,,61,,0,,0,,0,,0,25,33,,,0,42,11,13,,,25,19,,,,,0
46060,TUCSON,2020,TRUE,single_year,2020,TRUE,TRUE,14,93,74,10,,23,54,16,0,24.7,58.1,17.2,0.0,65000,44500,82500,215000,3.125,91,93,144,,17,,,38,21,,16,,0,0,0,0,63,11,,,0,0,,14,0,30,51,0,12,0,54,19,15,,11,39,21,,,,0,
46060,TUCSON,2021,TRUE,single_year,2021,TRUE,TRUE,15,108,75,18,15,42,58,,0,38.9,53.7,7.4,0.0,68000,52000,98500,275000,3,107,108,212,,31,12,,45,,,31,11,0,0,0,0,80,,,,0,0,,,0,29,65,,11,0,55,27,25,,10,42,28,15,,,,0
46060,TUCSON,2022,TRUE,single_year,2022,TRUE,TRUE,15,81,58,17,,33,36,11,,40.7,44.4,13.6,1.2,84000,59000,121000,315000,5.125,81,81,122,,19,10,,28,16,,18,,,,,0,47,,,0,0,0,0,25,0,33,30,0,18,0,35,19,18,,,31,20,,10,,0,0
46060,TUCSON,2023,TRUE,single_year,2023,TRUE,TRUE,18,79,63,,11,38,32,,0,48.1,40.5,11.4,0.0,97000,68000,140000,345000,6.5,77,78,70,,23,13,,21,11,,23,11,,0,0,,52,,,,0,,,15,0,28,34,,14,0,33,17,21,,13,27,15,,,,0,
46060,TUCSON,2024,TRUE,single_year,2024,TRUE,TRUE,17,93,78,,,45,39,,0,48.4,41.9,9.7,0.0,99000,77000,130000,365000,6.625,89,93,99,,20,,18,28,15,,20,,16,0,0,,60,,,,0,0,0,26,0,30,35,,23,0,42,21,20,10,11,37,21,,,,,
46060,TUCSON,2025,TRUE,single_year,2025,TRUE,TRUE,18,77,59,,10,38,25,14,0,49.4,32.5,18.2,0.0,91500,61500,115250,355000,6.5,76,77,79,,,11,23,16,18,,,,20,0,,,54,,,0,0,0,0,18,0,33,28,,13,0,41,20,,,10,34,16,,,,,
46140,TULSA,2018,TRUE,three_year_total,2018,TRUE,TRUE,22,33,31,,,19,12,,0,57.6,36.4,6.1,0.0,,,,,,32,25,155,0,,,0,,,,,,0,0,,,25,,0,0,0,0,,0,0,,32,0,0,0,12,,16,0,,12,,,,,,0
46140,TULSA,2019,TRUE,single_year,2019,TRUE,TRUE,24,50,48,,0,36,12,,0,72.0,24.0,4.0,0.0,60000,47000,102750,160000,4.563,46,40,197,,18,,,,,10,18,,,0,0,10,37,,,0,0,0,,,0,,39,,,0,18,12,14,,,13,,,,,,
46140,TULSA,2020,TRUE,three_year_total,"2018,2019,2020",TRUE,TRUE,19,127,120,,,86,36,,0,67.7,28.3,3.9,0.0,,,,,,121,98,513,,35,17,,24,16,32,35,17,,0,,32,94,,,,0,0,,,0,,111,,,0,40,25,55,,,39,21,18,17,16,,
46140,TULSA,2021,TRUE,single_year,2021,TRUE,TRUE,24,56,53,,,38,17,,0,67.9,30.4,1.8,0.0,75000,50000,114500,200000,3.188,54,52,190,,20,13,,13,,,20,11,,0,,,37,,,,0,0,,,0,,44,0,,0,24,,19,,,18,,13,,,,0
46140,TULSA,2022,TRUE,three_year_total,"2020,2021,2022",TRUE,TRUE,16,138,131,,,96,39,,0,69.6,28.3,2.2,0.0,,,,,,135,119,519,,41,28,,28,12,25,40,26,,0,,24,99,,,,0,0,,11,0,10,118,,,0,50,26,57,,,43,23,29,16,12,,0
46140,TULSA,2023,TRUE,single_year,2023,TRUE,TRUE,25,50,45,,,42,,,0,84.0,12.0,4.0,0.0,93000,63000,200750,240000,7.11,48,37,149,,19,,,,,16,19,,,0,0,16,36,,0,,0,,,,0,,36,,,0,19,14,14,,,10,,14,,,,0
46140,TULSA,2024,TRUE,single_year,2024,TRUE,TRUE,22,59,55,,,47,11,,0,79.7,18.6,1.7,0.0,116500,81750,170750,305000,7,58,45,193,0,11,,13,,,18,11,,12,0,,18,33,,,,0,,,10,0,,46,,,0,27,,24,,10,17,,10,,,,0
46140,TULSA,2025,TRUE,single_year,2025,TRUE,TRUE,23,64,59,,,48,13,,0,75.0,20.3,4.7,0.0,105000,78000,168250,295000,6.625,64,46,185,0,17,,,,,23,17,,,0,,20,44,,,,0,,,,0,,46,,10,0,26,13,22,,,18,11,11,,,,0
46220,TUSCALOOSA,2018,TRUE,three_year_total,2018,TRUE,TRUE,12,,,0,0,,0,0,0,100.0,0.0,0.0,0.0,,,,,,,0,43,0,0,0,0,0,0,,0,0,0,0,0,,,0,0,0,0,0,0,0,0,0,,0,0,0,0,,,0,0,,0,,0,0,0,0
46220,TUSCALOOSA,2019,TRUE,three_year_total,"2018,2019",TRUE,TRUE,25,,,0,,,,,0,75.0,12.5,12.5,0.0,,,,,,,,60,0,,,0,0,,,,,0,0,,,,,0,0,0,0,0,0,0,,,0,0,0,,,,0,0,,0,,0,0,0,0
46220,TUSCALOOSA,2020,TRUE,three_year_total,"2018,2019,2020",TRUE,TRUE,24,11,10,0,,,,,0,81.8,9.1,9.1,0.0,,,,,,11,,75,0,,,0,0,,,,,0,0,,,,,0,0,0,0,0,0,0,,,0,0,0,,,,0,,,0,,,0,0,0
46220,TUSCALOOSA,2021,TRUE,three_year_total,"2019,2020,2021",TRUE,TRUE,23,13,12,0,,,,,0,69.2,15.4,15.4,0.0,,,,,,13,10,51,0,,,0,0,,,,,0,0,,,,,0,0,0,0,0,0,0,,11,0,0,0,,,,0,,,,,,0,0,0
46220,TUSCALOOSA,2022,TRUE,three_year_total,"2020,2021,2022",TRUE,TRUE,25,11,10,,0,,,,0,81.8,9.1,9.1,0.0,,,,,,11,,66,0,,,0,0,,,,,0,0,,,,,0,0,0,0,0,0,0,,10,0,0,0,,,,0,,,,,,0,,0
46220,TUSCALOOSA,2023,TRUE,three_year_total,"2021,2022,2023",TRUE,TRUE,25,11,,,,,,,0,72.7,18.2,9.1,0.0,,,,,,11,10,80,0,,,0,,,,,,0,0,0,,,,0,0,0,0,0,0,0,0,11,0,0,0,,,,0,0,,,,,,,0
46220,TUSCALOOSA,2024,TRUE,three_year_total,"2022,2023,2024",TRUE,TRUE,18,12,10,,,10,,0,0,83.3,16.7,0.0,0.0,,,,,,12,11,82,0,,0,0,,0,,,0,0,0,0,,,,0,0,0,0,0,0,0,0,12,0,0,0,,,,0,0,0,,,,,,0
46220,TUSCALOOSA,2025,TRUE,three_year_total,"2023,2024,2025",TRUE,TRUE,20,17,13,,,13,,,0,76.5,11.8,11.8,0.0,,,,,,17,15,78,0,11,,0,,0,,11,0,0,0,0,,10,,0,0,0,0,0,,0,0,16,0,,0,,,,0,0,,,,,,,0
46300,TWIN FALLS,2018,TRUE,three_year_total,2018,TRUE,TRUE,28,19,17,0,,14,,0,0,73.7,26.3,0.0,0.0,,,,,,14,19,33,,,,,,,,,,,0,0,,17,0,0,0,0,0,0,,0,,14,,,0,,,,,,,,,,,0,
46300,TWIN FALLS,2019,TRUE,three_year_total,"2018,2019",TRUE,TRUE,25,30,26,,,20,10,0,0,66.7,33.3,0.0,0.0,,,,,,25,30,53,,14,,,,,,14,,,0,0,,27,0,0,0,0,0,0,,0,,23,,,0,,,11,,,,,,,,0,
46300,TWIN FALLS,2020,TRUE,three_year_total,"2018,2019,2020",TRUE,TRUE,24,49,44,,,29,18,,0,59.2,36.7,4.1,0.0,,,,,,44,49,76,,20,,,12,,,20,,,0,0,,40,,,0,0,0,0,,0,,37,,,0,20,10,15,,,13,,,,,0,
46300,TWIN FALLS,2021,TRUE,three_year_total,"2019,2020,2021",TRUE,TRUE,23,41,36,,,24,15,,0,58.5,36.6,4.9,0.0,,,,,,41,41,85,0,17,,,10,,,17,,,0,0,,34,,,0,0,0,0,,0,,30,0,,0,19,11,,,,13,,,,,,0
46300,TWIN FALLS,2022,TRUE,three_year_total,"2020,2021,2022",TRUE,TRUE,25,35,31,,,22,11,,0,62.9,31.4,5.7,0.0,,,,,,34,35,106,0,14,,,,,,14,,,0,0,,29,,,0,0,0,0,,0,,25,0,,0,18,,,,,12,,,,,,0
46300,TWIN FALLS,2023,TRUE,three_year_total,"2021,2022,2023",TRUE,TRUE,21,24,18,,,20,,0,0,83.3,16.7,0.0,0.0,,,,,,23,24,93,0,13,,,,0,,13,,,0,0,,23,0,0,0,0,0,0,,0,,16,0,0,0,10,,,0,,,,,,,,0
46300,TWIN FALLS,2024,TRUE,three_year_total,"2022,2023,2024",TRUE,TRUE,26,23,16,,,14,,,0,60.9,34.8,4.3,0.0,,,,,,22,23,63,,10,,,,,,10,,,0,0,,20,0,,0,0,0,0,,0,,15,0,,0,12,,,,,,,,,,0,0
46300,TWIN FALLS,2025,TRUE,three_year_total,"2023,2024,2025",TRUE,TRUE,26,25,17,,,16,,,0,64.0,28.0,8.0,0.0,,,,,,25,25,39,,10,,,,,,10,,,0,0,,21,0,,0,0,0,0,,0,,17,0,,0,11,,,,,,,,,0,,0
46340,TYLER,2018,TRUE,three_year_total,2018,TRUE,TRUE,25,17,16,,0,13,,0,0,76.5,23.5,0.0,0.0,,,,,,16,11,35,0,,,,,,,,,0,0,,,16,0,0,0,0,0,0,,0,0,16,0,,0,,,,,,,,,,,,0
46340,TYLER,2019,TRUE,three_year_total,"2018,2019",TRUE,TRUE,23,29,25,,0,22,,0,0,75.9,24.1,0.0,0.0,,,,,,27,18,106,0,,,,,,12,,,0,0,,12,25,0,0,0,0,0,0,,0,0,25,0,,0,,,14,,,,,,,,,
46340,TYLER,2020,TRUE,three_year_total,"2018,2019,2020",TRUE,TRUE,23,51,47,,0,42,,0,0,82.4,17.6,0.0,0.0,,,,,,48,29,156,0,,,,,,24,,,0,0,,24,45,,0,0,0,0,0,,0,,37,,,0,14,,26,,,13,,,,,10,
46340,TYLER,2021,TRUE,three_year_total,"2019,2020,2021",TRUE,TRUE,21,49,46,,0,36,12,,0,73.5,24.5,2.0,0.0,,,,,,47,32,200,0,,10,,,,18,,10,0,0,0,17,40,,0,0,0,0,0,,0,,29,,,0,13,,23,,,20,,,,,,
46340,TYLER,2022,TRUE,three_year_total,"2020,2021,2022",TRUE,TRUE,18,51,50,,0,36,14,,0,70.6,27.5,2.0,0.0,,,,,,50,36,206,0,10,10,,,,16,10,10,0,0,,15,43,,0,0,0,0,0,,0,,31,,,0,14,11,24,,,19,,,,,,0
46340,TYLER,2023,TRUE,three_year_total,"2021,2022,2023",TRUE,TRUE,22,55,51,,,36,17,,0,65.5,30.9,3.6,0.0,,,,,,55,45,201,0,14,,,12,,12,14,,,0,,11,41,,,0,0,0,0,,0,,38,,,0,17,12,21,,,19,,,,,,0
46340,TYLER,2024,TRUE,three_year_total,"2022,2023,2024",TRUE,TRUE,21,54,50,,,39,12,,0,72.2,22.2,5.6,0.0,,,,,,54,39,172,0,11,,,11,,18,11,,,0,,17,39,,,0,0,0,0,,0,,39,,,0,15,13,21,,,13,13,,,,,0
46340,TYLER,2025,TRUE,three_year_total,"2023,2024,2025",TRUE,TRUE,21,66,63,0,,48,14,,0,72.7,21.2,6.1,0.0,,,,,,66,50,149,0,18,,,11,,21,17,,,0,,20,46,,,,0,0,,,0,,43,,12,0,19,13,26,,,16,18,,,,,0
46520,URBAN HONOLULU,2018,TRUE,single_year,2018,TRUE,TRUE,20,60,50,,,55,,,0,91.7,3.3,5.0,0.0,159000,109500,227000,725000,4.5,59,57,44,,41,10,0,,,,41,10,0,0,0,,18,0,24,0,,,,,0,,54,0,,0,18,10,32,0,,,23,10,,,,0
46520,URBAN HONOLULU,2019,TRUE,three_year_total,"2018,2019",TRUE,TRUE,16,107,85,17,,91,,,0,85.0,8.4,6.5,0.0,,,,,,106,102,86,,70,18,0,,,,70,15,0,0,0,,31,0,44,0,,,13,,0,,86,,17,0,32,15,58,,,21,37,19,13,10,,0
46520,URBAN HONOLULU,2020,TRUE,single_year,2020,TRUE,TRUE,24,51,37,,,34,,15,0,66.7,3.9,29.4,0.0,136500,117250,182500,815000,3,50,49,26,,23,,,,13,,23,,0,0,0,,16,,22,,,,,,0,,37,,10,0,22,,20,,,13,22,,,,0,0
46520,URBAN HONOLULU,2021,TRUE,single_year,2021,TRUE,TRUE,21,78,68,,,52,,23,0,66.7,3.8,29.5,0.0,160000,124000,227000,1000000,2.875,77,78,47,,48,12,,,11,,43,,0,0,0,0,20,,26,,,,,15,0,,51,,18,0,33,,28,,,15,31,20,,,,0
46520,URBAN HONOLULU,2022,TRUE,single_year,2022,TRUE,TRUE,19,71,56,11,,49,,18,0,69.0,5.6,25.4,0.0,151000,118000,219000,925000,4.375,69,71,55,,48,,,,12,0,46,,0,0,0,0,14,,27,0,,,,14,0,,47,,20,0,22,,37,,,15,24,19,,,,0
46520,URBAN HONOLULU,2023,TRUE,three_year_total,"2021,2022,2023",TRUE,TRUE,13,188,151,23,14,130,10,48,0,69.1,5.3,25.5,0.0,,,,,,183,187,137,,118,21,10,,30,,111,16,,0,0,,42,,67,,16,,18,35,0,,124,,46,,68,20,87,13,,40,70,48,10,11,,0
46520,URBAN HONOLULU,2024,TRUE,single_year,2024,TRUE,TRUE,25,53,40,,,44,,,0,83.0,7.5,9.4,0.0,218000,169000,316000,1015000,6.625,51,53,22,,38,,,,,,37,,,0,0,,,0,28,0,,,,,0,,36,,14,0,17,,24,,0,10,23,14,,,,0
46520,URBAN HONOLULU,2025,TRUE,single_year,2025,TRUE,TRUE,20,60,38,14,,41,,18,0,68.3,1.7,30.0,0.0,218000,177000,279500,1075000,6.25,60,56,37,,32,,,,,,31,,,0,0,,16,0,20,,,,,15,0,,40,,17,0,20,15,22,,0,11,21,16,,,0,0
46540,UTICA-ROME,2018,TRUE,single_year,2018,TRUE,TRUE,17,123,100,15,,38,83,,0,30.9,67.5,1.6,0.0,42000,30250,57750,75000,4.625,122,123,48,0,23,10,,69,,,22,,,0,,,91,,16,,0,0,,,0,10,106,0,,0,71,33,13,,20,53,28,11,,,0,0
46540,UTICA-ROME,2019,TRUE,single_year,2019,TRUE,TRUE,12,135,123,,,38,95,,0,28.1,70.4,1.5,0.0,43500,32000,58000,85000,4.25,134,135,69,,13,18,10,82,,,13,14,,,,0,87,10,27,0,0,0,0,11,0,10,117,0,,0,83,34,16,,21,49,36,17,10,,0,0
46540,UTICA-ROME,2020,TRUE,single_year,2020,TRUE,TRUE,14,109,97,10,,41,64,,0,37.6,58.7,3.7,0.0,44000,34000,65500,95000,3.5,108,108,63,0,17,12,,57,13,,17,11,,0,,,77,,12,0,0,0,0,15,0,,88,0,13,0,57,31,13,,13,41,32,,,,,0
46540,UTICA-ROME,2021,TRUE,single_year,2021,TRUE,TRUE,12,195,168,19,,79,108,,0,40.5,55.4,4.1,0.0,44000,34250,59500,125000,3,194,195,99,,39,18,,105,20,,38,18,,,13,,106,19,38,0,,,0,29,0,14,150,,30,0,114,46,16,19,23,73,51,22,21,,0,0
46540,UTICA-ROME,2022,TRUE,single_year,2022,TRUE,TRUE,10,184,158,19,,86,89,,0,46.7,48.4,4.9,0.0,48000,38000,62500,135000,4.75,183,184,105,,34,37,18,76,18,,32,30,13,,10,0,95,18,38,0,0,,,30,0,16,142,,25,0,92,58,19,15,29,59,40,38,14,,,0
46540,UTICA-ROME,2023,TRUE,single_year,2023,TRUE,TRUE,12,120,102,12,,66,49,,0,55.0,40.8,4.2,0.0,55000,43000,76750,135000,6.375,118,119,89,0,29,20,20,42,,,27,17,18,,,,70,,24,,0,0,0,16,0,15,87,,17,0,71,30,11,,24,40,20,19,13,,0,0
46540,UTICA-ROME,2024,TRUE,single_year,2024,TRUE,TRUE,11,154,132,16,,78,70,,0,50.6,45.5,3.9,0.0,61000,45000,82000,155000,6.433,153,154,115,,35,15,35,53,13,,30,11,30,,,0,92,11,31,0,0,0,,17,0,21,118,,14,0,72,47,27,,25,55,27,27,16,,0,
46540,UTICA-ROME,2025,TRUE,single_year,2025,TRUE,TRUE,10,146,126,19,,98,46,,0,67.1,31.5,1.4,0.0,62000,50000,84000,165000,6.375,146,143,90,,21,24,38,44,16,,21,20,36,,13,,90,13,25,0,0,0,0,18,0,27,106,0,12,,74,42,21,,15,55,33,25,15,,,0
46660,VALDOSTA,2018,TRUE,three_year_total,2018,TRUE,TRUE,27,,,0,,,0,,0,62.5,0.0,37.5,0.0,,,,,,,,46,,,0,0,0,,,,0,0,0,0,,,,0,0,0,0,0,,0,0,,0,,0,,,,,,,,0,0,,0,
46660,VALDOSTA,2019,TRUE,three_year_total,"2018,2019",TRUE,TRUE,23,16,13,,,11,0,,0,68.8,0.0,31.2,0.0,,,,,,15,,84,,,0,0,0,,11,,0,0,0,0,10,,,0,0,0,0,,,0,0,15,0,,0,,,,,,,,,0,,0,
46660,VALDOSTA,2020,TRUE,three_year_total,"2018,2019,2020",TRUE,TRUE,26,27,22,,,20,,,0,74.1,3.7,22.2,0.0,,,,,,25,12,123,,,0,0,,,17,,0,0,,0,16,18,,0,0,0,0,,,0,,24,0,,0,11,,,,,,,,,,,
46660,VALDOSTA,2021,TRUE,three_year_total,"2019,2020,2021",TRUE,TRUE,27,28,23,,,18,,,0,64.3,14.3,21.4,0.0,,,,,,27,15,127,0,,,0,,,17,,,0,,0,14,20,,0,0,0,,,,0,,24,0,,0,13,,,,,,,,,,,0
46660,VALDOSTA,2022,TRUE,three_year_total,"2020,2021,2022",TRUE,TRUE,26,31,26,,,19,,,0,61.3,19.4,19.4,0.0,,,,,,29,18,156,0,,,0,,,15,,,0,,0,13,22,,,0,0,,,,0,,25,0,,0,15,,10,,,,10,,,,,0
46660,VALDOSTA,2023,TRUE,three_year_total,"2021,2022,2023",TRUE,TRUE,25,27,24,,,17,,,0,63.0,18.5,18.5,0.0,,,,,,26,13,157,0,,,0,,,16,,,0,0,0,14,18,,,0,0,,,,0,,23,0,,0,12,,10,,,,,,,,0,0
46660,VALDOSTA,2024,TRUE,three_year_total,"2022,2023,2024",TRUE,TRUE,23,31,29,0,,25,,,0,80.6,9.7,9.7,0.0,,,,,,29,,152,0,,,0,,,23,,,0,0,0,23,23,,,0,0,0,,,0,,28,0,,0,11,,16,0,,,,,,,0,0
46660,VALDOSTA,2025,TRUE,three_year_total,"2023,2024,2025",TRUE,TRUE,19,29,29,0,0,26,,,0,89.7,3.4,6.9,0.0,,,,,,28,,136,0,0,0,,,,24,0,0,,0,0,24,22,,,0,0,0,0,,0,,27,0,,0,10,,15,0,,,,,,,0,0
46700,VALLEJO,2018,TRUE,three_year_total,2018,TRUE,TRUE,25,26,20,,,16,,,0,61.5,30.8,7.7,0.0,,,,,,26,26,41,0,14,,,,,0,14,,,0,0,0,10,,,0,0,,,,0,,18,0,,0,11,,,,0,,,,,,0,0
46700,VALLEJO,2019,TRUE,three_year_total,"2018,2019",TRUE,TRUE,19,60,46,,,33,24,,0,55.0,40.0,5.0,0.0,,,,,,60,59,90,0,23,,,15,,,22,,,0,0,,27,13,,,0,,,10,0,14,38,0,,0,32,12,11,,,23,11,13,,,0,0
46700,VALLEJO,2020,TRUE,three_year_total,"2018,2019,2020",TRUE,TRUE,14,91,71,11,,45,40,,0,49.5,44.0,6.6,0.0,,,,,,91,90,125,0,32,11,,27,11,,31,,,0,,,40,20,12,,0,,,16,0,22,57,0,12,0,42,27,15,,,33,19,19,14,,0,0
46700,VALLEJO,2021,TRUE,three_year_total,"2019,2020,2021",TRUE,TRUE,11,110,86,13,11,48,55,,0,43.6,50.0,6.4,0.0,,,,,,109,108,134,0,32,15,,42,11,,31,11,,0,,,53,25,15,,0,0,0,16,0,31,66,,12,0,47,36,22,,,43,24,18,15,,0,0
46700,VALLEJO,2022,TRUE,three_year_total,"2020,2021,2022",TRUE,TRUE,13,110,86,14,10,45,57,,0,40.9,51.8,7.3,0.0,,,,,,109,107,132,,34,13,,41,12,,33,,,0,,,49,20,22,0,0,0,0,19,0,31,65,,13,0,33,41,29,,,43,24,21,12,,,0
46700,VALLEJO,2023,TRUE,three_year_total,"2021,2022,2023",TRUE,TRUE,15,105,78,16,11,47,52,,0,44.8,49.5,5.7,0.0,,,,,,104,101,125,,35,11,,39,,,34,,,0,0,,43,19,18,,0,0,0,24,0,31,57,,16,0,35,36,29,,,42,24,17,,,,0
46700,VALLEJO,2024,TRUE,three_year_total,"2022,2023,2024",TRUE,TRUE,14,95,65,15,15,53,36,,0,55.8,37.9,6.3,0.0,,,,,,95,91,112,,30,11,17,25,,,29,,12,0,0,,34,14,15,,0,0,,28,0,27,49,,18,0,34,24,31,,,31,28,15,,,,0
46700,VALLEJO,2025,TRUE,three_year_total,"2023,2024,2025",TRUE,TRUE,15,81,53,14,14,51,24,,0,63.0,29.6,7.4,0.0,,,,,,80,79,100,,23,10,17,22,,,23,10,16,0,0,,29,14,,,0,,,27,0,24,36,,18,0,31,16,30,,,22,27,14,,,,0
47020,VICTORIA,2018,TRUE,three_year_total,2018,TRUE,TRUE,11,,,0,0,,0,0,0,100.0,0.0,0.0,0.0,,,,,,,,11,0,0,,0,0,0,0,0,,0,0,0,0,0,0,0,0,0,0,0,,0,0,0,0,,0,0,0,0,,0,,0,0,0,0,0,0
47020,VICTORIA,2019,TRUE,three_year_total,"2018,2019",TRUE,TRUE,17,,,0,0,,,0,0,50.0,50.0,0.0,0.0,,,,,,,,31,0,0,,0,0,0,,0,,0,0,0,0,,0,0,0,0,0,0,,0,0,,0,,0,,0,0,,0,,0,,0,0,0,0
47020,VICTORIA,2020,TRUE,three_year_total,"2018,2019,2020",TRUE,TRUE,27,,,,0,,,0,0,71.4,28.6,0.0,0.0,,,,,,,,40,0,,,0,,0,,,,0,0,0,,,0,0,0,0,0,0,,0,,,0,,0,,0,,,,,,,,0,0,0
47020,VICTORIA,2021,TRUE,three_year_total,"2019,2020,2021",TRUE,TRUE,26,11,,,,,,,0,63.6,27.3,9.1,0.0,,,,,,11,,45,0,,0,0,,0,,,0,0,0,0,,,0,0,0,0,0,0,,0,,,,,0,,0,,,,,,,,0,0,0
47020,VICTORIA,2022,TRUE,three_year_total,"2020,2021,2022",TRUE,TRUE,25,14,,,,10,,,0,71.4,21.4,7.1,0.0,,,,,,14,,38,0,,0,0,,0,,,0,0,0,0,,11,0,0,0,0,0,0,,0,,,,,0,,,,,,,,,,0,0,0
47020,VICTORIA,2023,TRUE,three_year_total,"2021,2022,2023",TRUE,TRUE,27,13,,,,,,,0,61.5,23.1,15.4,0.0,,,,,,13,,43,0,,0,0,,,,,0,0,0,,,10,0,,0,0,0,0,,0,,,,,0,,,,0,0,,,,,0,0,0
47020,VICTORIA,2024,TRUE,three_year_total,"2022,2023,2024",TRUE,TRUE,29,,,,,,,,0,66.7,22.2,11.1,0.0,,,,,,,,49,0,,0,,,,,,0,,0,,,,0,,0,0,0,0,0,0,,,,0,0,,,,0,0,,,0,,0,0,0
47020,VICTORIA,2025,TRUE,three_year_total,"2023,2024,2025",TRUE,TRUE,29,,,,,,,,0,77.8,11.1,11.1,0.0,,,,,,,,43,0,,0,,,,,,0,,0,,,,0,,0,0,0,0,0,0,,,,0,0,,,,0,0,,,0,0,,0,0
47220,VINELAND,2018,TRUE,three_year_total,2018,TRUE,TRUE,22,,,,0,,,0,0,22.2,77.8,0.0,0.0,,,,,,,,20,0,,,0,,,0,,,0,0,0,0,,,0,0,0,0,0,0,0,,,0,0,0,,,0,0,,,0,,0,0,0,0
47220,VINELAND,2019,TRUE,three_year_total,"2018,2019",TRUE,TRUE,20,34,31,,0,,27,,0,11.8,79.4,8.8,0.0,,,,,,34,33,55,,,,,20,,,,,0,0,0,,23,11,0,0,0,0,0,0,0,16,17,0,,0,23,,,0,,17,,,,0,,0
47220,VINELAND,2020,TRUE,three_year_total,"2018,2019,2020",TRUE,TRUE,19,55,49,,0,,43,,0,14.5,78.2,7.3,0.0,,,,,,55,54,74,,,,,32,11,,,,0,0,0,,37,14,0,0,0,0,0,,0,30,21,0,,0,30,18,,0,,28,11,,,,,0
47220,VINELAND,2021,TRUE,three_year_total,"2019,2020,2021",TRUE,TRUE,17,75,67,,,11,60,,0,14.7,80.0,5.3,0.0,,,,,,75,74,96,,,,,50,,,,,0,0,0,,42,17,0,0,0,0,0,16,0,37,24,0,14,0,40,23,10,,10,27,23,,,,,0
47220,VINELAND,2022,TRUE,three_year_total,"2020,2021,2022",TRUE,TRUE,14,84,73,10,,18,64,,0,21.4,76.2,2.4,0.0,,,,,,84,84,92,0,,11,,47,13,,,,,0,,,40,12,0,0,0,0,0,32,0,43,19,0,22,0,43,27,12,,13,28,23,,,,0,0
47220,VINELAND,2023,TRUE,three_year_total,"2021,2022,2023",TRUE,TRUE,14,93,83,,,21,71,,0,22.6,76.3,1.1,0.0,,,,,,93,93,124,0,,10,,42,16,13,,,,0,,,42,17,0,0,0,0,,33,0,44,30,0,19,0,52,27,12,,14,30,29,10,,,0,0
47220,VINELAND,2024,TRUE,three_year_total,"2022,2023,2024",TRUE,TRUE,16,91,80,,,25,63,,0,27.5,69.2,3.3,0.0,,,,,,91,91,132,0,,,,27,21,23,,,,0,,,43,22,0,,0,0,,24,0,44,38,0,,0,53,28,10,0,15,30,24,10,,,0,0
47220,VINELAND,2025,TRUE,three_year_total,"2023,2024,2025",TRUE,TRUE,18,72,63,,,21,48,,0,29.2,66.7,4.2,0.0,,,,,,72,72,146,0,,,,15,12,28,,,,0,,,43,18,0,,0,0,,,0,38,33,0,,0,42,19,10,,10,21,19,12,,,0,0
47260,VIRGINIA BEACH-CHESAPEAKE-NORFOLK,2018,TRUE,single_year,2018,TRUE,TRUE,13,131,109,11,11,19,38,74,0,14.5,29.0,56.5,0.0,62000,52000,82000,185000,4.75,129,131,116,,12,,,24,73,,11,,,0,0,,62,53,0,,0,0,,13,0,,114,0,12,0,89,23,14,,17,63,23,15,,,0,0
47260,VIRGINIA BEACH-CHESAPEAKE-NORFOLK,2019,TRUE,single_year,2019,TRUE,TRUE,10,179,145,14,20,26,68,85,0,14.5,38.0,47.5,0.0,66000,52000,94500,215000,4,179,178,132,,11,16,10,46,81,15,11,,,0,0,,89,49,,,0,,,28,0,13,139,0,27,0,116,29,23,11,35,82,36,10,,,0,0
47260,VIRGINIA BEACH-CHESAPEAKE-NORFOLK,2020,TRUE,single_year,2020,FALSE,TRUE,12,170,135,11,24,24,57,89,0,14.1,33.5,52.4,0.0,69000,57250,88500,235000,3.125,170,169,145,0,14,,,50,76,15,14,,,0,0,,68,69,10,,0,0,,20,0,12,136,,20,0,110,36,15,,36,82,29,10,,,,0
47260,VIRGINIA BEACH-CHESAPEAKE-NORFOLK,2021,TRUE,single_year,2021,TRUE,TRUE,9,210,168,21,21,45,79,86,0,21.4,37.6,41.0,0.0,72000,56000,102250,250000,2.99,208,210,216,,17,30,,69,67,19,16,24,,0,,,78,84,10,0,0,0,,37,0,17,161,0,32,0,121,54,18,17,24,93,53,18,13,,,
47260,VIRGINIA BEACH-CHESAPEAKE-NORFOLK,2022,TRUE,single_year,2022,FALSE,TRUE,14,162,134,11,17,24,48,90,0,14.8,29.6,55.6,0.0,78000,64000,103000,315000,5,161,161,180,0,,14,,41,73,18,,12,,0,0,,67,58,,,,0,,26,0,15,121,,25,0,106,35,13,,19,76,42,17,,,,0
47260,VIRGINIA BEACH-CHESAPEAKE-NORFOLK,2023,TRUE,single_year,2023,TRUE,TRUE,15,148,131,,10,28,49,71,0,18.9,33.1,48.0,0.0,84000,64500,124000,295000,6.625,147,148,149,,,11,19,38,65,,,10,,,0,0,66,52,,,0,0,,22,0,27,102,,18,0,94,33,14,,32,60,39,,,,0,0
47260,VIRGINIA BEACH-CHESAPEAKE-NORFOLK,2024,TRUE,single_year,2024,TRUE,TRUE,12,151,120,14,17,39,37,75,0,25.8,24.5,49.7,0.0,91000,75000,120000,335000,6.5,151,151,115,,11,,26,25,64,16,10,,22,0,,,64,50,,,,0,,29,0,19,100,0,32,0,89,38,12,12,32,54,33,15,12,,,
47260,VIRGINIA BEACH-CHESAPEAKE-NORFOLK,2025,TRUE,single_year,2025,TRUE,TRUE,15,141,118,10,13,37,33,71,0,26.2,23.4,50.4,0.0,96000,82000,127000,335000,6.49,141,141,120,,,,32,26,50,19,,,23,0,,,55,41,,,,0,,35,0,15,93,,31,0,79,36,16,10,23,48,41,14,,,,0
47300,VISALIA,2018,TRUE,three_year_total,2018,TRUE,TRUE,29,19,11,,,,,,0,47.4,47.4,5.3,0.0,,,,,,17,19,42,0,,,,,,,,0,,0,0,,16,0,,0,0,0,,,0,11,,,,0,10,,,,,,,,,,0,0
47300,VISALIA,2019,TRUE,three_year_total,"2018,2019",TRUE,TRUE,24,38,24,,,17,20,,0,44.7,52.6,2.6,0.0,,,,,,36,38,98,0,13,,,17,,,12,,,0,0,,30,0,,,,0,,,0,22,10,,,0,16,,10,,,16,,,,,0,0
47300,VISALIA,2020,TRUE,three_year_total,"2018,2019,2020",TRUE,TRUE,22,64,40,15,,24,39,,0,37.5,60.9,1.6,0.0,,,,,,62,64,141,,17,,,29,,,16,,,0,0,,54,0,,,,0,,,0,41,16,,,0,25,19,17,,10,23,12,,,,,0
47300,VISALIA,2021,TRUE,three_year_total,"2019,2020,2021",TRUE,TRUE,16,75,50,16,,25,50,0,0,33.3,66.7,0.0,0.0,,,,,,74,75,159,,17,13,,37,0,,16,,,0,0,0,59,0,,,,0,0,11,0,50,20,,,0,29,23,20,,11,30,15,,,,,0
47300,VISALIA,2022,TRUE,three_year_total,"2020,2021,2022",TRUE,TRUE,14,79,55,14,10,27,52,0,0,34.2,65.8,0.0,0.0,,,,,,78,79,136,,18,14,,36,,,18,,,0,0,0,64,,,0,0,0,0,11,0,54,20,,,0,32,23,22,,14,26,16,11,,,,0
47300,VISALIA,2023,TRUE,three_year_total,"2021,2022,2023",TRUE,TRUE,15,64,45,10,,25,39,0,0,39.1,60.9,0.0,0.0,,,,,,63,64,114,,18,,,27,,,18,,0,0,,0,48,,,0,0,0,0,12,0,40,18,,,0,28,14,19,,10,23,11,10,,,0,0
47300,VISALIA,2024,TRUE,three_year_total,"2022,2023,2024",TRUE,TRUE,22,55,40,,,25,29,,0,45.5,52.7,1.8,0.0,,,,,,55,55,90,,15,,,17,,0,15,,,0,,0,44,,,,0,0,0,,0,36,12,,,0,22,,20,,11,19,,,,,0,0
47300,VISALIA,2025,TRUE,three_year_total,"2023,2024,2025",TRUE,TRUE,17,59,37,10,12,31,26,,0,52.5,44.1,3.4,0.0,,,,,,59,59,89,,14,,13,15,10,0,14,,,0,,0,42,0,,,0,0,0,13,0,40,,,,0,32,,20,,,27,11,,,,0,0
47380,WACO,2018,TRUE,three_year_total,2018,TRUE,TRUE,24,20,20,0,0,14,,,0,70.0,10.0,20.0,0.0,,,,,,19,,82,0,,0,0,,,13,,0,0,0,0,11,15,,,0,0,0,0,,0,,13,,,0,,,,,,,,,0,,,
47380,WACO,2019,TRUE,three_year_total,"2018,2019",TRUE,TRUE,22,54,54,0,0,42,,,0,77.8,11.1,11.1,0.0,,,,,,53,16,163,,,0,0,,,39,,0,0,0,0,37,43,,,0,0,0,,,0,,40,,,0,,,33,,,10,14,10,,,,
47380,WACO,2020,TRUE,three_year_total,"2018,2019,2020",TRUE,TRUE,22,80,78,,0,65,,,0,81.2,10.0,8.8,0.0,,,,,,79,21,231,,,,0,,,61,,,0,0,0,58,65,,,0,0,0,,,0,,62,,,0,13,11,51,,,14,22,14,10,,,
47380,WACO,2021,TRUE,three_year_total,"2019,2020,2021",TRUE,TRUE,22,85,83,,0,73,,,0,85.9,8.2,5.9,0.0,,,,,,85,22,253,,,,0,,,65,,,0,0,0,63,71,,,,0,0,,,0,,66,,,0,13,12,57,,,15,19,19,15,,,0
47380,WACO,2022,TRUE,three_year_total,"2020,2021,2022",TRUE,TRUE,24,78,74,,,68,,,0,87.2,7.7,5.1,0.0,,,,,,77,23,238,0,,,0,,,58,,,0,0,,56,65,,,,0,0,,,0,,57,,,0,19,10,47,,,14,18,17,12,,,
47380,WACO,2023,TRUE,three_year_total,"2021,2022,2023",TRUE,TRUE,25,76,73,,,60,10,,0,78.9,13.2,7.9,0.0,,,,,,74,28,224,,,,,,,51,,,,0,,49,64,,,,0,0,,,0,10,52,,,0,24,10,41,,,15,16,14,10,,,
47380,WACO,2024,TRUE,three_year_total,"2022,2023,2024",TRUE,TRUE,24,79,73,,,60,12,,0,75.9,15.2,8.9,0.0,,,,,,75,32,182,,,,,,12,51,,,,0,,50,64,,0,,0,0,,,0,13,50,,11,0,25,,41,,,18,17,16,,,,
47380,WACO,2025,TRUE,three_year_total,"2023,2024,2025",TRUE,TRUE,20,87,79,,,64,15,,0,73.6,17.2,9.2,0.0,,,,,,83,39,189,,,,,11,10,52,,,,0,0,51,68,,0,,0,,,,0,15,56,,10,0,23,15,45,,,22,15,12,10,12,,
47460,WALLA WALLA,2018,TRUE,three_year_total,2018,TRUE,TRUE,26,,,,0,,,0,0,55.6,44.4,0.0,0.0,,,,,,,,14,0,,,,,,0,,,,0,0,0,,0,0,0,0,0,0,,0,,,0,0,0,,,,,0,,,,0,0,0,0
47460,WALLA WALLA,2019,TRUE,three_year_total,"2018,2019",TRUE,TRUE,26,18,16,,0,,,,0,44.4,44.4,11.1,0.0,,,,,,18,18,27,0,,,,,,0,,,,0,,0,14,0,0,0,0,0,,,0,,13,0,0,0,10,,,,,,,,,,,0
47460,WALLA WALLA,2020,TRUE,three_year_total,"2018,2019,2020",TRUE,TRUE,27,24,19,,,11,11,,0,45.8,45.8,8.3,0.0,,,,,,24,24,40,0,,,,,,,,,,0,,0,19,0,0,0,0,0,,,0,,16,0,,0,12,,,,,,,,,,,0
47460,WALLA WALLA,2021,TRUE,three_year_total,"2019,2020,2021",TRUE,TRUE,28,27,21,,,13,11,,0,48.1,40.7,11.1,0.0,,,,,,27,26,40,,,,,,,,,,0,0,,,20,0,0,0,0,0,,,0,,17,0,,0,12,,,,,,,,,,,0
47460,WALLA WALLA,2022,TRUE,three_year_total,"2020,2021,2022",TRUE,TRUE,24,29,24,,,15,13,,0,51.7,44.8,3.4,0.0,,,,,,28,28,39,,,,,,0,,,,0,0,0,,21,0,0,0,0,0,0,,0,,18,0,,0,10,,,,,,,,,,0,0
47460,WALLA WALLA,2023,TRUE,three_year_total,"2021,2022,2023",TRUE,TRUE,24,26,24,0,,12,13,,0,46.2,50.0,3.8,0.0,,,,,,25,25,31,,,,,,,,,,0,0,0,,18,0,0,0,0,0,0,,0,,16,0,,0,,,,,,10,,,,,0,0
47460,WALLA WALLA,2024,TRUE,three_year_total,"2022,2023,2024",TRUE,TRUE,25,19,19,0,0,,11,,0,36.8,57.9,5.3,0.0,,,,,,18,19,20,0,,,,,,,,,,0,0,0,12,,0,0,0,0,0,,0,,12,0,,0,,,,,,,,,,,0,0
47460,WALLA WALLA,2025,TRUE,three_year_total,"2023,2024,2025",TRUE,TRUE,30,14,13,0,,,,,0,42.9,42.9,14.3,0.0,,,,,,14,14,19,0,,,,,,,,,,0,0,0,,,0,0,0,0,0,,0,,,0,,0,,,,,,,,,,,,0
47580,WARNER ROBINS,2018,TRUE,three_year_total,2018,TRUE,TRUE,16,,,,0,,0,0,0,100.0,0.0,0.0,0.0,,,,,,,,15,0,,0,0,0,0,,,0,0,0,0,,,,0,0,0,0,0,0,0,0,,0,0,0,,0,0,0,,0,0,0,,0,0,0
47580,WARNER ROBINS,2019,TRUE,three_year_total,"2018,2019",TRUE,TRUE,16,,,,0,,0,0,0,100.0,0.0,0.0,0.0,,,,,,,,22,0,,0,0,0,0,,,0,0,0,0,,,,0,0,0,0,0,0,0,0,,0,0,0,,0,0,0,,0,0,0,,0,0,0
47580,WARNER ROBINS,2020,TRUE,three_year_total,"2018,2019,2020",TRUE,TRUE,20,,,,0,,,0,0,75.0,25.0,0.0,0.0,,,,,,,,40,0,,0,0,,0,,,0,0,0,0,,,,0,0,0,0,0,0,0,,,0,0,0,,0,0,0,,,0,0,,0,0,0
47580,WARNER ROBINS,2021,TRUE,three_year_total,"2019,2020,2021",TRUE,TRUE,27,,,,0,,,0,0,66.7,33.3,0.0,0.0,,,,,,,,49,0,,,0,,0,,,,0,0,0,,,,0,0,0,0,0,,0,,,0,,0,,,,0,,,,0,,0,0,0
47580,WARNER ROBINS,2022,TRUE,three_year_total,"2020,2021,2022",TRUE,TRUE,30,11,,,0,,,,0,54.5,18.2,27.3,0.0,,,,,,11,,65,0,,,0,,,,,,0,0,0,,,,0,0,0,0,0,,0,,,0,,0,,,,,,,,,,,0,0
47580,WARNER ROBINS,2023,TRUE,three_year_total,"2021,2022,2023",TRUE,TRUE,29,15,12,,0,,,,0,46.7,13.3,40.0,0.0,,,,,,15,12,76,0,,,0,,,,,,0,0,0,,,,0,0,0,0,0,,0,,,0,,0,,,,,,,,,,,,0
47580,WARNER ROBINS,2024,TRUE,three_year_total,"2022,2023,2024",TRUE,TRUE,28,20,13,,,,,,0,30.0,30.0,40.0,0.0,,,,,,20,17,81,0,,0,,,,,,0,,0,0,,,,0,0,0,0,0,,0,,11,0,,0,,,,,0,,,,,,,0
47580,WARNER ROBINS,2025,TRUE,three_year_total,"2023,2024,2025",TRUE,TRUE,23,23,17,,,,11,,0,21.7,47.8,30.4,0.0,,,,,,23,20,85,0,0,0,,10,,,0,0,,0,0,,,12,0,0,0,0,0,,0,,14,0,,0,,11,,,,,,,,,,0
47664,WARREN-TROY-FARMINGTON HILLS,2018,TRUE,single_year,2018,TRUE,TRUE,17,71,64,,,40,31,0,0,56.3,43.7,0.0,0.0,68000,50500,94500,145000,4.875,71,69,113,,19,11,11,22,,,19,10,,0,,,58,,0,0,0,0,0,,0,,61,0,,0,39,19,,,,25,15,11,,,0,0
47664,WARREN-TROY-FARMINGTON HILLS,2019,TRUE,single_year,2019,TRUE,TRUE,17,120,113,,,92,23,,0,76.7,19.2,4.2,0.0,87000,63000,131750,245000,4.75,118,118,100,,42,37,,19,15,,42,33,,0,11,,96,,,,0,0,,16,0,,104,,14,0,53,15,44,,,26,28,22,18,11,,0
47664,WARREN-TROY-FARMINGTON HILLS,2020,TRUE,single_year,2020,TRUE,TRUE,18,98,90,,,70,27,,0,71.4,27.6,1.0,0.0,81500,52250,120500,235000,3.778,96,94,96,0,39,26,,23,,,39,25,,0,,,83,,,0,0,0,,,0,,88,0,,0,52,14,28,,13,30,15,16,14,,,0
47664,WARREN-TROY-FARMINGTON HILLS,2021,TRUE,single_year,2021,TRUE,TRUE,17,132,121,,,79,47,,0,59.8,35.6,4.5,0.0,82000,51000,120000,225000,3.25,129,129,182,0,40,34,,45,,,40,34,0,,,,101,,,0,0,0,,16,0,,106,,16,0,65,25,31,11,,57,21,18,19,,,0
47664,WARREN-TROY-FARMINGTON HILLS,2022,TRUE,single_year,2022,TRUE,TRUE,17,104,94,,,65,39,0,0,62.5,37.5,0.0,0.0,95500,68750,146500,240000,4.875,100,103,159,,42,20,,32,,,42,20,,0,,,67,10,,,0,0,,16,0,,82,,19,0,53,14,25,12,13,35,18,15,14,,,
47664,WARREN-TROY-FARMINGTON HILLS,2023,TRUE,single_year,2023,TRUE,TRUE,16,75,60,11,,41,29,,0,54.7,38.7,6.7,0.0,107000,79000,151000,275000,6.75,75,74,104,,23,16,,26,,,23,16,,0,,0,52,,,0,0,0,0,13,0,,58,0,16,0,32,16,18,,13,23,15,,,,,0
47664,WARREN-TROY-FARMINGTON HILLS,2024,TRUE,single_year,2024,TRUE,TRUE,12,93,83,,,64,23,,0,68.8,24.7,6.5,0.0,89500,61750,132500,235000,6.99,92,93,115,0,19,11,36,21,,0,19,10,35,0,0,0,61,,,0,0,0,0,20,0,,71,,18,0,64,12,,,17,40,15,12,,,0,0
47664,WARREN-TROY-FARMINGTON HILLS,2025,TRUE,single_year,2025,TRUE,TRUE,21,70,60,,,56,13,,0,80.0,18.6,1.4,0.0,83500,63250,123000,245000,6.662,70,70,105,,16,,37,11,,0,16,,36,0,,0,52,,,0,0,0,,,0,,56,,,0,42,,14,,17,28,,,,,0,0
47764,WASHINGTON,2024,TRUE,single_year,2024,FALSE,TRUE,7,170,100,14,56,127,27,16,0,74.7,15.9,9.4,0.0,226000,168000,323000,835000,6.495,169,170,58,14,58,19,46,21,22,,54,18,40,,10,,46,57,10,0,0,0,10,47,0,15,105,,43,0,54,50,49,17,,59,66,25,11,,,0
47764,WASHINGTON,2025,TRUE,single_year,2025,FALSE,TRUE,11,148,82,11,55,101,24,23,0,68.2,16.2,15.5,0.0,210500,150000,300250,805000,6.25,148,146,61,18,38,22,34,18,29,,36,18,30,,13,,50,55,,,0,0,,31,0,,112,,28,0,65,33,39,11,,61,62,14,,,0,0
47894,WASHINGTON-ARLINGTON-ALEXANDRIA,2018,TRUE,single_year,2018,TRUE,TRUE,11,223,158,17,48,131,63,29,0,58.7,28.3,13.0,0.0,170000,111500,260000,695000,4.5,223,216,171,,87,36,22,42,24,12,87,29,,0,,,114,57,11,0,0,,,35,0,,163,,49,0,105,40,60,18,,78,90,22,21,,,0
47894,WASHINGTON-ARLINGTON-ALEXANDRIA,2019,TRUE,single_year,2019,FALSE,TRUE,6,215,169,14,32,159,44,12,0,74.0,20.5,5.6,0.0,174000,114000,268000,755000,4,213,205,146,10,83,42,23,34,18,15,82,41,13,0,12,11,109,45,13,0,0,0,,39,0,,164,,38,0,76,43,76,20,,79,87,26,11,,,0
47894,WASHINGTON-ARLINGTON-ALEXANDRIA,2020,TRUE,single_year,2020,FALSE,TRUE,10,234,149,35,50,134,70,30,0,57.3,29.9,12.8,0.0,153000,113000,225000,780000,3,233,222,136,17,87,20,14,57,37,19,87,16,,,13,14,101,73,12,,0,,,37,0,11,172,,46,0,106,49,66,13,,100,83,25,15,,,
47894,WASHINGTON-ARLINGTON-ALEXANDRIA,2021,TRUE,single_year,2021,TRUE,TRUE,11,306,222,27,57,173,96,37,0,56.5,31.4,12.1,0.0,169000,125000,232750,825000,2.875,304,300,195,,135,34,16,76,32,13,134,28,,,,,118,91,12,,0,,10,73,0,12,207,,81,0,141,55,81,29,,118,121,43,13,,,0
47894,WASHINGTON-ARLINGTON-ALEXANDRIA,2022,TRUE,single_year,2022,FALSE,TRUE,9,206,149,19,38,127,51,28,0,61.7,24.8,13.6,0.0,194000,138000,307000,885000,4.625,205,200,139,10,90,22,14,29,38,13,86,20,,0,11,,80,59,11,0,,0,,48,0,10,149,,42,0,74,52,57,23,,81,75,22,15,,,
47894,WASHINGTON-ARLINGTON-ALEXANDRIA,2023,TRUE,single_year,2023,FALSE,TRUE,10,173,114,15,44,107,45,21,0,61.8,26.0,12.1,0.0,196000,145000,295000,795000,6.25,173,168,93,17,64,19,21,32,29,,63,15,11,,11,,55,65,,0,,0,,41,0,10,124,,36,0,73,41,45,14,,60,70,24,12,,,0
47930,WATERBURY-SHELTON,2024,TRUE,single_year,2024,TRUE,TRUE,13,283,199,76,,157,117,,0,55.5,41.3,3.2,0.0,98000,80000,123000,335000,6.5,283,283,172,15,51,28,74,75,48,,49,24,60,,22,,128,77,,,0,,,63,0,113,129,,35,,145,82,43,13,17,113,77,49,20,,,0
47930,WATERBURY-SHELTON,2025,TRUE,single_year,2025,TRUE,TRUE,15,289,209,70,10,172,108,,0,59.5,37.4,3.1,0.0,104000,86750,126250,385000,6.619,288,287,218,,29,58,79,59,55,,26,49,64,,26,,149,70,,,,,,55,,118,123,,44,,163,70,44,12,20,110,77,52,22,,,0
47940,WATERLOO-CEDAR FALLS,2018,TRUE,three_year_total,2018,TRUE,TRUE,24,,,,0,,,0,0,87.5,12.5,0.0,0.0,,,,,,,,38,0,0,,,,,0,0,,,,,0,,0,0,0,0,0,0,,0,0,,0,,0,,,0,0,,,0,0,,0,0,0
47940,WATERLOO-CEDAR FALLS,2019,TRUE,three_year_total,"2018,2019",TRUE,TRUE,23,13,12,,0,12,,0,0,92.3,7.7,0.0,0.0,,,,,,13,13,84,0,,,,,,0,,,,,,0,12,0,0,0,0,0,0,,0,0,12,0,,0,,,,0,,,,,,0,,0
47940,WATERLOO-CEDAR FALLS,2020,TRUE,three_year_total,"2018,2019,2020",TRUE,TRUE,26,19,17,,,18,,0,0,94.7,5.3,0.0,0.0,,,,,,19,18,125,0,,,,,,,,,,,,,17,0,0,0,0,0,0,,0,,17,0,,0,11,,,0,,,,,,0,,0
47940,WATERLOO-CEDAR FALLS,2021,TRUE,three_year_total,"2019,2020,2021",TRUE,TRUE,25,22,17,,,20,0,,0,90.9,0.0,9.1,0.0,,,,,,22,18,146,0,,,,0,,,,,,0,,,19,,0,0,0,0,0,,0,,20,0,,0,11,,,0,,,,,,0,,0
47940,WATERLOO-CEDAR FALLS,2022,TRUE,three_year_total,"2020,2021,2022",TRUE,TRUE,25,28,22,,,25,,,0,89.3,3.6,7.1,0.0,,,,,,28,23,168,,10,,,0,,,,,,0,,,24,,0,,0,0,0,,0,,26,0,,0,15,,,0,,,10,,,0,0,0
47940,WATERLOO-CEDAR FALLS,2023,TRUE,three_year_total,"2021,2022,2023",TRUE,TRUE,24,34,28,,,30,,,0,88.2,5.9,5.9,0.0,,,,,,34,25,185,,10,,,0,,,,,,0,,,29,,0,,0,0,,,0,0,32,,,0,17,,13,0,,11,10,,,0,0,0
47940,WATERLOO-CEDAR FALLS,2024,TRUE,three_year_total,"2022,2023,2024",TRUE,TRUE,27,30,27,0,,27,,0,0,90.0,10.0,0.0,0.0,,,,,,30,24,186,,,,,,,,,,,0,,,24,,,,0,0,,,0,0,28,,,0,13,,13,,,11,,,,0,0,0
47940,WATERLOO-CEDAR FALLS,2025,TRUE,three_year_total,"2023,2024,2025",TRUE,TRUE,28,27,24,0,,24,,0,0,88.9,11.1,0.0,0.0,,,,,,27,20,207,0,,,,,,,,,,0,,,20,,,0,0,0,,,0,,24,,,0,15,,,,,13,,,,,0,0
48060,WATERTOWN-FORT DRUM,2018,TRUE,three_year_total,2018,TRUE,TRUE,17,27,20,,0,,10,11,0,22.2,37.0,40.7,0.0,,,,,,27,25,18,,,0,0,,12,,,0,0,0,0,,19,0,0,0,0,0,0,,0,0,19,0,,0,14,,,,,17,,0,,,0,0
48060,WATERTOWN-FORT DRUM,2019,TRUE,three_year_total,"2018,2019",TRUE,TRUE,18,66,51,14,,21,21,24,0,31.8,31.8,36.4,0.0,,,,,,66,59,38,,,0,,19,24,11,,0,,,,,45,,,0,0,0,,16,0,,47,,16,0,34,10,11,11,14,33,,,,,0,0
48060,WATERTOWN-FORT DRUM,2020,TRUE,three_year_total,"2018,2019,2020",TRUE,TRUE,17,106,83,21,,40,31,35,0,37.7,29.2,33.0,0.0,,,,,,104,93,57,,16,,,29,34,19,16,,,,,14,73,,,,0,0,,24,0,,75,,22,0,55,19,18,14,24,50,17,,,,0,0
48060,WATERTOWN-FORT DRUM,2021,TRUE,single_year,2021,TRUE,TRUE,19,96,78,14,,38,18,40,0,39.6,18.8,41.7,0.0,57000,45000,74000,135000,3.125,94,91,35,,10,,,19,48,,10,,,,11,,61,,,0,0,,,18,0,12,63,,17,0,54,21,13,,23,38,19,,,,,0
48060,WATERTOWN-FORT DRUM,2022,TRUE,single_year,2022,TRUE,TRUE,25,58,48,,,26,,24,0,44.8,13.8,41.4,0.0,60500,49500,77750,145000,5,58,51,48,,,,,,31,,,,,0,,,34,10,,0,0,0,0,,0,,46,,,0,38,,,,13,25,15,,,,0,0
48060,WATERTOWN-FORT DRUM,2023,TRUE,single_year,2023,TRUE,TRUE,23,63,47,,,22,15,26,0,34.9,23.8,41.3,0.0,62000,48500,84500,175000,6.625,63,59,29,,,,,14,29,,,,,,,,39,,,,0,0,,14,0,,48,0,12,0,42,10,,,12,29,12,,,,0,0
48060,WATERTOWN-FORT DRUM,2024,TRUE,single_year,2024,TRUE,TRUE,24,51,40,,,17,10,24,0,33.3,19.6,47.1,0.0,67000,56500,84500,175000,6.625,51,47,27,,,,,10,21,,,,,0,0,,32,,,0,0,0,,10,0,,37,,,0,30,,10,,,26,,,,,0,0
48060,WATERTOWN-FORT DRUM,2025,TRUE,three_year_total,"2023,2024,2025",TRUE,TRUE,13,160,121,18,21,55,29,76,0,34.4,18.1,47.5,0.0,,,,,,160,149,89,,14,,21,27,73,18,13,,15,,,11,100,15,,,0,0,,33,0,,120,,29,0,101,28,27,,32,72,28,13,,,0,0
48140,WAUSAU,2018,TRUE,three_year_total,2018,TRUE,TRUE,23,30,29,,0,20,,,0,66.7,23.3,10.0,0.0,,,,,,30,28,59,0,11,,,,,,11,,,0,,,26,0,,0,0,0,0,,0,0,27,0,,0,11,,10,,,12,,,,,0,
48140,WAUSAU,2019,TRUE,single_year,2019,TRUE,TRUE,27,51,49,,,41,,,0,80.4,15.7,3.9,0.0,50000,41750,72000,105000,4.25,50,41,55,,,,,,,22,,,,0,,21,41,,,0,0,0,,,0,,45,0,,0,23,10,15,,,23,,,,,0,
48140,WAUSAU,2020,TRUE,three_year_total,"2018,2019,2020",TRUE,TRUE,17,115,111,,,84,24,,0,73.0,20.9,6.1,0.0,,,,,,114,97,178,,29,,,21,12,38,29,,,0,,36,96,,,0,0,0,,,0,,103,0,11,0,50,20,36,,15,46,17,18,12,,0,
48140,WAUSAU,2021,TRUE,three_year_total,"2019,2020,2021",TRUE,TRUE,14,132,126,,,93,32,,0,70.5,24.2,5.3,0.0,,,,,,130,112,219,,26,12,,26,11,48,26,10,,0,,45,110,,10,0,0,0,,,0,,117,0,12,0,71,24,29,,25,52,21,17,12,,0,
48140,WAUSAU,2022,TRUE,three_year_total,"2020,2021,2022",TRUE,TRUE,16,114,110,,,75,34,,0,65.8,29.8,4.4,0.0,,,,,,113,100,246,0,24,10,,25,12,35,24,,,0,,33,99,,,0,0,0,0,,0,,101,,,0,68,21,18,,29,40,19,13,,,0,0
48140,WAUSAU,2023,TRUE,three_year_total,"2021,2022,2023",TRUE,TRUE,18,114,108,,,78,33,,0,68.4,28.9,2.6,0.0,,,,,,113,104,236,,21,13,10,23,14,33,21,12,,0,,32,96,,,,0,0,,,0,,98,,,0,67,20,21,,31,41,23,,,,0,0
48140,WAUSAU,2024,TRUE,three_year_total,"2022,2023,2024",TRUE,TRUE,19,96,92,,,75,20,,0,78.1,20.8,1.0,0.0,,,,,,95,89,196,,18,11,16,16,,26,18,11,15,,,25,76,,11,,0,0,,,0,,82,,,0,46,15,30,,25,37,20,,,,,0
48140,WAUSAU,2025,TRUE,three_year_total,"2023,2024,2025",TRUE,TRUE,18,86,81,,,73,12,,0,84.9,14.0,1.2,0.0,,,,,,85,80,159,,16,10,17,12,,25,16,10,17,,,24,65,0,13,,0,0,,,0,,73,,,0,38,11,34,,20,35,19,,,,,0
48260,WEIRTON-STEUBENVILLE,2018,TRUE,three_year_total,2018,TRUE,TRUE,18,,0,,0,,,,0,33.3,33.3,33.3,0.0,,,,,,,,15,,,0,0,,,0,,0,0,0,0,0,,0,0,0,0,0,0,0,0,0,,0,0,0,,0,,0,,0,0,,0,0,0,0
48260,WEIRTON-STEUBENVILLE,2019,TRUE,three_year_total,"2018,2019",TRUE,TRUE,20,,,,0,,,,0,40.0,40.0,20.0,0.0,,,,,,,,32,,,0,0,,,0,,0,0,0,0,0,,0,0,0,0,0,0,0,0,0,,0,0,0,,0,,0,,,0,,0,0,0,0
48260,WEIRTON-STEUBENVILLE,2020,TRUE,three_year_total,"2018,2019,2020",TRUE,TRUE,26,,,,0,,,,0,37.5,50.0,12.5,0.0,,,,,,,,45,,,0,0,,,,,0,0,0,0,,,0,0,0,0,0,0,,0,0,,0,,0,,,,0,,,,,0,0,0,0
48260,WEIRTON-STEUBENVILLE,2021,TRUE,three_year_total,"2019,2020,2021",TRUE,TRUE,24,10,10,0,0,,,,0,50.0,40.0,10.0,0.0,,,,,,10,,58,0,,0,0,,,,,0,0,0,0,,,0,0,0,0,0,0,,0,0,,0,,0,,,,,,,,,,,0,0
48260,WEIRTON-STEUBENVILLE,2022,TRUE,three_year_total,"2020,2021,2022",TRUE,TRUE,27,14,13,0,,,,,0,57.1,28.6,14.3,0.0,,,,,,14,10,68,0,,,,,,,,,,0,0,,11,0,0,0,0,0,0,,0,0,11,0,,0,,,,,,,,,,,,0
48260,WEIRTON-STEUBENVILLE,2023,TRUE,three_year_total,"2021,2022,2023",TRUE,TRUE,27,15,12,,,,,,0,46.7,40.0,13.3,0.0,,,,,,15,12,73,0,,,,,,,,,,0,0,,12,0,0,0,0,0,0,,0,0,12,0,,0,,,,,,,0,,,,,0
48260,WEIRTON-STEUBENVILLE,2024,TRUE,three_year_total,"2022,2023,2024",TRUE,TRUE,26,15,12,,,,,,0,53.3,40.0,6.7,0.0,,,,,,15,13,69,0,,,,,,,,,,0,0,,13,0,0,0,0,0,0,,0,0,13,0,,0,10,,,,,,,0,,,,0
48260,WEIRTON-STEUBENVILLE,2025,TRUE,three_year_total,"2023,2024,2025",TRUE,TRUE,26,15,13,,0,,,,0,46.7,46.7,6.7,0.0,,,,,,15,14,63,0,,,,,0,,,,,0,0,,13,,0,0,0,0,0,,0,0,14,0,,0,,0,,,,,,,,,,0
48300,WENATCHEE-EAST WENATCHEE,2018,TRUE,three_year_total,2018,TRUE,TRUE,18,13,12,,0,11,,0,0,84.6,15.4,0.0,0.0,,,,,,13,13,14,0,,,,,0,0,,,,0,0,0,13,0,0,0,0,0,0,0,0,,10,0,0,0,,,,0,0,,,,,,0,0
48300,WENATCHEE-EAST WENATCHEE,2019,TRUE,three_year_total,"2018,2019",TRUE,TRUE,22,37,34,,,30,,,0,81.1,16.2,2.7,0.0,,,,,,37,33,29,0,18,,,,0,,18,,,0,0,,33,0,0,,0,0,0,,0,10,26,0,,0,11,,17,,,11,,,,,,0
48300,WENATCHEE-EAST WENATCHEE,2020,TRUE,three_year_total,"2018,2019,2020",TRUE,TRUE,19,53,49,,,41,10,,0,77.4,18.9,3.8,0.0,,,,,,53,48,47,0,26,,,,,,26,,,0,0,,48,0,0,,0,0,0,,0,12,39,0,,0,14,10,28,,,15,11,,12,,,0
48300,WENATCHEE-EAST WENATCHEE,2021,TRUE,three_year_total,"2019,2020,2021",TRUE,TRUE,18,64,58,,,47,14,,0,73.4,21.9,4.7,0.0,,,,,,63,58,66,0,29,10,,10,,,29,10,,0,0,,51,,,,0,0,0,10,0,13,43,,,0,17,12,32,,,20,17,,10,,,0
48300,WENATCHEE-EAST WENATCHEE,2022,TRUE,three_year_total,"2020,2021,2022",TRUE,TRUE,21,65,57,,,49,14,,0,75.4,21.5,3.1,0.0,,,,,,64,63,69,,36,,,11,,,36,,,0,0,,47,,,0,0,0,,15,0,11,42,,11,0,18,11,32,,,20,14,,,,,0
48300,WENATCHEE-EAST WENATCHEE,2023,TRUE,three_year_total,"2021,2022,2023",TRUE,TRUE,19,67,55,,,52,13,,0,77.6,19.4,3.0,0.0,,,,,,65,66,63,,39,11,,10,0,,39,11,0,0,0,,44,,,,0,0,,19,0,14,38,,14,0,21,12,29,,,21,16,,,,,
48300,WENATCHEE-EAST WENATCHEE,2024,TRUE,three_year_total,"2022,2023,2024",TRUE,TRUE,17,59,49,,,48,10,,0,81.4,16.9,1.7,0.0,,,,,,57,58,45,,33,,10,,0,,33,,,0,0,,40,0,0,,0,0,,16,0,17,31,0,11,0,19,10,26,,,18,10,10,,,0,
48300,WENATCHEE-EAST WENATCHEE,2025,TRUE,three_year_total,"2023,2024,2025",TRUE,TRUE,21,61,51,,,45,14,,0,73.8,23.0,3.3,0.0,,,,,,58,58,41,,23,,18,,,,23,,13,0,,,41,0,0,,0,0,,16,0,25,24,,11,0,22,11,22,,,23,,,,,0,
48424,WEST PALM BEACH-BOCA RATON-DELRAY BEACH,2018,TRUE,single_year,2018,TRUE,TRUE,18,106,79,18,,51,50,,0,48.1,47.2,4.7,0.0,70000,56000,103000,255000,4.75,105,104,96,,39,,,38,,,37,,,,0,,69,23,,0,0,0,0,11,0,29,65,,,0,55,20,25,,,38,26,16,14,,,0
48424,WEST PALM BEACH-BOCA RATON-DELRAY BEACH,2019,TRUE,single_year,2019,TRUE,TRUE,18,115,87,16,12,41,71,,0,35.7,61.7,2.6,0.0,72000,58000,98000,275000,4.25,113,113,152,,31,,13,53,,,28,,,0,,,79,20,,,0,0,,12,0,43,58,,13,0,63,27,18,,,47,29,21,,,,0
48424,WEST PALM BEACH-BOCA RATON-DELRAY BEACH,2020,TRUE,single_year,2020,TRUE,TRUE,11,118,94,12,12,33,77,,0,28.0,65.3,6.8,0.0,87000,63250,109000,325000,3,116,118,124,,27,12,,59,11,0,25,,0,0,,0,76,24,0,0,0,0,,17,0,38,68,0,12,0,67,18,24,,,41,28,22,14,,,
48424,WEST PALM BEACH-BOCA RATON-DELRAY BEACH,2021,TRUE,single_year,2021,TRUE,TRUE,12,170,131,21,18,67,91,12,0,39.4,53.5,7.1,0.0,89000,65250,131250,365000,2.99,170,169,223,,45,27,10,71,15,,41,23,,0,,,96,32,,0,,,0,36,0,55,84,,26,0,69,40,47,14,,72,47,25,15,,,0
48424,WEST PALM BEACH-BOCA RATON-DELRAY BEACH,2022,TRUE,single_year,2022,TRUE,TRUE,14,135,102,20,13,66,60,,0,48.9,44.4,6.7,0.0,115000,80000,172000,445000,4.75,133,135,182,,54,14,10,46,11,0,52,10,,,,0,75,28,,,,0,,22,0,34,76,,22,0,64,34,29,,,39,48,22,10,,,0
48424,WEST PALM BEACH-BOCA RATON-DELRAY BEACH,2023,TRUE,single_year,2023,TRUE,TRUE,14,92,76,13,,41,46,,0,44.6,50.0,5.4,0.0,126000,95500,164000,455000,6.625,91,92,105,0,26,13,14,30,,,24,11,,0,,0,53,19,,0,0,0,,16,0,27,49,,13,0,44,22,24,,,34,24,14,,,,0
48424,WEST PALM BEACH-BOCA RATON-DELRAY BEACH,2024,TRUE,single_year,2024,TRUE,TRUE,14,78,63,10,,40,36,,0,51.3,46.2,2.6,0.0,137500,117000,176250,500000,6.625,78,76,126,,17,12,18,21,,,16,,14,0,0,,44,17,,0,0,,,12,0,27,41,0,10,0,38,24,13,,,22,22,14,11,,,0
48424,WEST PALM BEACH-BOCA RATON-DELRAY BEACH,2025,TRUE,single_year,2025,TRUE,TRUE,20,57,47,,,34,20,,0,59.6,35.1,5.3,0.0,153000,124250,186750,525000,6.688,56,56,111,,,11,18,13,,,,,17,0,0,,32,11,,0,0,,0,12,0,24,24,,,0,33,,10,,,24,21,,,,0,0
48540,WHEELING,2018,TRUE,three_year_total,2018,TRUE,TRUE,23,,,,0,,,0,0,40.0,60.0,0.0,0.0,,,,,,,,21,0,,0,0,,,,,0,0,0,0,,,0,0,0,0,0,0,,0,0,,0,,0,,0,0,,,,0,0,0,,0,
48540,WHEELING,2019,TRUE,three_year_total,"2018,2019",TRUE,TRUE,27,10,,,0,,,0,0,70.0,30.0,0.0,0.0,,,,,,,,67,0,,0,,,,,,0,,0,0,,,0,0,0,0,0,0,,0,0,,0,,0,,0,,,,,,0,,,0,
48540,WHEELING,2020,TRUE,three_year_total,"2018,2019,2020",TRUE,TRUE,27,19,17,,0,13,,,0,68.4,26.3,5.3,0.0,,,,,,17,12,100,0,,,,,,,,,,0,0,,15,,0,0,0,0,,,0,0,17,0,,0,11,,,,,,,,,,0,
48540,WHEELING,2021,TRUE,three_year_total,"2019,2020,2021",TRUE,TRUE,22,27,25,,0,20,,,0,74.1,22.2,3.7,0.0,,,,,,26,17,116,0,,,,,,12,,,,0,0,12,23,,0,,0,0,,0,0,0,26,0,,0,15,,,0,,,,,,0,0,0
48540,WHEELING,2022,TRUE,three_year_total,"2020,2021,2022",TRUE,TRUE,24,30,27,,,18,10,,0,60.0,33.3,6.7,0.0,,,,,,29,23,101,0,,,0,,,,,,0,0,0,,25,,0,,0,0,,,0,0,29,0,,0,19,,,0,,,,,,,0,0
48540,WHEELING,2023,TRUE,three_year_total,"2021,2022,2023",TRUE,TRUE,20,43,38,,,30,12,,0,69.8,27.9,2.3,0.0,,,,,,41,28,102,0,,,,10,,16,,,,0,0,16,39,,0,,0,0,,,0,,42,0,0,0,26,11,,0,,16,11,,,,0,0
48540,WHEELING,2024,TRUE,three_year_total,"2022,2023,2024",TRUE,TRUE,23,41,34,,,29,,,0,70.7,22.0,7.3,0.0,,,,,,39,27,100,,,,,,,14,,,,0,0,14,37,0,0,0,0,0,,,0,,39,0,0,0,24,,,0,,13,,,,,0,0
48540,WHEELING,2025,TRUE,three_year_total,"2023,2024,2025",TRUE,TRUE,21,44,34,,,33,,,0,75.0,15.9,9.1,0.0,,,,,,42,26,90,,,,,,,20,,,,0,0,18,41,0,0,0,0,0,,,0,,42,0,0,0,24,11,,0,,17,,,,0,0,0
48620,WICHITA,2018,TRUE,three_year_total,2018,TRUE,TRUE,26,38,36,,,16,16,,0,42.1,42.1,15.8,0.0,,,,,,37,30,279,0,,,,,,10,,,0,0,0,,30,,,0,0,0,,,0,,31,0,,0,20,,10,,11,,,,,,,
48620,WICHITA,2019,TRUE,three_year_total,"2018,2019",TRUE,TRUE,17,86,82,,,40,33,13,0,46.5,38.4,15.1,0.0,,,,,,84,75,516,,19,,,24,15,14,19,,,0,0,11,61,,,0,0,0,,11,0,,64,,11,0,41,14,24,,17,28,14,12,,,,
48620,WICHITA,2020,TRUE,single_year,2020,TRUE,TRUE,27,50,47,,,23,16,10,,46.0,32.0,20.0,2.0,67000,48000,95000,215000,3.093,49,46,236,,,15,,11,,,,10,,0,0,,40,,,,,0,,,0,,41,,,0,27,,13,,13,18,,,,,,0
48620,WICHITA,2021,TRUE,single_year,2021,TRUE,TRUE,13,81,77,,,35,32,14,0,43.2,39.5,17.3,0.0,66000,50000,94250,235000,2.875,80,77,339,0,16,17,,27,13,,16,15,0,0,0,,49,,,0,0,0,0,23,0,,48,,24,0,40,13,13,15,17,37,10,,,,0,
48620,WICHITA,2022,TRUE,single_year,2022,TRUE,TRUE,19,91,83,,,34,34,23,0,37.4,37.4,25.3,0.0,77000,58250,104750,285000,4.625,90,86,351,,19,13,,26,19,,19,,0,0,,,49,,,,,0,,20,0,,60,,19,0,46,15,21,,18,41,18,,,,0,0
48620,WICHITA,2023,TRUE,single_year,2023,TRUE,TRUE,12,77,76,0,,34,29,14,0,44.2,37.7,18.2,0.0,97000,64750,138750,295000,6.5,76,71,275,0,15,12,,26,11,,14,11,,0,0,,42,12,,0,,0,,14,0,15,46,,14,0,34,14,21,,13,29,19,,10,,0,0
48620,WICHITA,2024,TRUE,single_year,2024,TRUE,TRUE,11,111,108,,,71,28,12,0,64.0,25.2,10.8,0.0,94000,66500,129500,275000,6.625,110,102,257,0,28,12,23,23,14,11,28,10,20,,,,70,11,,,0,0,,18,0,20,71,,16,0,59,18,24,10,18,29,30,13,15,,,0
48620,WICHITA,2025,TRUE,single_year,2025,TRUE,TRUE,14,100,96,,,58,26,16,0,58.0,26.0,16.0,0.0,110500,81000,163000,300000,6.49,98,91,285,,23,,22,17,12,17,22,,17,0,,10,66,10,10,,,0,,10,0,,82,0,10,0,47,18,31,,19,31,21,14,,,,0
48660,WICHITA FALLS,2018,TRUE,three_year_total,2018,TRUE,TRUE,10,,,0,0,,0,0,0,100.0,0.0,0.0,0.0,,,,,,,0,14,0,0,0,0,0,0,,0,0,0,0,0,,,0,0,0,0,0,0,0,0,0,,0,0,0,0,0,,0,0,0,0,0,,0,0,0
48660,WICHITA FALLS,2019,TRUE,three_year_total,"2018,2019",TRUE,TRUE,10,,,0,0,,0,0,0,100.0,0.0,0.0,0.0,,,,,,,0,34,0,0,0,0,0,0,,0,0,0,0,0,,,0,0,0,0,0,0,0,0,0,,0,0,0,0,0,,0,0,0,0,0,,0,0,0
48660,WICHITA FALLS,2020,TRUE,three_year_total,"2018,2019,2020",TRUE,TRUE,10,,,0,0,,0,0,0,100.0,0.0,0.0,0.0,,,,,,,0,61,0,0,0,0,0,0,,0,0,0,0,0,,,0,0,0,0,0,0,0,0,0,,0,0,0,0,0,,0,0,0,0,0,,0,0,0
48660,WICHITA FALLS,2021,TRUE,three_year_total,"2019,2020,2021",FALSE,FALSE,0,0,0,0,0,0,0,0,0,,,,,,,,,,0,0,81,0,0,0,0,0,0,0,0,0,0,0,0,0,0,0,0,0,0,0,0,0,0,0,0,0,0,0,0,0,0,0,0,0,0,0,0,0,0,0
48660,WICHITA FALLS,2022,TRUE,three_year_total,"2020,2021,2022",TRUE,TRUE,10,,0,0,,,0,0,0,100.0,0.0,0.0,0.0,,,,,,,0,80,0,0,0,0,0,0,,0,0,0,0,0,,0,0,,0,0,0,0,0,0,0,,0,0,0,,0,0,0,0,0,,0,0,0,0,0
48660,WICHITA FALLS,2023,TRUE,three_year_total,"2021,2022,2023",TRUE,TRUE,17,,,0,,,,0,0,50.0,50.0,0.0,0.0,,,,,,,,80,0,0,0,0,,0,,0,0,0,0,0,,,0,,0,0,0,0,0,0,0,,0,0,0,,,0,0,0,0,,0,,0,0,0
48660,WICHITA FALLS,2024,TRUE,three_year_total,"2022,2023,2024",TRUE,TRUE,23,,,0,,,,0,0,60.0,40.0,0.0,0.0,,,,,,,,71,0,0,0,0,,0,,0,0,0,0,0,,,0,,0,0,0,0,,0,0,,0,,0,,,,,,,,0,,0,0,0
48660,WICHITA FALLS,2025,TRUE,three_year_total,"2023,2024,2025",TRUE,TRUE,26,,,0,0,,,0,0,71.4,28.6,0.0,0.0,,,,,,,,78,0,0,,,,0,,0,,,0,0,,,0,0,0,0,0,0,,0,0,,0,,0,,,,,,,,,,0,0,0
48680,WILDWOOD-THE VILLAGES,2024,TRUE,three_year_total,2024,TRUE,TRUE,14,,,,0,,0,0,0,100.0,0.0,0.0,0.0,,,,,,,0,,0,0,0,0,0,0,,0,0,0,0,0,,,0,0,0,0,0,0,0,0,0,,0,0,0,0,0,,0,0,,0,,0,,0,0
48680,WILDWOOD-THE VILLAGES,2025,TRUE,three_year_total,"2024,2025",TRUE,TRUE,20,,,,0,,0,0,0,100.0,0.0,0.0,0.0,,,,,,,,,0,,0,0,0,0,,,0,0,0,0,,,0,0,0,0,,0,0,0,0,,0,0,0,,0,,0,0,,0,,,,0,0
48700,WILLIAMSPORT,2018,TRUE,three_year_total,2018,TRUE,TRUE,20,23,22,,0,11,12,0,0,47.8,52.2,0.0,0.0,,,,,,23,18,78,0,,,0,12,0,,,,0,0,0,,20,,0,0,0,0,0,,0,0,20,0,,0,,,,,,,,,,0,,0
48700,WILLIAMSPORT,2019,TRUE,three_year_total,"2018,2019",TRUE,TRUE,20,51,49,,0,25,26,0,0,49.0,51.0,0.0,0.0,,,,,,51,43,149,0,13,,,24,,,13,,,0,,,45,,0,0,,0,0,,0,,46,0,,0,24,17,,,,19,10,,,0,,0
48700,WILLIAMSPORT,2020,TRUE,three_year_total,"2018,2019,2020",TRUE,TRUE,20,68,63,,,31,35,,0,45.6,51.5,2.9,0.0,,,,,,68,57,211,,15,,,33,,12,15,,,0,,11,56,,0,0,,,,,0,,62,0,,0,31,20,13,,11,26,12,10,,0,,0
48700,WILLIAMSPORT,2021,TRUE,three_year_total,"2019,2020,2021",TRUE,TRUE,20,91,85,,,48,36,,0,52.7,39.6,7.7,0.0,,,,,,89,82,229,,22,15,,29,,15,22,14,,0,,,75,10,0,0,,,,,0,,84,,,0,40,24,26,,10,37,20,,12,,,0
48700,WILLIAMSPORT,2022,TRUE,three_year_total,"2020,2021,2022",TRUE,TRUE,17,107,92,11,,58,38,11,0,54.2,35.5,10.3,0.0,,,,,,104,97,237,,25,20,,27,15,18,25,19,,0,,11,88,,,0,0,,,,0,,95,,,0,45,27,32,,13,34,26,14,14,,,
48700,WILLIAMSPORT,2023,TRUE,three_year_total,"2021,2022,2023",TRUE,TRUE,15,125,110,11,,75,38,12,0,60.0,30.4,9.6,0.0,,,,,,122,117,253,,36,24,,23,21,17,36,23,,0,,,105,,,0,0,0,0,,0,,111,,10,0,56,30,36,,18,35,31,18,15,,,
48700,WILLIAMSPORT,2024,TRUE,three_year_total,"2022,2023,2024",TRUE,TRUE,16,116,102,10,,69,37,10,0,59.5,31.9,8.6,0.0,,,,,,114,110,246,,34,20,,24,21,11,32,19,,0,,,100,,,0,0,0,,,0,,103,0,,0,62,23,29,,18,32,33,14,10,,,
48700,WILLIAMSPORT,2025,TRUE,three_year_total,"2023,2024,2025",TRUE,TRUE,18,95,87,,,56,30,,0,58.9,31.6,9.5,0.0,,,,,,94,92,222,,25,19,,19,20,,23,17,,0,,,84,,,0,0,0,,,0,,88,0,,0,52,19,23,,16,28,24,10,10,,,0
48864,WILMINGTON,2018,TRUE,three_year_total,2018,TRUE,TRUE,26,32,25,,,,23,,0,25.0,71.9,3.1,0.0,,,,,,32,31,88,0,,,,19,,,,,0,0,,,20,,,0,0,0,0,,0,,24,0,,0,24,,,,,15,,,,,0,0
48864,WILMINGTON,2019,TRUE,single_year,2019,TRUE,TRUE,19,59,40,17,,10,43,,0,16.9,72.9,10.2,0.0,58000,48000,80750,165000,4.375,58,59,55,,,0,,27,19,0,,0,,,0,0,27,23,,0,0,,0,,0,,49,0,,0,35,14,,,,31,,,,0,0,0
48864,WILMINGTON,2020,TRUE,three_year_total,"2018,2019,2020",TRUE,TRUE,18,136,99,31,,31,96,,0,22.8,70.6,6.6,0.0,,,,,,132,135,215,,14,,11,72,29,,14,,,,,,73,43,,0,0,,,16,0,,110,,16,0,89,28,12,,16,71,18,20,,,0,0
48864,WILMINGTON,2021,TRUE,single_year,2021,TRUE,TRUE,21,52,35,12,,17,35,0,0,32.7,67.3,0.0,0.0,71000,50000,95500,220000,3.125,51,51,114,,,,,28,,,,,0,,0,,27,13,,0,0,0,,10,0,,35,,10,0,26,17,,,,26,10,,,,0,0
48864,WILMINGTON,2022,TRUE,single_year,2022,TRUE,TRUE,21,52,41,,,23,28,,0,44.2,53.8,1.9,0.0,68000,54500,93000,220000,4.75,52,51,101,0,12,10,,23,,,10,10,,0,0,,28,14,,,0,0,0,,0,,36,,,0,32,10,,,,21,13,,,,,0
48864,WILMINGTON,2023,TRUE,three_year_total,"2021,2022,2023",TRUE,TRUE,14,149,109,29,11,57,87,,0,38.3,58.4,3.4,0.0,,,,,,148,146,301,,29,25,,67,16,,27,23,,,0,,77,37,,,0,0,,26,0,19,104,,22,0,81,40,22,,18,63,31,19,10,,,0
48864,WILMINGTON,2024,TRUE,three_year_total,"2022,2023,2024",TRUE,TRUE,14,135,106,23,,56,73,,0,41.5,54.1,4.4,0.0,,,,,,135,132,271,,23,21,16,49,18,,21,19,10,,,,66,41,,,0,0,,21,0,21,95,,15,0,75,34,21,,20,52,28,20,10,,,0
48864,WILMINGTON,2025,TRUE,three_year_total,"2023,2024,2025",TRUE,TRUE,14,128,102,18,,53,66,,0,41.4,51.6,7.0,0.0,,,,,,128,126,263,,19,15,27,31,27,,18,11,19,,,,52,49,,0,,0,,18,0,15,95,,14,0,65,42,16,,19,44,30,26,,,0,0
48900,WILMINGTON,2018,TRUE,three_year_total,2018,TRUE,TRUE,25,14,13,,0,,,,0,57.1,28.6,14.3,0.0,,,,,,14,14,38,0,,,,,,,,,,0,0,,11,0,0,0,,0,,,0,,12,0,0,0,,,,0,0,,,,,0,0,0
48900,WILMINGTON,2019,TRUE,three_year_total,"2018,2019",TRUE,TRUE,23,30,28,,0,16,10,,0,53.3,33.3,13.3,0.0,,,,,,30,30,82,,11,,,,,,11,,,0,0,,25,,0,0,,0,,,0,,27,0,,0,14,,10,0,,11,,,,,0,0
48900,WILMINGTON,2020,TRUE,three_year_total,"2018,2019,2020",TRUE,TRUE,21,52,48,,,30,17,,0,57.7,32.7,9.6,0.0,,,,,,52,52,135,,20,,,12,,,20,,,0,0,,44,,0,0,,0,,,0,,47,0,,0,23,13,15,,,18,13,,12,,0,0
48900,WILMINGTON,2021,TRUE,three_year_total,"2019,2020,2021",TRUE,TRUE,19,58,52,,,35,16,,0,60.3,27.6,12.1,0.0,,,,,,58,57,169,,22,10,,12,,,22,,,0,0,,50,,,0,0,0,,,0,0,55,0,,0,24,14,19,,,19,16,,12,,0,0
48900,WILMINGTON,2022,TRUE,three_year_total,"2020,2021,2022",TRUE,TRUE,19,58,50,,,40,12,,0,69.0,20.7,10.3,0.0,,,,,,57,57,175,,24,13,,11,,,24,12,0,0,0,,47,,,0,0,0,,,0,,52,0,,0,24,15,16,,,18,19,,10,,0,
48900,WILMINGTON,2023,TRUE,three_year_total,"2021,2022,2023",TRUE,TRUE,24,43,36,,,31,,,0,72.1,14.0,14.0,0.0,,,,,,42,41,151,,17,,0,,,,17,,0,0,0,,34,,,0,0,0,,,0,,38,0,,0,18,,15,,,14,14,,,,0,
48900,WILMINGTON,2024,TRUE,three_year_total,"2022,2023,2024",TRUE,TRUE,28,37,32,,,29,,,0,78.4,8.1,13.5,0.0,,,,,,36,36,111,,15,,,,,,15,,,0,0,,27,,0,0,0,0,,,0,,29,,,0,13,,12,,,15,,,,,,
48900,WILMINGTON,2025,TRUE,three_year_total,"2023,2024,2025",TRUE,TRUE,25,37,33,,,29,,,0,78.4,5.4,16.2,0.0,,,,,,37,36,97,,15,,,,,,15,,,0,0,,31,,0,0,0,0,,,0,0,30,,,0,11,,15,,0,17,,,,,,0
49020,WINCHESTER,2018,TRUE,three_year_total,2018,TRUE,TRUE,13,,,0,0,,0,0,0,100.0,0.0,0.0,0.0,,,,,,,0,19,0,0,0,0,0,0,,0,0,0,0,0,,,0,0,0,0,0,0,0,0,0,,0,0,0,0,,,0,0,,0,,0,,0,0
49020,WINCHESTER,2019,TRUE,three_year_total,"2018,2019",TRUE,TRUE,22,,,,0,,,0,0,77.8,22.2,0.0,0.0,,,,,,,,37,0,0,0,0,,0,,0,0,0,0,0,,,0,0,0,0,0,0,0,0,,,0,0,0,,,,0,,,,,,,0,0
49020,WINCHESTER,2020,TRUE,three_year_total,"2018,2019,2020",TRUE,TRUE,14,15,12,,0,13,,0,0,86.7,13.3,0.0,0.0,,,,,,15,,55,0,0,0,0,,0,13,0,0,0,0,0,13,15,0,0,0,0,0,0,0,0,,14,0,0,0,,,,0,,,,,,,0,0
49020,WINCHESTER,2021,TRUE,three_year_total,"2019,2020,2021",TRUE,TRUE,20,24,21,,0,20,,,0,83.3,12.5,4.2,0.0,,,,,,24,,60,0,,,0,,0,18,,,0,0,0,17,23,0,0,0,0,0,0,,0,,22,0,,0,10,,,0,,,,,,,0,0
49020,WINCHESTER,2022,TRUE,three_year_total,"2020,2021,2022",TRUE,TRUE,17,25,25,0,0,23,,,0,92.0,4.0,4.0,0.0,,,,,,25,,56,0,,,0,,0,19,,,0,0,0,18,23,,0,0,0,0,0,,0,0,24,0,,0,10,,10,0,,,,,,0,0,0
49020,WINCHESTER,2023,TRUE,three_year_total,"2021,2022,2023",TRUE,TRUE,21,27,26,,0,24,,,0,88.9,7.4,3.7,0.0,,,,,,27,13,52,0,,,0,,0,17,,,0,0,0,16,25,,0,0,0,0,0,,0,,24,,,0,,,11,0,,,,,,,0,0
49020,WINCHESTER,2024,TRUE,three_year_total,"2022,2023,2024",TRUE,TRUE,24,18,17,,0,17,,0,0,94.4,5.6,0.0,0.0,,,,,,18,,44,0,,,,,0,11,,,,0,0,11,16,,0,0,0,0,0,,0,,15,,,0,,,,0,,,,,,,0,0
49020,WINCHESTER,2025,TRUE,three_year_total,"2023,2024,2025",TRUE,TRUE,22,22,21,,0,20,,0,0,90.9,9.1,0.0,0.0,,,,,,22,11,46,0,,,,,0,15,,,,0,0,15,21,0,0,0,0,0,0,,0,,18,,,0,,,10,0,,,,,,,,0
49180,WINSTON-SALEM,2018,TRUE,three_year_total,2018,TRUE,TRUE,26,,,,0,,,,0,55.6,11.1,33.3,0.0,,,,,,,,33,0,,,0,,,,,,0,0,0,,,,0,0,0,0,0,,0,0,,0,0,0,,,0,0,,,,0,,0,0,0
49180,WINSTON-SALEM,2019,TRUE,three_year_total,"2018,2019",TRUE,TRUE,25,20,14,,,11,,,0,55.0,25.0,20.0,0.0,,,,,,20,18,67,,,,,,,,,,0,0,0,,13,,0,0,0,0,0,,0,,16,0,,0,15,,,0,,,,,,0,0,0
49180,WINSTON-SALEM,2020,TRUE,three_year_total,"2018,2019,2020",TRUE,TRUE,24,34,26,,,21,,,0,61.8,26.5,11.8,0.0,,,,,,34,31,100,,,10,,,,,,,0,0,0,,22,,,0,0,0,0,,0,,29,0,,0,24,,,0,,12,,,,0,0,0
49180,WINSTON-SALEM,2021,TRUE,three_year_total,"2019,2020,2021",TRUE,TRUE,21,45,36,,,30,14,,0,66.7,31.1,2.2,0.0,,,,,,45,43,127,,,10,,,,15,,,0,0,0,13,30,,,0,0,0,0,,0,,33,0,,0,26,,12,0,,18,,11,,,,0
49180,WINSTON-SALEM,2022,TRUE,three_year_total,"2020,2021,2022",TRUE,TRUE,19,51,45,,,36,15,0,0,70.6,29.4,0.0,0.0,,,,,,51,50,151,0,14,,,,,16,14,,0,0,0,15,34,,,0,0,0,0,,0,,37,0,,0,25,,14,,,22,,10,,,,0
49180,WINSTON-SALEM,2023,TRUE,three_year_total,"2021,2022,2023",TRUE,TRUE,20,52,48,,,34,17,,0,65.4,32.7,1.9,0.0,,,,,,52,52,149,0,13,,,,,18,13,,0,0,0,16,35,,,,0,0,0,,0,10,35,0,,0,22,13,14,,,24,,,,,,0
49180,WINSTON-SALEM,2024,TRUE,three_year_total,"2022,2023,2024",TRUE,TRUE,23,46,41,,,33,12,,0,71.7,26.1,2.2,0.0,,,,,,46,46,113,0,14,,,,,12,14,,,0,,11,27,,,,0,0,,,0,10,27,,,0,19,13,10,,,19,10,,,,,0
49180,WINSTON-SALEM,2025,TRUE,three_year_total,"2023,2024,2025",TRUE,TRUE,26,43,38,,,33,,,0,76.7,20.9,2.3,0.0,,,,,,43,43,81,0,,,11,,,15,,,,0,,14,29,,,,0,0,,,0,,26,,,0,16,14,12,,,12,,,,,0,0
49340,WORCESTER,2018,TRUE,single_year,2018,FALSE,TRUE,8,808,519,241,48,277,505,26,0,34.3,62.5,3.2,0.0,66000,52000,83000,235000,4.75,805,767,433,21,98,51,140,395,56,68,94,35,105,,,33,606,69,33,,,,,83,0,223,497,11,77,0,435,188,139,46,77,321,193,122,73,19,,
49340,WORCESTER,2019,TRUE,single_year,2019,FALSE,TRUE,9,894,561,274,59,325,549,20,0,36.4,61.4,2.2,0.0,70000,54000,87000,255000,4.125,890,837,409,109,84,55,179,460,51,65,77,43,136,,,57,618,97,39,,,,,121,,275,509,,101,0,472,214,161,47,90,370,225,121,63,21,,0
49340,WORCESTER,2020,TRUE,single_year,2020,TRUE,TRUE,7,909,570,291,48,338,531,39,,37.2,58.4,4.3,0.1,71000,57000,89000,295000,3.125,906,854,391,83,102,73,140,442,82,70,100,58,85,13,25,57,615,117,33,,,,,128,,278,502,15,114,0,486,248,125,50,112,398,204,109,69,16,,0
49340,WORCESTER,2021,TRUE,single_year,2021,FALSE,TRUE,4,1199,723,396,80,367,780,52,0,30.6,65.1,4.3,0.0,74000,59000,94000,335000,2.99,1196,1170,638,88,162,101,163,656,79,38,160,71,62,22,23,29,769,140,60,,,,14,204,0,397,639,11,152,0,607,354,184,54,103,542,286,151,94,22,,0
49340,WORCESTER,2022,TRUE,single_year,2022,FALSE,TRUE,6,884,595,240,49,326,527,31,0,36.9,59.6,3.5,0.0,92000,73250,115750,375000,5,882,871,576,54,151,91,170,395,58,19,140,62,88,,14,13,542,126,46,,,,,153,0,292,450,15,127,0,452,216,166,50,70,376,216,132,75,12,,0
49340,WORCESTER,2023,TRUE,single_year,2023,FALSE,TRUE,8,647,408,202,37,291,334,22,0,45.0,51.6,3.4,0.0,106000,84000,132000,415000,6.625,646,634,437,43,116,81,140,238,49,23,111,54,83,,21,16,362,99,36,,,,,134,,201,331,13,99,,351,159,113,24,77,271,158,84,40,12,,0
49340,WORCESTER,2024,TRUE,single_year,2024,FALSE,TRUE,5,616,392,171,53,338,263,15,0,54.9,42.7,2.4,0.0,122000,99000,153000,485000,6.625,615,599,348,46,87,64,216,187,41,21,82,51,165,,21,17,350,97,32,,0,,,123,,259,270,10,77,0,320,141,139,16,57,252,171,80,44,12,0,0
49340,WORCESTER,2025,TRUE,single_year,2025,FALSE,TRUE,7,601,406,159,36,325,257,19,0,54.1,42.8,3.2,0.0,125000,103000,156000,515000,6.575,600,586,397,49,69,53,225,181,49,24,67,42,180,,18,16,301,99,29,,,,11,149,0,217,284,,90,,288,138,155,20,55,261,158,75,46,,0,0
49420,YAKIMA,2018,TRUE,three_year_total,2018,TRUE,TRUE,20,27,24,,,14,12,,0,51.9,44.4,3.7,0.0,,,,,,27,27,79,0,10,,,11,0,,10,,0,0,0,0,24,0,,0,0,0,,,0,13,12,,,0,13,,10,0,,,,,,,,0
49420,YAKIMA,2019,TRUE,three_year_total,"2018,2019",TRUE,TRUE,20,53,50,,,29,22,,0,54.7,41.5,3.8,0.0,,,,,,53,53,139,,19,,,18,,,19,,,0,0,0,44,0,,0,0,0,,,0,24,23,,,0,22,10,21,0,,17,14,,,,,0
49420,YAKIMA,2020,TRUE,three_year_total,"2018,2019,2020",TRUE,TRUE,18,85,80,,,45,37,,0,52.9,43.5,3.5,0.0,,,,,,85,85,189,,26,15,,30,,,26,14,,0,0,0,67,,,0,0,0,,10,0,37,38,,,0,33,17,34,,,39,17,11,,,,0
49420,YAKIMA,2021,TRUE,three_year_total,"2019,2020,2021",TRUE,TRUE,15,96,86,,,46,48,,0,47.9,50.0,2.1,0.0,,,,,,96,96,173,,26,17,10,38,,0,25,15,,,0,0,71,,,0,0,0,,16,0,45,37,,12,0,37,21,35,,10,46,19,15,,,,0
49420,YAKIMA,2022,TRUE,three_year_total,"2020,2021,2022",TRUE,TRUE,15,96,82,,,41,51,,0,42.7,53.1,4.2,0.0,,,,,,95,96,163,,26,15,,41,,0,24,12,,,0,0,70,,,0,0,0,,17,0,52,32,,10,0,40,21,31,,11,49,19,11,,,0,0
49420,YAKIMA,2023,TRUE,three_year_total,"2021,2022,2023",TRUE,TRUE,12,89,76,,,36,50,,0,40.4,56.2,3.4,0.0,,,,,,88,89,141,,27,12,,40,,0,25,10,0,,0,0,67,0,,0,0,0,,18,0,57,22,0,10,0,39,24,22,,13,39,19,12,,,0,0
49420,YAKIMA,2024,TRUE,three_year_total,"2022,2023,2024",TRUE,TRUE,16,77,68,,,37,37,,0,48.1,48.1,3.9,0.0,,,,,,76,77,111,,25,10,,28,,0,24,,,0,,0,60,0,,0,0,,0,15,0,53,19,0,,0,38,20,16,,12,39,13,,,,0,0
49420,YAKIMA,2025,TRUE,three_year_total,"2023,2024,2025",TRUE,TRUE,20,84,76,,,42,39,,0,50.0,46.4,3.6,0.0,,,,,,84,83,98,,20,10,11,24,18,,20,,10,0,,,62,,,,0,,,13,0,54,23,,,0,44,17,21,,21,42,,,,,0,0
49500,YAUCO,2019,TRUE,three_year_total,2019,TRUE,TRUE,13,,,,0,0,,0,0,0.0,100.0,0.0,0.0,,,,,,,,,0,0,0,0,,0,0,0,0,0,0,0,0,,0,0,0,0,0,0,0,0,,0,0,0,0,,0,0,0,,,0,0,0,0,0,0
49500,YAUCO,2020,TRUE,three_year_total,"2019,2020",TRUE,TRUE,17,,,,0,0,,0,0,0.0,100.0,0.0,0.0,,,,,,,,,0,0,0,0,,0,,0,0,0,0,0,0,,0,0,0,0,0,0,,0,,0,0,0,0,,,0,0,,,0,,0,0,0,0
49500,YAUCO,2021,TRUE,three_year_total,"2019,2020,2021",TRUE,TRUE,22,,,,,,,0,0,14.3,85.7,0.0,0.0,,,,,,,,,0,,0,0,,0,,,0,0,0,0,0,,0,0,0,0,0,0,,0,,0,0,0,0,,,,0,,,0,,0,0,0,0
49500,YAUCO,2022,TRUE,three_year_total,"2020,2021,2022",TRUE,TRUE,24,,,0,,,,,0,25.0,62.5,12.5,0.0,,,,,,,,,0,,,0,,0,,,0,0,0,0,0,,0,0,0,0,0,0,,0,,0,0,0,0,,,,0,0,,,,,0,0,0
49500,YAUCO,2023,TRUE,three_year_total,"2021,2022,2023",TRUE,TRUE,21,12,,,,,,,0,16.7,75.0,8.3,0.0,,,,,,12,12,,0,,,0,,,,,0,0,0,0,0,12,0,0,0,0,0,0,0,0,12,0,0,0,0,,,,0,,,,,,0,0,0
49620,YORK-HANOVER,2018,TRUE,three_year_total,2018,TRUE,TRUE,26,39,33,,,10,26,,0,25.6,66.7,7.7,0.0,,,,,,39,38,90,,,,,23,,,,,,0,0,,34,,0,0,0,0,,,0,,32,0,,0,23,,,,,18,,,,,0,0
49620,YORK-HANOVER,2019,TRUE,three_year_total,"2018,2019",TRUE,TRUE,22,79,66,,,26,48,,0,32.9,60.8,6.3,0.0,,,,,,78,78,213,,11,,10,38,,,11,,,,0,,66,,,0,,0,,,0,12,61,,,0,47,14,12,,11,32,23,,,,0,0
49620,YORK-HANOVER,2020,TRUE,single_year,2020,TRUE,TRUE,23,61,49,10,,25,32,,0,41.0,52.5,6.6,0.0,52000,39000,70000,135000,3.25,61,60,106,,,10,,22,,,,,,0,,,42,,,0,0,0,,10,0,,43,,,0,30,17,11,,,27,12,,,,0,0
49620,YORK-HANOVER,2021,TRUE,single_year,2021,TRUE,TRUE,18,64,48,11,,16,43,,0,25.0,67.2,7.8,0.0,51000,41000,77500,145000,3.125,63,64,166,,,,,39,,,,,0,0,0,0,49,,0,0,0,0,,,0,15,47,0,,0,29,16,17,,,21,16,14,,,0,0
49620,YORK-HANOVER,2022,TRUE,single_year,2022,TRUE,TRUE,15,72,50,15,,34,35,,0,47.2,48.6,4.2,0.0,59500,47500,74250,155000,5.063,72,72,179,0,16,15,,32,,0,16,14,,0,,0,49,14,0,0,0,0,,,0,,57,,,0,42,16,11,,12,27,16,,,,0,0
49620,YORK-HANOVER,2023,TRUE,three_year_total,"2021,2022,2023",TRUE,TRUE,7,183,137,33,13,75,98,10,0,41.0,53.6,5.5,0.0,,,,,,182,183,466,,34,30,16,85,16,,34,28,12,0,,0,127,28,0,0,0,0,,22,0,34,135,,12,0,103,38,35,,30,65,45,24,12,,0,0
49620,YORK-HANOVER,2024,TRUE,three_year_total,"2022,2023,2024",TRUE,TRUE,6,167,129,27,11,90,71,,0,53.9,42.5,3.6,0.0,,,,,,166,167,415,0,30,27,36,55,18,,30,24,33,0,,0,102,28,0,0,0,0,,30,0,32,112,,19,0,101,32,24,10,31,58,43,18,10,,0,0
49620,YORK-HANOVER,2025,TRUE,three_year_total,"2023,2024,2025",TRUE,TRUE,11,130,109,15,,79,45,,0,60.8,34.6,4.6,0.0,,,,,,128,130,345,,20,14,46,30,18,,20,12,44,0,,0,75,18,0,0,,0,,28,0,35,76,,17,0,80,22,19,,27,42,36,18,,,0,0
49660,YOUNGSTOWN-WARREN,2018,TRUE,three_year_total,2018,TRUE,TRUE,22,48,40,,,28,17,,0,58.3,35.4,6.2,0.0,,,,,,48,31,60,,,,,14,,17,,,0,0,0,17,39,,0,0,0,,0,,0,,39,,,0,25,,12,,11,15,,10,,,,0
49660,YOUNGSTOWN-WARREN,2019,TRUE,single_year,2019,TRUE,TRUE,17,58,51,,,40,17,,0,69.0,29.3,1.7,0.0,54000,40000,86500,125000,4.375,58,32,70,,10,,,12,,27,10,,,0,0,26,54,0,0,0,0,0,0,,0,0,55,0,,0,30,,16,,15,21,11,,,,,0
49660,YOUNGSTOWN-WARREN,2020,TRUE,single_year,2020,TRUE,TRUE,18,75,67,,,34,36,,0,45.3,48.0,6.7,0.0,55000,38000,79500,125000,3.25,75,54,72,,10,,,31,,19,10,,,0,0,19,60,,,0,0,0,0,11,0,,64,0,,0,37,17,15,,17,32,12,,,,,0
49660,YOUNGSTOWN-WARREN,2021,TRUE,single_year,2021,TRUE,TRUE,21,75,59,,,34,31,10,0,45.3,41.3,13.3,0.0,56000,40500,80000,135000,3.125,75,73,119,,24,,,26,,,23,,,0,0,,58,,,0,0,,0,,0,,64,0,10,0,51,,11,,18,29,11,,,,,0
49660,YOUNGSTOWN-WARREN,2022,TRUE,single_year,2022,TRUE,TRUE,17,97,77,10,10,60,35,,0,61.9,36.1,2.1,0.0,68000,44000,91000,155000,5.125,97,91,123,,39,15,,28,,,39,12,,,0,,77,,0,,0,0,,,0,,83,0,10,0,56,12,27,,20,38,16,13,,,,0
49660,YOUNGSTOWN-WARREN,2023,TRUE,single_year,2023,TRUE,TRUE,23,59,50,,,31,24,,0,52.5,40.7,6.8,0.0,65000,45000,94500,145000,6.624,59,57,74,,25,,,18,,,25,,,0,0,,45,,,0,0,0,,,0,,49,0,,0,32,13,11,,17,16,,,,,,0
49660,YOUNGSTOWN-WARREN,2024,TRUE,single_year,2024,TRUE,TRUE,19,66,58,,,45,18,,0,68.2,27.3,4.5,0.0,75000,51500,113000,170000,6.625,66,44,76,,,,13,,11,23,,,11,0,,22,54,,,0,0,0,0,,0,,54,0,,0,42,11,11,,17,22,14,,,,0,0
49660,YOUNGSTOWN-WARREN,2025,TRUE,single_year,2025,TRUE,TRUE,23,59,45,,,37,18,,0,62.7,30.5,6.8,0.0,75000,52000,121000,175000,6.625,59,38,61,,,,12,11,,21,,,11,0,0,21,48,,,,0,0,0,,0,,49,,,0,42,,,,27,17,,,,,0,0
49700,YUBA CITY,2018,TRUE,three_year_total,2018,TRUE,TRUE,29,16,10,,,,,,0,56.2,25.0,18.8,0.0,,,,,,16,15,21,,,,0,,,,,,0,0,0,,,,,0,0,0,0,,0,0,13,0,,0,,,,,,,,,,,0,0
49700,YUBA CITY,2019,TRUE,three_year_total,"2018,2019",TRUE,TRUE,27,28,20,,,16,,,0,57.1,32.1,10.7,0.0,,,,,,28,27,51,,,,,,,,,,0,0,0,,14,,,0,,0,0,,0,0,23,0,,0,13,,,,,12,,,,,0,0
49700,YUBA CITY,2020,TRUE,three_year_total,"2018,2019,2020",TRUE,TRUE,22,46,31,,,27,15,,0,58.7,32.6,8.7,0.0,,,,,,46,45,82,,14,12,,10,,,14,11,,0,0,,25,,10,0,,,0,,0,,35,,,0,23,11,10,,,18,10,,,,,0
49700,YUBA CITY,2021,TRUE,three_year_total,"2019,2020,2021",TRUE,TRUE,16,56,36,,11,32,23,,0,57.1,41.1,1.8,0.0,,,,,,56,56,112,0,20,12,,15,,0,20,11,,0,0,0,31,,10,0,,,0,11,0,,34,,12,0,32,14,,,,23,17,,,0,,0
49700,YUBA CITY,2022,TRUE,three_year_total,"2020,2021,2022",TRUE,TRUE,19,56,37,,10,29,24,,0,51.8,42.9,5.4,0.0,,,,,,56,56,107,,18,12,,17,,0,18,10,,0,0,0,32,,,,,,0,11,0,14,30,,11,0,36,11,,,,21,19,,,,,0
49700,YUBA CITY,2023,TRUE,three_year_total,"2021,2022,2023",TRUE,TRUE,19,52,37,,,24,26,,0,46.2,50.0,3.8,0.0,,,,,,52,52,89,,15,10,,18,,0,15,,,0,0,0,29,,,,,0,0,11,0,17,25,0,10,0,33,,,,,20,19,,,,0,0
49700,YUBA CITY,2024,TRUE,three_year_total,"2022,2023,2024",TRUE,TRUE,26,37,30,,,19,16,,0,51.4,43.2,5.4,0.0,,,,,,37,37,54,,,,,11,,,,,,0,0,,21,,,,,0,0,,0,14,20,0,,0,23,,,,,13,13,,,,0,0
49700,YUBA CITY,2025,TRUE,three_year_total,"2023,2024,2025",TRUE,TRUE,27,32,23,,,20,11,,0,62.5,34.4,3.1,0.0,,,,,,32,32,42,,,,,,,,,,,0,0,,16,,,0,,0,,,0,,21,0,,0,20,,,,,13,12,,,0,0,0
49740,YUMA,2018,TRUE,three_year_total,2018,TRUE,TRUE,23,,,,0,,,0,0,50.0,50.0,0.0,0.0,,,,,,,,,0,0,0,,,,,0,0,,0,,0,,0,0,0,0,0,0,0,0,,,0,,0,,,0,0,,0,0,0,,,0,0
49740,YUMA,2019,TRUE,three_year_total,"2018,2019",TRUE,TRUE,31,11,,,,,,,0,27.3,45.5,27.3,0.0,,,,,,10,11,13,0,,0,,,,,,0,,0,,0,,,0,0,0,0,0,,0,,,,,0,,,,,,,,,,,0,0
49740,YUMA,2020,TRUE,three_year_total,"2018,2019,2020",TRUE,TRUE,29,18,10,,,,10,,0,16.7,55.6,27.8,0.0,,,,,,17,18,19,0,,,,,,,,0,,0,,0,15,,0,0,0,0,0,,0,,,,,0,,,,,,,,,,,0,0
49740,YUMA,2021,TRUE,three_year_total,"2019,2020,2021",TRUE,TRUE,25,21,11,,,,13,,0,14.3,61.9,23.8,0.0,,,,,,20,21,21,0,,,,,,,,,0,0,0,0,18,,0,0,0,0,0,,0,10,,,,0,10,,,,0,,,,,,0,0
49740,YUMA,2022,TRUE,three_year_total,"2020,2021,2022",TRUE,TRUE,26,18,11,,,,13,,0,16.7,72.2,11.1,0.0,,,,,,18,18,27,,,,,,,0,,,0,0,,0,17,0,0,0,0,0,0,,0,11,,,,0,,,,,0,,,,,,0,0
49740,YUMA,2023,TRUE,three_year_total,"2021,2022,2023",TRUE,TRUE,26,17,12,,0,,10,,0,35.3,58.8,5.9,0.0,,,,,,16,17,29,,,,,,,0,,,0,0,,0,13,0,0,0,0,0,0,,0,10,,,,0,,,,,0,,,,,,0,
49740,YUMA,2024,TRUE,three_year_total,"2022,2023,2024",TRUE,TRUE,25,14,12,,0,,,,0,42.9,50.0,7.1,0.0,,,,,,13,14,32,,,,,,,0,,0,0,0,,0,10,0,0,0,0,0,0,,0,,,0,,0,,,,,0,,,,,0,0,
49740,YUMA,2025,TRUE,three_year_total,"2023,2024,2025",TRUE,TRUE,25,20,16,,,11,,,0,55.0,35.0,10.0,0.0,,,,,,19,20,31,0,,,,,,0,,0,,0,0,0,14,0,,0,0,0,0,,0,11,,0,,0,,,,,,,,,,0,0,
99999,N/A OR OUTSIDE MSA/MD,2018,FALSE,single_year,2018,TRUE,TRUE,4,3050,2612,278,160,1898,954,194,,62.2,31.3,6.4,0.1,62000,44000,92000,145000,4.857,3004,2628,5377,60,951,358,159,664,350,568,929,314,113,13,35,494,2599,81,43,27,,,45,241,0,156,2569,41,283,,1156,595,1125,174,259,937,646,535,379,216,65,13
99999,N/A OR OUTSIDE MSA/MD,2019,FALSE,single_year,2019,TRUE,TRUE,4,3345,2836,340,169,2124,981,239,,63.5,29.3,7.1,0.0,64000,45000,96000,155000,4.375,3303,2773,5850,143,939,402,234,729,335,706,925,357,163,10,42,627,2877,79,42,31,,,49,260,0,193,2827,46,278,,1371,641,1184,149,311,960,671,593,472,255,71,12
99999,N/A OR OUTSIDE MSA/MD,2020,FALSE,single_year,2020,TRUE,TRUE,3,3599,3048,386,165,2365,972,257,,65.7,27.0,7.1,0.1,67000,47000,103000,175000,3.375,3533,2978,6119,89,1044,447,236,781,282,809,1027,392,154,20,27,745,2986,121,60,34,,,52,339,0,229,2946,47,377,0,1449,717,1269,164,343,1119,781,576,450,233,75,22
99999,N/A OR OUTSIDE MSA/MD,2021,FALSE,single_year,2021,TRUE,TRUE,2,4817,4048,543,226,3129,1386,293,,65.0,28.8,6.1,0.2,68000,47000,101000,185000,3.25,4756,4246,8888,157,1631,673,237,1119,354,803,1604,617,144,14,47,703,3891,145,92,34,10,,85,556,0,366,3808,66,577,0,1872,1087,1561,297,526,1391,1130,757,597,310,86,20
99999,N/A OR OUTSIDE MSA/MD,2022,FALSE,single_year,2022,TRUE,TRUE,4,4355,3705,459,191,2896,1165,292,,66.5,26.8,6.7,0.0,75000,52000,113000,205000,5,4296,3832,8547,131,1509,596,261,903,348,738,1479,535,166,17,59,640,3533,136,63,50,,,77,482,0,339,3443,68,504,,1686,895,1535,239,494,1296,998,669,502,291,88,17
99999,N/A OR OUTSIDE MSA/MD,2023,FALSE,single_year,2023,TRUE,TRUE,3,3720,3218,357,145,2621,854,244,,70.5,23.0,6.6,0.0,85000,59000,129000,215000,6.8,3661,3111,6413,108,1225,456,272,614,303,850,1199,395,200,13,29,785,3019,125,63,25,,10,63,406,0,318,2942,54,405,,1388,686,1445,201,413,1069,806,565,452,289,101,25
99999,N/A OR OUTSIDE MSA/MD,2024,FALSE,single_year,2024,TRUE,TRUE,4,4096,3525,390,181,3100,785,210,,75.7,19.2,5.1,0.0,88000,61000,134000,225000,6.875,4040,3414,6756,123,1130,401,710,541,308,1006,1110,352,635,15,71,917,3329,160,70,50,,,58,419,0,335,3220,63,476,,1617,824,1437,218,525,1180,875,601,471,303,113,28
99999,N/A OR OUTSIDE MSA/MD,2025,FALSE,single_year,2025,TRUE,TRUE,4,4236,3661,378,197,3157,805,273,,74.5,19.0,6.4,0.0,94000,65000,143000,255000,6.75,4170,3493,7116,146,1274,382,585,571,346,1078,1242,335,510,13,66,991,3402,144,61,54,,,76,489,0,352,3303,70,509,,1593,740,1666,237,498,1153,939,664,517,314,125,26
